<?xml version="1.0"?>
<DOC>
  <TITLE TRANSLATED="YES">
L'oxygène ambulatoire pour les personnes souffrant de bronchopneumopathie chronique obstructive qui ne sont pas hypoxémiques au repos 
</TITLE>
  <SUMMARY TRANSLATED="YES">
    <SUMMARY_TITLE>
L'oxygène portatif pour le traitement de la maladie pulmonaire obstructive chronique 
</SUMMARY_TITLE>
    <SUMMARY_BODY>
<P> 
<B> 
Contexte
</B> 
<BR/>
Certaines personnes atteintes de maladie pulmonaire obstructive chronique (MPOC) présentent de faibles niveaux d'oxygène dans le sang lorsqu'ils sont au repos ou en mouvement. De faibles niveaux d'oxygène sont connus sous le nom d'hypoxémie. Ces patients peuvent porter sur eux une source d'oxygène (de l'oxygène dans de petites bouteilles, un système portatif d'oxygène liquide ou un concentrateur d'oxygène alimenté par piles), de sorte qu'ils puissent prendre de l'oxygène afin de faciliter l'accomplissement de tâches simples telles que s'habiller, sortir, s'occuper de tâches ménagères ou même se déplacer dans la maison, et pour les aider à respirer. Ces dispositifs d'oxygène portatifs sont appelés « oxygène ambulatoire ». 
</P> 
<P>
<B> 
Question de la revue
</B> 
<BR/>
Nous avons réalisé cette revue pour déterminer les bénéfices à long terme de l'oxygénothérapie ambulatoire pour les personnes qui ne sont pas gravement hypoxémiques au repos. 
</P> 
<P>
<B> 
Caractéristiques des études
</B> 
<BR/>
Nous avons examiné les essais contrôlés randomisés qui comparaient l'oxygène ambulatoire par rapport à un placebo (air normal). Nous avons trouvé quatre études portant sur 331 personnes dont l'âge moyen était de 71 ans. Deux des études incluses ont été réalisées en Australie, une en Nouvelle Zélande et la dernière au Canada. La méthode d'administration et la dose d'oxygène étaient variables, bien que l'équipement dans tous les cas se composait de bouteilles légères ou portatives au débit allant de 3 l/min à 6 l/min. La durée rapportée du suivi final était de 12 semaines dans trois études et de deux semaines dans l'étude de Nonoyama.
</P> 
<P>
<B> 
Résultats principaux
</B> 
<BR/>
Nous avons constaté que l'oxygénothérapie ambulatoire réduisait l'essoufflement et diminuait le nombre de patients qui se sentaient fatigués. Cependant, la distance que les patients étaient capables de marcher en cinq à six minutes ainsi que la survie (taux de décès) n'ont pas changé. 
</P> 
<P>
<B> 
Qualité des preuves
</B> 
<BR/>
</P> 
<P> 
La qualité globale des preuves issues des études dans cette revue était faible. La façon dont les études ont été réalisées (méthodes) n'était pas entièrement rapportée. Il manquait à la plupart des études le plan d'étude prépublié (protocole). 
<BR/>
</P> 
<P>
<B> 
Bilan
</B> 
<BR/>
Sur la base de cette revue, il n'est pas possible de déterminer si l'oxygénothérapie ambulatoire doit être administrée pendant l'exercice ou lors des activités quotidiennes chez les patients atteints de MPOC qui ne sont pas gravement hypoxémiques au repos. 
<BR/>
</P> 
<P> 
Ce résumé Cochrane en langue simplifiée est à jour en novembre 2012. 
</P> 
</SUMMARY_BODY>
  </SUMMARY>
  <ABSTRACT TRANSLATED="YES">
    <ABS_BACKGROUND>
<P> 
Les patients atteints de bronchopneumopathie chronique obstructive (BPCO) souffrent fréquemment d'hypoxémie transitoire (faible taux d'oxygène dans le sang) à l'exercice, nécessitant une oxygénothérapie afin d'améliorer l'essoufflement et la capacité d'exercice et réduire l'incapacité. L'oxygénothérapie ambulatoire fait référence à la fourniture d'oxygénothérapie pendant l'exercice et les activités de la vie quotidienne. L'oxygénothérapie ambulatoire est souvent utilisée par les patients sous oxygénothérapie de long terme (OTLD) pendant l'exercice ou par des usagers non-OTLD avec ou sans hypoxémie de repos lorsqu'ils montrent des signes de désaturation à l'effort et démontrent une amélioration de la capacité d'exercice avec de l'oxygène d'appoint. 
</P> 
</ABS_BACKGROUND>
    <ABS_OBJECTIVES>
<P> 
Déterminer l'efficacité à plus long terme de l'oxygénothérapie ambulatoire uniquement chez les patients atteints de BPCO qui ne remplissent pas les critères pour l'OTLD, en ce qui concerne l'amélioration de la capacité d'exercice, la mortalité, la qualité de vie et d'autres mesures pertinentes d'amélioration. 
</P> 
</ABS_OBJECTIVES>
    <ABS_SEARCH_STRATEGY>
<P> 
Le registre spécialisé du groupe Cochrane sur les voies respiratoires, y compris MEDLINE, EMBASE et CINAHL, a été consulté. Des registres d'essais cliniques en ligne, y compris Controlled Clinical Trials (www.controlled-trials.com), des registres gouvernementaux (clinicaltrials.gov) et de l'Organisation mondiale de la Santé (OMS) (www.who.int/trialsearch), ont été examinés pour des études en cours ou récemment terminées. Les bibliographies des études incluses ont été consultées pour rechercher d'autres essais remplissant potentiellement les critères d'inclusion et qui n'auraient pas été retrouvés par la stratégie de recherche documentaire décrite ci-dessus. Les auteurs des essais identifiés ont été contactés afin d'obtenir d'autres études publiées et non publiées. Les recherches étaient à jour en novembre 2012. 
</P> 
</ABS_SEARCH_STRATEGY>
    <ABS_SELECTION_CRITERIA>
<P> 
Essais contrôlés randomisés (ECR) comparant l'oxygénothérapie ambulatoire administrée par des bouteilles d'oxygène portatives, des dispositifs alimentés par piles ou des bidons d'oxygène liquide par rapport à des bouteilles d'air placebo, les soins médicaux habituels ou une co-intervention chez des participants atteints de BPCO qui n'étaient pas éligibles pour l'OTLD. 
</P> 
</ABS_SELECTION_CRITERIA>
    <ABS_DATA_COLLECTION>
<P> 
Nous avons utilisé les méthodes standard prévues par la Collaboration Cochrane. 
</P> 
</ABS_DATA_COLLECTION>
    <ABS_RESULTS>
<P> 
Quatre études remplissaient les critères d'inclusion (331 participants), dont deux ont démontré un avantage statistiquement et cliniquement significatif en faveur de l'intervention pour la dyspnée après l'exercice. Dans le domaine de la qualité de vie, pour les quatre études incluses, un bénéfice statistiquement significatif a été détecté pour les sous-catégories de la dyspnée et de la fatigue, en faveur du groupe sous oxygène (dyspnée : différence moyenne (DM) 0,28, intervalle de confiance (IC) à 95 % de 0,10 à 0,45 ; P = 0,002 ; fatigue : DM 0,17, IC à 95 % de 0,04 à 0,31 ; P = 0,009). Aucune preuve d'un quelconque effet n'a été rapportée pour la survie, et des bénéfices limités ont été observés pour la capacité d'exercice (telle que mesurée par l'épreuve du marchepied et le test de distance de marche), une étude montrant une amélioration statistiquement significative dans le nombre de pas pris dans le groupe sous oxygène pour les études de groupes N = 1 uniquement. Aucun autre bénéfice statistiquement significatif n'a été observé pour la capacité d'exercice dans les autres essais ou études N = 1 individuelles. 
</P> 
</ABS_RESULTS>
    <ABS_CONCLUSIONS>
<P> 
Chez les patients atteints de BPCO avec une hypoxie modérée, les preuves actuelles sur l'oxygénothérapie ambulatoire démontrent des améliorations dans la dyspnée après l'exercice et dans le domaine de la dyspnée et de la fatigue de la qualité de vie. Cependant, des preuves n'ont pas été mises en évidence dans cette revue concernant l'utilité clinique et l'efficacité de l'oxygène ambulatoire dans l'amélioration de la mortalité et de la capacité d'exercice. Des ECR méthodologiquement rigoureux avec une puissance statistique suffisante pour détecter une différence sont nécessaires pour examiner le rôle de l'oxygène ambulatoire dans la prise en charge de la BPCO. 
</P> 
</ABS_CONCLUSIONS>
  </ABSTRACT>
</DOC>
