<?xml version="1.0"?>
<DOC>
  <TITLE TRANSLATED="YES">
Antibiotiques pour la sinusite maxillaire aiguë chez l'adulte 
</TITLE>
  <SUMMARY TRANSLATED="YES">
    <SUMMARY_TITLE>
Les antibiotiques pour le traitement de la sinusite maxillaire aiguë 
</SUMMARY_TITLE>
    <SUMMARY_BODY>
<P> 
La sinusite constitue l'un des motifs de consultation médicale les plus courants et environ 20 millions de cas de sinusite aiguë se produisent tous les ans aux seuls États-Unis. Il existe quatre paires de sinus liés aux structures osseuses autour du nez : les sinus maxillaires, frontaux, ethmoïdaux et sphénoïdaux. Dans la sinusite, ces cavités aérées tapissées d'une membrane s'infectent, provoquant ainsi des douleurs et des écoulements nasaux. Les options de traitement comprennent des décongestionnants, des stéroïdes sous forme de gouttes ou de pulvérisateur, des agents permettant l'élimination des mucosités (mucolytiques), des antihistaminiques et des antibiotiques, et parfois la ponction et le lavage des sinus pour en retirer les sécrétions purulentes. 
</P> 
<P> 
Dans la plupart des cas, la sinusite accompagne les infections virales pour lesquelles les antibiotiques sont inefficaces, mais ils pourraient être bénéfiques dans les rares cas présentant également une infection bactérienne (un ou deux patients sur 100 avec des symptômes des sinus). Il est malheureusement difficile de savoir si l'infection est d'origine bactérienne ou non, et il est important d'éviter l'utilisation inutile d'antibiotiques afin de limiter le risque d'antibiorésistance. 
</P> 
<P> 
Cette revue mise à jour a recueilli des données de 63 études distinctes ayant utilisé une variété d'antibiotiques pour l'infection des sinus maxillaires simple, c.-à-d. une sinusite aiguë non compliquée chez une personne avec un système immunitaire en bonne santé. Neuf de ces études comparaient les antibiotiques à un placebo (1 915 participants ; sept des études menées en soins primaires), et 54 études comparaient différentes classes d'antibiotiques. Cinq des neuf études contrôlées par placebo portant sur 1 058 participants ont constaté que la plupart des participants allaient mieux dans un délai de deux semaines, qu'ils aient reçu l'antibiotique ou non (environ 9 sur 10 participants dans les groupes d'antibiotiques et 8 sur 10 dans les groupes sous placebo). Bien que les cinq études sur ce critère de jugement principal aient toutes été évaluées comme présentant un faible risque de biais, dans l'ensemble les preuves ont été évaluées seulement comme étant de qualité modérée (il est possible qu'une nouvelle étude à grande échelle puisse modifier l'estimation). Dans les 54 autres études comparant différents antibiotiques (10 comparaisons différentes), aucun antibiotique ne s'est avéré supérieur à un autre. Les preuves sont à jour en mars 2013. 
</P> 
<P> 
Le léger avantage que procuraient les antibiotiques peut être annulé par les effets négatifs des médicaments. En plus des effets indésirables relatifs au patient (tels que les éruptions cutanées et les troubles gastro-intestinaux comme la diarrhée, les douleurs abdominales et les vomissements), les effets secondaires comprennent le risque de résistance accrue aux antibiotiques des agents pathogènes (bactéries) communautaires. 
</P> 
<P> 
Selon cette revue, les antibiotiques permettent une légère amélioration chez certaines personnes, mais n'apportent aucune différence majeure pour la plupart des patients souffrant d'une sinusite maxillaire aiguë traités en soins primaires. 
</P> 
</SUMMARY_BODY>
  </SUMMARY>
  <ABSTRACT TRANSLATED="YES">
    <ABS_BACKGROUND>
<P> 
La sinusite constitue l'un des diagnostics les plus fréquents chez les adultes en soins ambulatoires, représentant 15 % à 21 % des prescriptions d'antibiotiques pour les patients adultes en ambulatoire. Cependant, le rôle des antibiotiques dans le traitement de la sinusite est controversé. 
</P> 
</ABS_BACKGROUND>
    <ABS_OBJECTIVES>
<P> 
Évaluer les effets des antibiotiques chez les adultes atteints de sinusite maxillaire aiguë en comparant les antibiotiques à un placebo, les antibiotiques de différentes classes et les effets secondaires des différents traitements. 
</P> 
</ABS_OBJECTIVES>
    <ABS_SEARCH_STRATEGY>
<P> 
Nous avons effectué des recherches dans CENTRAL 2013, numéro 2, MEDLINE (de 1946 à la 3ème semaine de mars 2013), EMBASE (de 1974 à mars 2013), SIGLE (OpenSIGLE, plus tard OpenGrey (accès le 15 janvier 2013)), les références bibliographiques des essais identifiés et les revues systématiques sur des études contrôlées par placebo. Nous avons également recherché des essais en cours via ClinicalTrials.gov et le système d'enregistrement international des essais cliniques (ICTRP) de l'OMS. Nous n'avons imposé aucune restriction concernant la langue ou la publication. 
</P> 
</ABS_SEARCH_STRATEGY>
    <ABS_SELECTION_CRITERIA>
<P> 
Essais contrôlés randomisés (ECR) comparant des antibiotiques à un placebo, ou des antibiotiques de différentes classes, pour la sinusite maxillaire aiguë chez l'adulte. Nous avons inclus les essais portant sur des patients souffrant d'une sinusite aiguë diagnostiquée cliniquement, confirmée ou non par imagerie médicale ou culture bactérienne. 
</P> 
</ABS_SELECTION_CRITERIA>
    <ABS_DATA_COLLECTION>
<P> 
Deux auteurs de la revue ont indépendamment passé au crible les résultats de recherche, extrait les données et évalué la qualité des essais. Les risques relatifs (RR) ont été calculés pour les différences entre les groupes d'intervention et témoin dans l'échec ou non du traitement. Toutes les mesures sont présentées avec des intervalles de confiance (IC) à 95 %. Nous avons effectué les méta-analyses en utilisant le modèle à effets fixes ou à effets aléatoires. Dans les méta-analyses des études contrôlées par placebo, nous avons combiné les données de plusieurs classes d'antibiotiques. Les critères de jugement principaux étaient les taux d'échec clinique entre 7 et 15 jours de suivi et entre 16 et 60 jours de suivi. Nous avons utilisé GRADEpro pour évaluer la qualité des preuves. 
</P> 
</ABS_DATA_COLLECTION>
    <ABS_RESULTS>
<P> 
Nous avons inclus 63 études dans cette revue mise à jour ; neuf études contrôlées par placebo portant sur 1 915 participants (sept études clairement réalisées dans des environnements de soins primaires) et 54 études comparant différentes classes d'antibiotiques (10 comparaisons différentes). Cinq études à faible risque de biais comparant la pénicilline ou l'amoxicilline à un placebo ont fourni des informations sur le principal critère de jugement, le taux d'échec clinique au bout de 7 à 15 jours de suivi, défini comme l'absence de guérison complète ou d'amélioration, pour les participants présentant des symptômes d'une durée d'au moins sept jours. Dans ces études, les antibiotiques réduisaient le risque d'échec clinique (RR combiné de 0,66, IC à 95 % 0,47 à 0,94, 1 084 participants randomisés, 1 058 évalués, preuves de qualité modérée). Toutefois, l'avantage clinique était faible. Les taux de guérison ou d'amélioration étaient élevés tant dans les groupes sous placebo (86 %) que les groupes sous antibiotiques (91 %) dans ces cinq études. Lorsque l'échec clinique était défini comme l'absence de guérison complète (n = cinq études), les résultats étaient similaires : les antibiotiques réduisaient le risque d'échec (RR combiné de 0,73, IC à 95 % 0,63 à 0,85, preuves de haute qualité) au bout de 7 à 15 jours de suivi. 
</P> 
<P> 
Les effets indésirables dans sept des neuf études contrôlées par placebo (comparant la pénicilline, l'amoxicilline, l'azithromycine ou la moxicilline à un placebo) ont été plus fréquents dans les groupes sous antibiotique que dans les groupes sous placebo (médiane de différence entre les groupes de 10,5 %, fourchette de 2 % à 23 %). Cependant, les sorties d'étude en raison d'effets indésirables étaient rares dans les deux groupes : 1,5 % dans les groupes d'antibiotiques et 1 % dans les groupes de contrôle. 
</P> 
<P> 
Dans les 10 comparaisons en face à face, aucune des préparations antibiotiques n'était supérieure à une autre. Cependant, le groupe sous amoxicilline-clavulanate avait significativement plus de sorties d'étude en raison d'effets indésirables que les groupes traités par les céphalosporines et les macrolides. 
</P> 
</ABS_RESULTS>
    <ABS_CONCLUSIONS>
<P> 
Des preuves modérées indiquent que les antibiotiques procurent un léger avantage pour les résultats cliniques chez les patients immunocompétents, en milieu de soins primaires, souffrant d'une sinusite aiguë sans complications. Cependant, environ 80 % des participants traités sans antibiotiques allaient mieux dans un délai de deux semaines. Les cliniciens doivent mettre en balance les faibles bénéfices du traitement antibiotique avec les effets indésirables potentiels sur le plan individuel et au niveau de la population générale. 
</P> 
</ABS_CONCLUSIONS>
  </ABSTRACT>
</DOC>
