<?xml version="1.0"?>
<DOC>
  <TITLE TRANSLATED="NO">Discharge planning from hospital to home</TITLE>
  <SUMMARY>
    <SUMMARY_TITLE>Discharge planning from hospital to home</SUMMARY_TITLE>
    <SUMMARY_BODY>
<P>Discharge planning is the development of an individualised discharge plan for the patient prior to leaving hospital, with the aim of containing costs and improving patient outcomes. Discharge planning should ensure that patients are discharged from hospital at an appropriate time in their care and that, with adequate notice, the provision of other services will be organised.</P>
<P>A review of the effects of different discharge plans was conducted. After searching for relevant studies, 21 studies were found which compared discharge plans tailored to the individual patients with routine discharge care that was not individualised.</P>
<P>This review indicates that a structured discharge plan tailored to the individual patient probably brings about a small reduction in hospital length of stay and readmission rates, and an increase in patient satisfaction. The impact on health outcomes is uncertain.</P>
</SUMMARY_BODY>
  </SUMMARY>
  <ABSTRACT>
    <ABS_BACKGROUND>
<P>Discharge planning is a routine feature of health systems in many countries. The aim of discharge planning is to reduce hospital length of stay and unplanned readmission to hospital, and improve the co-ordination of services following discharge from hospital.</P>
</ABS_BACKGROUND>
    <ABS_OBJECTIVES>
<P>To determine the effectiveness of planning the discharge of patients moving from hospital.</P>
</ABS_OBJECTIVES>
    <ABS_SEARCH_STRATEGY>
<P>We updated the review using the Cochrane EPOC Group Trials Register, MEDLINE, EMBASE and the Social Science Citation Index (last searched in March 2009).</P>
</ABS_SEARCH_STRATEGY>
    <ABS_SELECTION_CRITERIA>
<P>Randomised controlled trials (RCTs) that compared an individualised discharge plan with routine discharge care that was not tailored to the individual patient. Participants were hospital inpatients.</P>
</ABS_SELECTION_CRITERIA>
    <ABS_DATA_COLLECTION>
<P>Two authors independently undertook data analysis and quality assessment using a predesigned data extraction sheet. Studies are grouped according to patient group (elderly medical patients, surgical patients and those with a mix of conditions) and by outcome.</P>
</ABS_DATA_COLLECTION>
    <ABS_RESULTS>
<P>Twenty-one RCTs (7234 patients) are included; ten of these were identified in this update. Fourteen trials recruited patients with a medical condition (4509 patients), four recruited patients with a mix of medical and surgical conditions (2225 patients), one recruited patients from a psychiatric hospital (343 patients), one from both a psychiatric hospital and from a general hospital (97 patients), and the final trial recruited patients admitted to hospital following a fall (60 patients). Hospital length of stay and readmissions to hospital were significantly reduced for patients allocated to discharge planning (mean difference length of stay -0.91, 95% CI -1.55 to -0.27, 10 trials; readmission rates RR 0.85, 95% CI 0.74 to 0.97, 11 trials). For elderly patients with a medical condition (usually heart failure) there was insufficient evidence for a difference in mortality (RR 1.04, 95% CI 0.74 to 1.46, four trials) or being discharged from hospital to home (RR 1.03, 95% CI 0.93 to 1.14, two trials). This was also the case for trials recruiting patients recovering from surgery and a mix of medical and surgical conditions. In three trials patients allocated to discharge planning reported increased satisfaction. There was little evidence on overall healthcare costs.</P>
</ABS_RESULTS>
    <ABS_CONCLUSIONS>
<P>The evidence suggests that a structured discharge plan tailored to the individual patient probably brings about small reductions in hospital length of stay and readmission rates for older people admitted to hospital with a medical condition. The impact of discharge planning on mortality, health outcomes and cost remains uncertain.</P>
</ABS_CONCLUSIONS>
  </ABSTRACT>
</DOC>
