<?xml version="1.0"?>
<DOC>
  <TITLE TRANSLATED="NO">Hospitalisation and bed rest for multiple pregnancy</TITLE>
  <SUMMARY>
    <SUMMARY_TITLE>Hospitalisation and bed rest for multiple pregnancy</SUMMARY_TITLE>
    <SUMMARY_BODY>
<P>We found no strong evidence that bed rest in hospital for women with a multiple pregnancy decreases the risk of a preterm birth. Multiple pregnancies have a higher risk of preterm (early) birth and poor growth of the babies than a single pregnancy. Bed rest during the latter half of pregnancy has been widely used as a policy for women carrying more than one baby. This was to reduce the risk of preterm birth and restricted fetal growth and to improve the health of both the mother and her babies. We identified seven controlled trials involving 713 women who were randomly offered bed rest in hospital or only admitted to hospital if complications occurred, and 1452 babies. In five of the trials the women were carrying twins, triplets in the other two trials.</P>
<P>Bed rest did not show benefits for women with an uncomplicated twin pregnancy. Overall, routine bed rest in hospital for multiple pregnancies did not reduce the risk of preterm birth or perinatal deaths. There was a suggestion of a decrease in the number of low birthweight infants (less than 2500 g) when women were routinely hospitalised. Only one trial provided information about what women thought about their care in the routinely hospitalised group. While a small number appreciated admission, a number found it psychologically distressing. Four of the seven trials were conducted in Harare, Zimbabwe.</P>
<P>The review of trials found routine bed rest in hospital did not decrease the risk of a preterm birth, but may improve growth of the infants. Benefits of bed rest in hospital for women with triplets were seen but these could equally have been due to chance.</P>
</SUMMARY_BODY>
  </SUMMARY>
  <ABSTRACT>
    <ABS_BACKGROUND>
<P>Bed rest used to be widely advised for women with a multiple pregnancy.</P>
</ABS_BACKGROUND>
    <ABS_OBJECTIVES>
<P>The objective was to assess the effect of bed rest in hospital for women with a multiple pregnancy for prevention of preterm birth and other fetal, neonatal and maternal outcomes.</P>
</ABS_OBJECTIVES>
    <ABS_SEARCH_STRATEGY>
<P>We searched the Cochrane Pregnancy and Childbirth Group's Trials Register (May 2010).</P>
</ABS_SEARCH_STRATEGY>
    <ABS_SELECTION_CRITERIA>
<P>Randomised trials which compare outcomes in women with a multiple pregnancy and their babies who were offered bed rest in hospital with women only admitted to hospital if complications occurred.</P>
</ABS_SELECTION_CRITERIA>
    <ABS_DATA_COLLECTION>
<P>The review authors carried out assessment for inclusion and risk of bias of the trials. We extracted and double entered data, and used a random-effects model. </P>
</ABS_DATA_COLLECTION>
    <ABS_RESULTS>
<P>We included seven trials which involved 713 women and 1452 babies. Routine bed rest in hospital for multiple pregnancy did not reduce the risk of preterm birth, or perinatal mortality. There was substantial heterogeneity related to perinatal death and stillbirth unaccounted for by trial quality. There was a suggestion of a decreased number of low birthweight infants (less than 2500 g) born to women in the routinely hospitalised group (risk ratio (RR) 0.92; 95% confidence interval (CI) 0.85 to 1.00). No differences were seen in the number of very low birthweight infants (less than 1500 g). No support for the policy was found for other neonatal outcomes. No information is available on developmental outcomes for infants in any of the trials.</P>
<P>For the secondary maternal outcomes reported of developing hypertension and caesarean delivery, no differences were seen. Women's views about the care they received were reported rarely.</P>
<P>In the subgroup analyses for women with an uncomplicated twin pregnancy, with cervical dilation prior to labour with a twin pregnancy and with a triplet pregnancy, no differences were seen in any primary and secondary neonatal outcomes and maternal outcomes.</P>
</ABS_RESULTS>
    <ABS_CONCLUSIONS>
<P>There is currently not enough evidence to support a policy of routine hospitalisation for bed rest in multiple pregnancy. No reduction in the risk of preterm birth or perinatal death is evident, although there is a suggestion that fetal growth may be improved. For women with an uncomplicated twin pregnancy the results of this review show no benefit from routine hospitalisation for bed rest. Until further evidence is available, the policy cannot be recommended for routine clinical practice.</P>
</ABS_CONCLUSIONS>
  </ABSTRACT>
</DOC>
