<?xml version="1.0"?>
<DOC>
  <TITLE TRANSLATED="NO">Holding chambers (spacers) versus nebulisers for beta-agonist treatment of acute asthma</TITLE>
  <SUMMARY>
    <SUMMARY_TITLE>Holding chambers (spacers) versus nebulisers for beta-agonist treatment of acute asthma</SUMMARY_TITLE>
    <SUMMARY_BODY>
<P>In acute asthma attacks higher doses of inhaled β2-agonists (reliever inhalers) are used to overcome the narrowing of the passages in the lungs. The medication can be given by wet nebulisation or from an inhaler with a spacer device (holding chamber). This review now includes in-patient studies, as well as those in casualty and community setting, comparing these two delivery methods in acute asthma attacks. In adults, no important differences were found between the two methods, whilst in children those randomised to wet nebulisation spent longer in casualty. Metered-dose inhalers with a spacer can perform at least as well as wet nebulisation in delivering β2-agonists in acute asthma. </P>
</SUMMARY_BODY>
  </SUMMARY>
  <ABSTRACT>
    <ABS_BACKGROUND>
<P>In acute asthma inhaled β2-agonists are often administered to relieve bronchospasm by wet nebulisation, but some have argued that metered-dose inhalers with a holding chamber (spacer) can be equally effective. Nebulisers require a power source and need regular maintenance, and are more expensive in the community setting. </P>
</ABS_BACKGROUND>
    <ABS_OBJECTIVES>
<P>To assess the effects of holding chambers (spacers) compared to nebulisers for the delivery of ß2-agonists for acute asthma.</P>
</ABS_OBJECTIVES>
    <ABS_SEARCH_STRATEGY>
<P>We searched the Cochrane Airways Group Trial Register and reference lists of articles. We contacted the authors of studies to identify additional trials. Date of last search: January 2008.</P>
</ABS_SEARCH_STRATEGY>
    <ABS_SELECTION_CRITERIA>
<P>Randomised trials in adults and children (from two years of age) with asthma, where spacer ß2-agonist delivery was compared with wet nebulisation.</P>
</ABS_SELECTION_CRITERIA>
    <ABS_DATA_COLLECTION>
<P>Two reviewers independently applied study inclusion criteria (one reviewer for the first version of the review), extracted the data and assessed trial quality. Missing data were obtained from the authors or estimated. Results are reported with 95% confidence intervals (CI). </P>
</ABS_DATA_COLLECTION>
    <ABS_RESULTS>
<P>This review has been updated in January 2008 and two new trials have been added. 2295 children and 614 adults are now included in 27 trials from emergency room and community settings. In addition, six trials on in-patients with acute asthma (213 children and 28 adults) have been reviewed. Method of delivery of ß2-agonist did not appear to affect hospital admission rates. In adults, the relative risk of admission for spacer versus nebuliser was 0.97 (95% CI 0.63 to 1.49). The relative risk for children was 0.72 (95% CI: 0.47 to 1.09). In children, length of stay in the emergency department was significantly shorter when the spacer was used, with a mean difference of -0.53 hours (95% CI: -0.62 to -0.44 hours). Length of stay in the emergency department for adults was similar for the two delivery methods. Peak flow and forced expiratory volume were also similar for the two delivery methods. Pulse rate was lower for spacer in children, mean difference -6.27% baseline (95% CI: -8.29 to -4.25% baseline).</P>
</ABS_RESULTS>
    <ABS_CONCLUSIONS>
<P>Metered-dose inhalers with spacer produced outcomes that were at least equivalent to nebuliser delivery. Spacers may have some advantages compared to nebulisers for children with acute asthma.</P>
</ABS_CONCLUSIONS>
  </ABSTRACT>
</DOC>
