<?xml version="1.0"?>
<DOC>
  <TITLE TRANSLATED="NO">Cognitive behaviour therapy for schizophrenia</TITLE>
  <SUMMARY>
    <SUMMARY_TITLE>Cognitive behaviour therapy versus other psychosocial treatments for schizophrenia</SUMMARY_TITLE>
    <SUMMARY_BODY>
<P>Today, the standard packages of care for people with schizophrenia include treatment with antipsychotic drugs and various forms of therapy. Cognitive behaviour therapy is a talking therapy that encourages people to think about what may be causing their distressing beliefs. People are taught to make links between their feelings and thought patterns and develop strategies to challenge unreasonable thought patterns which drive behaviour. Although CBT was first reported as possible therapy for people with schizophrenia in 1952, it was not recommended as a routine treatment until 2009. This review looked at all randomised controlled trials comparing CBT with other psychosocial therapies. The authors found 20 trials but the data within these trials showed that for people with schizophrenia there was no real advantage or disadvantage in receiving CBT as an additional treatment to antipsychotics compared to other psychosocial therapies. More coherent research is needed.</P>
</SUMMARY_BODY>
  </SUMMARY>
  <ABSTRACT>
    <ABS_BACKGROUND>
<P>Cognitive behavioural therapy (CBT) is now a recommended treatment for people with schizophrenia. This approach helps to link the person's feelings and patterns of thinking which underpin distress.</P>
</ABS_BACKGROUND>
    <ABS_OBJECTIVES>
<P>To review the effects of CBT for people with schizophrenia when compared to other psychological therapies.</P>
</ABS_OBJECTIVES>
    <ABS_SEARCH_STRATEGY>
<P>We searched the Cochrane Schizophrenia Group Trials Register (March 2010) which is based on regular searches of CINAHL, EMBASE, MEDLINE and PsycINFO. We inspected all references of the selected articles for further relevant trials, and, where appropriate, contacted authors.</P>
</ABS_SEARCH_STRATEGY>
    <ABS_SELECTION_CRITERIA>
<P>All relevant clinical randomised trials of cognitive behaviour therapy for people with schizophrenia-like illnesses.</P>
</ABS_SELECTION_CRITERIA>
    <ABS_DATA_COLLECTION>
<P>Studies were reliably selected and assessed for methodological quality. Two reviewers, working independently, extracted data. We analysed dichotomous data on an intention-to-treat basis and continuous data with 65% completion rate are presented. Where possible, for dichotomous outcomes, we estimated a relative risk (RR) with the 95% confidence interval along with the number needed to treat/harm.</P>
</ABS_DATA_COLLECTION>
    <ABS_RESULTS>
<P>Twenty-nine papers described 20 trials. Trials were often small and of limited quality. When CBT was compared with other psychosocial therapies no difference was found for outcomes relevant to adverse effect/events (2 RCTs, n=202, RR death 0.57 CI 0.12 to 2.60). Relapse was not reduced over any time period (5 RCTs, n=183, RR in long term 0.91 CI 0.63 to 1.32) nor was rehospitalisation (5 RCTs, n=294, RR in longer term 0.86 CI 0.62 to 1.21). Various global mental state measures failed to show difference (4 RCTs, n=244, RR no important change in mental state 0.84 CI 0.64 to 1.09). More specific measures of mental state failed to show differential effects on positive or negative symptoms of schizophrenia but there may be some longer term effect for affective symptoms (2 RCTs, n=105, MD BDI -6.21 CI -10.81 to -1.61). Few trials report on social functioning or quality of life. Findings do not convincingly favour either interventions (2 RCT, n=103, MD SFS 1.32 CI -4.90 to 7.54; n=37, MD EuroQOL -1.86 CI -19.20 to 15.48). For the outcome of leaving the study early we found no significant advantage when CBT was compared with either non-active control therapies (4 RCTs, n=433, RR 0.88 CI 0.63 to 1.23) or active therapies (6 RCTs, n=339, RR 0.75 CI 0.40 to 1.43)</P>
</ABS_RESULTS>
    <ABS_CONCLUSIONS>
<P>Trail-based evidence suggests no clear and convincing advantage for cognitive behavioural therapy over other and sometime much less sophisticated therapies for people with schizophrenia.</P>
</ABS_CONCLUSIONS>
  </ABSTRACT>
</DOC>
