<?xml version="1.0"?>
<DOC>
  <TITLE TRANSLATED="NO">Silver acetate for smoking cessation</TITLE>
  <SUMMARY>
    <SUMMARY_TITLE>Does silver acetate help people stop smoking</SUMMARY_TITLE>
    <SUMMARY_BODY>
<P>Silver acetate products (gum, lozenge, and spray) produce an unpleasant metallic taste when combined with cigarettes, so they are used as a form of aversion therapy for smoking. However, the review of trials found little evidence to show that silver acetate helps smokers quit. Any beneficial effect of silver acetate is likely to be very small, and less than the effect already proven for nicotine replacement therapy.</P>
</SUMMARY_BODY>
  </SUMMARY>
  <ABSTRACT>
    <ABS_BACKGROUND>
<P>Silver acetate produces an unpleasant taste when combined with cigarettes, thereby producing an aversive stimulus. It has been marketed in various forms with the aim of extinguishing the urge to smoke, by pairing the urge with an unpleasant stimulus.</P>
</ABS_BACKGROUND>
    <ABS_OBJECTIVES>
<P>The aim of this review was to determine the effectiveness of silver acetate products (gum, lozenge, spray) in promoting smoking cessation.</P>
</ABS_OBJECTIVES>
    <ABS_SEARCH_STRATEGY>
<P>We searched the Cochrane Tobacco Addiction Group specialised trials register. Most recent search was in July 2012.</P>
</ABS_SEARCH_STRATEGY>
    <ABS_SELECTION_CRITERIA>
<P>We included randomised trials of silver acetate for smoking cessation with reports of smoking status at least six months after the beginning of treatment.</P>
</ABS_SELECTION_CRITERIA>
    <ABS_DATA_COLLECTION>
<P>We extracted data in duplicate on the type of subjects, the dose and form of silver acetate, the outcome measures, method of randomisation, and completeness of follow-up.</P>
<P>The main outcome measure was biochemically validated abstinence from smoking after at least six months follow-up in patients smoking at baseline. Subjects lost to follow-up were counted as continuing smokers. Where appropriate, we performed meta-analysis using a fixed effects model.</P>
</ABS_DATA_COLLECTION>
    <ABS_RESULTS>
<P>Two studies provided long-term follow-up data on patients randomised to silver acetate or placebo. In one of these studies, there was a third arm, randomised to 2mg nicotine gum. The pooled risk ratio for quitting for silver acetate vs placebo was 1.04 (95% confidence interval 0.69 to 1.57).</P>
</ABS_RESULTS>
    <ABS_CONCLUSIONS>
<P>Existing trials show little evidence for a specific effect of silver acetate in promoting smoking cessation. The confidence intervals for the ratio are quite wide. However, the upper limit of the confidence intervals for a positive effect equates to an absolute increase in the smoking cessation rate of about 4%. Any effect of this agent is therefore likely to be smaller than nicotine replacement therapy. The lack of effect of silver acetate may reflect poor compliance with a treatment whose rationale is to create an unpleasant stimulus.</P>
</ABS_CONCLUSIONS>
  </ABSTRACT>
</DOC>
