<?xml version="1.0"?>
<DOC>
  <TITLE TRANSLATED="NO">Topical treatments for fungal infections of the skin and nails of the foot.</TITLE>
  <SUMMARY>
    <SUMMARY_TITLE>Creams, lotions and gels (topical treatments) for fungal infections of the skin and nails of the foot</SUMMARY_TITLE>
    <SUMMARY_BODY>
<P>We found lots of evidence to show fungal skin infections of the skin of the feet (athlete's foot or tinea pedis) are effectively managed by over the counter topical antifungal creams, lotions and gels. The most effective topical agent was terbinafine. Other topical agents such as azoles, ciclopiroxolamine, butenafine, tolnaftate and undecanoate were also effective in curing athlete's foot. </P>
<P>Evidence for the management of topical treatments for management of dermatophyte infections of the toenails was sparser and the studies are small. There was some evidence that ciclopiroxolamine and butenafine are both effective but they both needed to be applied daily for prolonged periods (at least one year).</P>
</SUMMARY_BODY>
  </SUMMARY>
  <ABSTRACT>
    <ABS_BACKGROUND>
<P>Fungal infections of the feet normally occur in the outermost layer of the skin (epidermis). The skin between the toes is a frequent site of infection which can cause pain and itchiness. Fungal infections of the nail (onychomycosis) can affect the entire nail plate.</P>
</ABS_BACKGROUND>
    <ABS_OBJECTIVES>
<P>To assess the effects of topical treatments in successfully treating (rate of treatment failure) fungal infections of the skin of the feet and toenails and in preventing recurrence.</P>
</ABS_OBJECTIVES>
    <ABS_SEARCH_STRATEGY>
<P>We searched the Cochrane Skin Group Specialised Register (January 2005), the Cochrane Central Register of Controlled Trials (<I>The Cochrane Library</I> <I>Issue</I> 1, 2005), MEDLINE and EMBASE (from inception to January 2005). We screened the Science Citation Index, BIOSIS, CAB - Health and Healthstar, CINAHL DARE, NHS Economic Evaluation Database and EconLit (March 2005). Bibliographies were searched.</P>
</ABS_SEARCH_STRATEGY>
    <ABS_SELECTION_CRITERIA>
<P>Randomised controlled trials (RCTs) using participants who had mycologically diagnosed fungal infections of the skin and nails of the foot.</P>
</ABS_SELECTION_CRITERIA>
    <ABS_DATA_COLLECTION>
<P>Two authors independently summarised the included trials and appraised their quality of reporting using a structured data extraction tool.</P>
</ABS_DATA_COLLECTION>
    <ABS_RESULTS>
<P>Of the 144 identified papers, 67 trials met the inclusion criteria. Placebo-controlled trials yielded the following pooled risk ratios (RR) of treatment failure for skin infections: allylamines RR 0.33 (95% CI 0.24 to 0.44); azoles RR 0.30 (95% CI 0.20 to 0.45); ciclopiroxolamine RR 0.27 (95% CI 0.11 to 0.66); tolnaftate RR 0.19 (95% CI 0.08 to 0.44); butenafine RR 0.33 (95% CI 0.24 to 0.45); undecanoates RR 0.29 (95% CI 0.12 to 0.70). Meta-analysis of 11 trials comparing allylamines and azoles showed a risk ratio of treatment failure RR 0.63 (95% CI 0.42 to 0.94) in favour of allylamines. Evidence for the management of topical treatments for infections of the toenails is sparser. There is some evidence that ciclopiroxolamine and butenafine are both effective but they both need to be applied daily for prolonged periods (at least one year). The six trials of nail infections provided evidence that topical ciclopiroxolamine has poor cure rates and that amorolfine might be substantially more effective but more research is required.</P>
</ABS_RESULTS>
    <ABS_CONCLUSIONS>
<P>Placebo-controlled trials of allylamines and azoles for athlete's foot consistently produce much higher percentages of cure than placebo. Allylamines cure slightly more infections than azoles and are now available OTC. Further research into the effectiveness of antifungal agents for nail infections is required.</P>
</ABS_CONCLUSIONS>
  </ABSTRACT>
</DOC>
