<?xml version="1.0"?>
<DOC>
  <TITLE TRANSLATED="NO">Clonidine for smoking cessation</TITLE>
  <SUMMARY>
    <SUMMARY_TITLE>Does clonidine help smokers to quit</SUMMARY_TITLE>
    <SUMMARY_BODY>
<P>Clonidine is a drug used to lower blood pressure, but it may also reduce drug and alcohol withdrawal symptoms. The review of trials found that clonidine can lead to a small increase in the number of people likely to quit smoking. However, the quality of the trials was poor, which makes the evidence less reliable. Adverse effects of clonidine included a dry mouth and sedation. Clonidine may not be the best option for people trying to quit smoking, but it might be useful for people who are not helped by nicotine replacement therapy or antidepressants.</P>
</SUMMARY_BODY>
  </SUMMARY>
  <ABSTRACT>
    <ABS_BACKGROUND>
<P>Clonidine was originally used to lower blood pressure. It acts on the central nervous system and may reduce withdrawal symptoms in various addictive behaviours, including tobacco use.</P>
</ABS_BACKGROUND>
    <ABS_OBJECTIVES>
<P>The aim of this review is to determine clonidine's effectiveness in helping smokers to quit.</P>
</ABS_OBJECTIVES>
    <ABS_SEARCH_STRATEGY>
<P>We searched the Cochrane Tobacco Addiction Group trials register for trials of clonidine. Date of the most recent search: June 2008.</P>
</ABS_SEARCH_STRATEGY>
    <ABS_SELECTION_CRITERIA>
<P>We considered randomized trials of clonidine versus placebo with a smoking cessation endpoint assessed at least 12 weeks following the end of treatment.</P>
</ABS_SELECTION_CRITERIA>
    <ABS_DATA_COLLECTION>
<P>We extracted data in duplicate on the type of subjects, the dose and duration of clonidine therapy, the outcome measures, method of randomization, and completeness of follow up.</P>
<P>The main outcome measure was abstinence from smoking after at least 12 weeks follow up in patients smoking at baseline. We used the most rigorous definition of abstinence for each trial, and biochemically validated rates if available. Where appropriate, we performed meta-analysis using a fixed effect model.</P>
</ABS_DATA_COLLECTION>
    <ABS_RESULTS>
<P>Six trials met the inclusion criteria. There were three trials of oral, and three of transdermal clonidine. Some form of behavioural counselling was offered to all participants in five of the six trials.</P>
<P>There was a statistically significant effect of clonidine in one of these trials. The pooled risk ratio for success with clonidine versus placebo was 1.63 (95% confidence interval 1.22 to 2.18). There was a high incidence of dose-dependent side-effects, particularly dry mouth and sedation.</P>
</ABS_RESULTS>
    <ABS_CONCLUSIONS>
<P>Based on a small number of trials, in which there are potential sources of bias, clonidine is effective in promoting smoking cessation. Prominent side-effects limit the usefulness of clonidine for smoking cessation.</P>
</ABS_CONCLUSIONS>
  </ABSTRACT>
</DOC>
