<?xml version="1.0"?>
<DOC>
  <TITLE TRANSLATED="NO">Surgery for varicose veins: use of tourniquet</TITLE>
  <SUMMARY>
    <SUMMARY_TITLE>Use of a tourniquet during surgery for varicose veins</SUMMARY_TITLE>
    <SUMMARY_BODY>
<P>Varicose veins are obvious, dilated veins just under the skin. In normal veins the valves make sure blood only moves in one direction. The valves in varicose veins are faulty, allowing blood to pool and the veins to enlarge. This can cause aching legs, itching and poor cosmetic appearance. People with varicose veins may wear compression stockings, have an injection of irritant substance to close the veins under the skin (sclerotherapy), or have the veins removed surgically. There is a potential for large blood loss during surgery, especially if both legs are operated on at the same time. Tourniquets on the upper leg during surgery may be useful to minimise blood loss.</P>
<P>This review found that the amount of blood loss was clearly reduced when a tourniquet was used during surgery for varicose veins, with no overall increase in operative time, reported adverse events or change in patient reported pain and activity after surgery. Three trials were included in the review, in which a total of 176 men and women (211 legs) were randomised to either use or non-use of a tourniquet. All trials took place in the UK between 1989 and 2000. Those patients who did not have a tourniquet had a wider range of total blood loss and patients in the upper limits lost a significant amount of blood. A reduction in blood loss may also result in a reduction in post-operative bruising but only one of the trials (50 patients) looked at this. It found a clear reduction in the area of bruising with the use of a tourniquet. The trials did not have a large enough number of participants to determine any rarer complications of surgery with the use of a tourniquet such as nerve damage or arterial injury, especially in older patients.</P>
</SUMMARY_BODY>
  </SUMMARY>
  <ABSTRACT>
    <ABS_BACKGROUND>
<P>Varicose vein surgery is a common surgical procedure but there is no consensus regarding the best surgical technique. The use of tourniquets during varicose vein surgery has been advocated as a means of reducing the potential for blood loss during the operation.</P>
</ABS_BACKGROUND>
    <ABS_OBJECTIVES>
<P>To identify whether the use of a tourniquet should be recommended when undertaking surgery for the management of primary varicose veins.</P>
</ABS_OBJECTIVES>
    <ABS_SEARCH_STRATEGY>
<P>The Cochrane Peripheral Vascular Diseases Group searched their Specialised Register (last searched October 2008) and the Cochrane Central Register of Controlled Trials (CENTRAL) in <I>The Cochrane Library</I>, Issue 4, 2008. For the original review the authors searched 13 electronic bibliographic databases. In addition the reference lists of relevant articles were checked and various health services research related resources were consulted via the Internet. These included health economics and HTA organisations, guideline producing agencies, generic research, trials registers and specialist sites.</P>
</ABS_SEARCH_STRATEGY>
    <ABS_SELECTION_CRITERIA>
<P>All studies described as randomised controlled trials that examined the use of tourniquets during surgery for patients with primary varicose veins were included.</P>
</ABS_SELECTION_CRITERIA>
    <ABS_DATA_COLLECTION>
<P>Data from eligible studies were extracted and summarised independently by two authors. All studies were cross-checked independently by the authors.</P>
</ABS_DATA_COLLECTION>
    <ABS_RESULTS>
<P>Twenty papers detailing 18 trials were identified. Only three trials were randomised controlled trials and were included in the review. The remaining fifteen studies were excluded for various reasons. All three included trials had a small sample size and reported the trial design, outcome measures and analysis poorly. There were also variations in the outcome measures used between the trials. In addition, there was no consistency on the reporting of mean and medians for blood loss during the operation. It was therefore not possible to pool the data to perform meta-analysis. However, the reported blood loss when using a tourniquet was between 0 and 16 ml compared to between 107 to 133 ml when not using a tourniquet (P &lt; 0.01). </P>
</ABS_RESULTS>
    <ABS_CONCLUSIONS>
<P>Although there were significant quality issues with the available evidence, the use of a tourniquet would appear to reduce blood loss during surgery. There were no reported differences between the use or non-use of a tourniquet in terms of complications and morbidity. However, the available trials were not of sufficient size to detect rarer complications such as nerve damage.</P>
</ABS_CONCLUSIONS>
  </ABSTRACT>
</DOC>
