<?xml version="1.0"?>
<DOC>
  <TITLE TRANSLATED="NO">Oral zinc for arterial and venous leg ulcers</TITLE>
  <SUMMARY>
    <SUMMARY_TITLE>Oral zinc supplements for treating leg ulcers</SUMMARY_TITLE>
    <SUMMARY_BODY>
<P>Leg ulcers (open sores) usually heal with good wound care and dressings. However they may take a long time to heal (weeks or months) despite good wound care and can cause distress to patients as well as being very costly for the health service. Failure to heal may be due to poor nutrition which reduces the ability of the body to repair itself. Minerals such as zinc are necessary for good healing and so it has been thought that taking zinc sulphate tablets might aid healing of ulcers. We found six trials that used zinc to treat leg ulcers but all were too small to pick up on any benefit, if such a benefit exists. In addition the quality of these trials was mediocre. On the basis of the evidence we have so far it appears that taking zinc tablets does not improve leg ulcer healing, however more good quality trials are needed.</P>
</SUMMARY_BODY>
  </SUMMARY>
  <ABSTRACT>
    <ABS_BACKGROUND>
<P>Leg ulcers affect up to one percent of people at some time in their life. Leg ulceration is chronic in nature with ulcers being present for months and in some cases years without healing, and with a high risk of recurrence. Management approaches include dressings and the treatment of underlying medical problems such as malnutrition, lack of minerals and vitamins, poor blood supply or infection.</P>
</ABS_BACKGROUND>
    <ABS_OBJECTIVES>
<P>To assess the effectiveness of oral zinc in healing arterial or venous leg ulcers.</P>
</ABS_OBJECTIVES>
    <ABS_SEARCH_STRATEGY>
<P>For this sixth update we searched The Cochrane Wounds Group Specialised Register (searched 17 May 2012); The Cochrane Central Register of Controlled Trials (CENTRAL) (<I>The Cochrane Library</I> 2012, Issue 5); Ovid MEDLINE (2010 to May Week 2 2012); Ovid MEDLINE (In-Process &amp; Other Non-Indexed Citations May 16, 2012); Ovid EMBASE (2010 to 2012 Week 19); and EBSCO CINAHL (2010 to May 2 2012). In the original version of the review a company manufacturing zinc sulphate tablets was asked for references to relevant trials.</P>
</ABS_SEARCH_STRATEGY>
    <ABS_SELECTION_CRITERIA>
<P>Randomised controlled trials comparing oral zinc sulphate with placebo or no treatment in people with arterial or venous leg ulcers were eligible for inclusion. There were no restrictions on date or language of publication. The main outcome measure used was complete healing of the ulcers. Trials were eligible for inclusion if they measured ulcer healing objectively by documenting time to complete healing, proportion of ulcers healed during the study, or healing rates of ulcers.</P>
</ABS_SELECTION_CRITERIA>
    <ABS_DATA_COLLECTION>
<P>All data extraction and assessment of trial quality were done by both authors independently.</P>
</ABS_DATA_COLLECTION>
    <ABS_RESULTS>
<P>Six small trials (183 participants) were eligible for inclusion. Four trials considered people with venous ulcers, one trial arterial ulcers and one people with mixed ulcers. In four trials, serum zinc was measured at baseline or during the trial. Pooling the four trials that compared oral zinc sulphate with placebo in people with venous ulcers showed no statistically significant difference between the two group (RR 1.22, 95%CI 0.88 to 1.68). Overall, there was no evidence of a beneficial effect of treatment with zinc sulphate on the number of ulcers healed.</P>
</ABS_RESULTS>
    <ABS_CONCLUSIONS>
<P>Oral zinc sulphate does not appear to aid healing of arterial and venous leg ulcers, however all included studies were small and of mediocre quality.</P>
</ABS_CONCLUSIONS>
  </ABSTRACT>
</DOC>
