<?xml version="1.0"?>
<DOC>
  <TITLE TRANSLATED="NO">Longchain polyunsaturated fatty acid supplementation in infants born at term</TITLE>
  <SUMMARY>
    <SUMMARY_TITLE>Longchain polyunsaturated fatty acid supplementation in infants born at term</SUMMARY_TITLE>
    <SUMMARY_BODY>
<P>It has been suggested that low levels of long chain polyunsaturated fatty acids (LCPUFA) found in formula milk may contribute to lower IQ levels and vision skills in term infants. Some milk formulas with added LCPUFA are commercially available. This review found that feeding term infants with milk formula enriched with LCPUFA had no proven benefit regarding vision, cognition or physical growth.</P>
</SUMMARY_BODY>
  </SUMMARY>
  <ABSTRACT>
    <ABS_BACKGROUND>
<P>The n-3 and n-6 fatty acids linolenic acid and linoleic acid are precursors of the n-3 and n-6 long chain fatty acids (LCPUFA). Infant formula has historically only contained the precursor fatty acids. Over the last few years, some manufacturers have added LCPUFA to formulae and marketed them as providing an advantage for the development of term infants.</P>
</ABS_BACKGROUND>
    <ABS_OBJECTIVES>
<P>To assess whether supplementation of formula with LCPUFA is safe and of benefit to term infants.</P>
</ABS_OBJECTIVES>
    <ABS_SEARCH_STRATEGY>
<P>We searched the Cochrane Central Register of Controlled Trials (T<I>he Cochrane Library</I>, April, 2011), MEDLINE (1966 to April 2011), EMBASE (1980 to April 2011), CINAHL (December 1982 to April 2011) and abstracts of the Society for Pediatric Research (1980 to 2010). No language restrictions were applied.</P>
</ABS_SEARCH_STRATEGY>
    <ABS_SELECTION_CRITERIA>
<P>Randomised and quasi randomised trials comparing LCPUFA supplemented vs. non-supplemented formula milk and with clinical endpoints were reviewed.</P>
</ABS_SELECTION_CRITERIA>
    <ABS_DATA_COLLECTION>
<P>Methodological quality of studies was assessed using the guidelines of Cochrane neonatal review group. Data were sought regarding effects on visual acuity, neurodevelopmental outcomes and physical growth. When appropriate, meta-analysis was conducted to provide a pooled estimate of effect.</P>
</ABS_DATA_COLLECTION>
    <ABS_RESULTS>
<P>Twenty-five randomised studies were identified; fifteen were included (n = 1889) and ten excluded. </P>
<P>Visual acuity was assessed by nine studies. Visual evoked potential was used in six studies, two used Teller cards and one used both. Four studies reported beneficial effects while the remaining five did not.</P>
<P>Neurodevelopmental outcome was measured by eleven studies. Bayley scales of infant development (BSID) was used in nine studies; only two showed beneficial effects. Meta-analysis did not show significant benefits of supplementation. One study followed the infants up to nine years of age and did not find benefit of supplementation. One study reported better novelty preference measured by Fagan Infant test at nine months. Another study reported better problem solving at 10 months. One study used Brunet and Lezine test to assess the developmental quotient and did not find beneficial effects.</P>
<P>Physical growth was measured by thirteen studies; none found beneficial or harmful effects of supplementation. Meta-analysis found that supplemented group may have marginally lower weight at one year of age.</P>
</ABS_RESULTS>
    <ABS_CONCLUSIONS>
<P>Majority of the RCTS have not shown beneficial effects of LCPUFA supplementation on the neurodevelopmental outcomes of term infants. The beneficial effects on visual acuity have not been consistently demonstrated. Routine supplementation of term infant milk formula with LCPUFA can not be recommended.</P>
</ABS_CONCLUSIONS>
  </ABSTRACT>
</DOC>
