<?xml version="1.0"?>
<DOC>
  <TITLE TRANSLATED="NO">House dust mite avoidance measures for perennial allergic rhinitis</TITLE>
  <SUMMARY>
    <SUMMARY_TITLE>House dust mite avoidance measures for perennial allergic rhinitis</SUMMARY_TITLE>
    <SUMMARY_BODY>
<P>Perennial allergic rhinitis (all-year hay fever like symptoms) is an allergic disorder which can be triggered by house dust mites and causes a congested, runny nose, nasal itching and sneezing. Avoiding the allergic triggers (such as house dust mites) should in theory help to reduce the symptoms of allergic rhinitis in sensitised individuals.</P>
<P>There is limited evidence that measures to reduce the numbers of house dust mites might improve symptoms of allergic rhinitis, but more research is needed to clarify the effectiveness of acaricides (chemicals which kill mites) both as a single intervention and as part of a more multi-faceted approach incorporating high efficiency particulate air (HEPA) filters, allergy control bedding or both.</P>
<P>Overall, this review of trials found that acaricides and extensive bedroom-based environmental control programmes might reduce symptoms of allergic rhinitis for some people, but the evidence is not strong. More research is needed.</P>
</SUMMARY_BODY>
  </SUMMARY>
  <ABSTRACT>
    <ABS_BACKGROUND>
<P>This is an update of a Cochrane Review first published in <I>The Cochrane Library</I> in Issue 4, 2001 and previously updated in 2003 and 2007.</P>
<P>It is estimated that in developed countries approximately 30% of the general population suffer from one or more allergic disorders, of which allergic rhinitis is particularly common. Perennial rhinitis is most often due to allergy to the house dust mite. In such patients house dust mite avoidance is logical, but there is considerable uncertainty regarding the efficacy and effectiveness of interventions designed to reduce dust mite exposure.</P>
</ABS_BACKGROUND>
    <ABS_OBJECTIVES>
<P>To assess the benefit (and harm) of measures designed to reduce house dust mite exposure in the management of house dust mite sensitive allergic rhinitis.</P>
</ABS_OBJECTIVES>
    <ABS_SEARCH_STRATEGY>
<P>Our search included the Cochrane Ear, Nose and Throat Disorders Group Trials Register, the Cochrane Central Register of Controlled Trials Register (CENTRAL) (<I>The Cochrane Library</I> Issue 4, 2009), MEDLINE and EMBASE. The date of the last search was 31 December 2009.</P>
</ABS_SEARCH_STRATEGY>
    <ABS_SELECTION_CRITERIA>
<P>Randomised controlled trials, with or without blinding, in which house dust mite control measures have been evaluated in comparison with placebo or other dust mite avoidance measures, in patients with clinician-diagnosed allergic rhinitis and confirmed allergy to dust mite.</P>
</ABS_SELECTION_CRITERIA>
    <ABS_DATA_COLLECTION>
<P>Two authors independently screened titles and abstracts, graded methodological quality using the Cochrane approach and extracted data. Meta-analysis was neither possible nor appropriate due to heterogeneity of the patient groups studied.</P>
</ABS_DATA_COLLECTION>
    <ABS_RESULTS>
<P>Nine trials involving 501 participants satisfied the inclusion criteria. Only two studies investigating the effectiveness of mite impermeable bedding covers were of good quality; the remaining seven studies were small and of poor quality. Two trials investigated the efficacy of acaricides, another two trials investigated the role of high-efficiency particulate air (HEPA) filters. One trial, using a factorial design, investigated the efficacy of both acaricide and house dust mite impermeable bedding covers in isolation and combination; the remaining four trials investigated the efficacy of bedroom environmental control programmes involving use of house dust mite impermeable bedding covers. Seven of the nine trials reported that, when compared with control, the interventions studied resulted in significant reductions in house dust mite load. Of the interventions studied to date, acaricides appear to be the most promising type of intervention, although the findings from these studies need to be interpreted with care because of their methodological limitations. House dust mite impermeable bedding as an isolated intervention is unlikely to offer clinical benefit. No serious adverse effects were reported from any of the interventions.</P>
</ABS_RESULTS>
    <ABS_CONCLUSIONS>
<P>Trials to date have on the whole been small and of poor methodological quality, making it difficult to offer any definitive recommendations on the role, if any, of house dust mite avoidance measures in the management of house dust mite sensitive perennial allergic rhinitis. The results of these studies suggest that use of acaricides and extensive bedroom-based environmental control programmes may be of some benefit in reducing rhinitis symptoms and, if considered appropriate, these should be the interventions of choice. Isolated use of house dust mite impermeable bedding is unlikely to prove effective.</P>
</ABS_CONCLUSIONS>
  </ABSTRACT>
</DOC>
