<?xml version="1.0"?>
<DOC>
  <TITLE TRANSLATED="NO">Lobeline for smoking cessation</TITLE>
  <SUMMARY>
    <SUMMARY_TITLE>Can lobeline help people to quit smoking</SUMMARY_TITLE>
    <SUMMARY_BODY>
<P>Lobeline is an alkaloid derived from the leaves of an Indian tobacco plant, and has been widely used in commercial smoking remedies. Its adverse effects include dizziness, nausea, and vomiting, and tablets and pastilles containing Lobeline may lead to throat irritation. The review found no adequate long-term trials which could provide evidence that Lobeline can help people stop smoking. One large study 
with only s
ix
 weeks follow-up 
did not 
detect 
any
 evidence of 
short-term 
b
enefit
, suggesting that lobeline is not an e
ffective treatment.</P>
</SUMMARY_BODY>
  </SUMMARY>
  <ABSTRACT>
    <ABS_BACKGROUND>
<P>Lobeline is a partial nicotine agonist, which has been used in a variety of commercially available preparations to help stop smoking.</P>
</ABS_BACKGROUND>
    <ABS_OBJECTIVES>
<P>The objective of this review was to assess the effects of lobeline on long term smoking cessation.</P>
</ABS_OBJECTIVES>
    <ABS_SEARCH_STRATEGY>
<P>We searched the Cochrane Tobacco Addiction Group trials register (most recent search December 2011).</P>
</ABS_SEARCH_STRATEGY>
    <ABS_SELECTION_CRITERIA>
<P>Randomized trials comparing lobeline to placebo or an alternative therapeutic control, which reported smoking cessation with at least six months follow-up.</P>
</ABS_SELECTION_CRITERIA>
    <ABS_DATA_COLLECTION>
<P>We extracted data in duplicate on the type of subjects, the dose and form of lobeline, the outcome measures, method of randomisation, and completeness of follow-up.</P>
</ABS_DATA_COLLECTION>
    <ABS_RESULTS>
<P>We identified no trials meeting the full inclusion criteria including long term follow-up. One large trial failed to detect any effect on short-term abstinence.</P>
</ABS_RESULTS>
    <ABS_CONCLUSIONS>
<P>There is no evidence available from long term trials that lobeline can aid smoking cessation, and the short-term evidence suggests there is no benefit</P>
</ABS_CONCLUSIONS>
  </ABSTRACT>
</DOC>
