<?xml version="1.0"?>
<DOC>
  <TITLE TRANSLATED="NO">Magnesium sulphate for preventing preterm birth in threatened preterm labour</TITLE>
  <SUMMARY>
    <SUMMARY_TITLE>Magnesium sulphate for preventing preterm birth in threatened preterm labour</SUMMARY_TITLE>
    <SUMMARY_BODY>
<P>Magnesium sulphate given to women who go into labour too early does not prevent their babies being born too soon and is associated with an increased risk of the baby dying.</P>
<P>Even short-term postponement of birth when labour begins early (before 37 weeks) can help improve outcomes for babies, as the woman can take steroid drugs to help develop the baby's lungs in a short time. Magnesium sulphate is one of the drugs used to try to stop the uterus contracting in women who go into labour too soon. The review of trials did not find that magnesium sulphate, given to women who go into labour too soon, reduced the risks of the baby being born early or developing serious health problems. More babies died when women took magnesium sulphate.</P>
</SUMMARY_BODY>
  </SUMMARY>
  <ABSTRACT>
    <ABS_BACKGROUND>
<P>Magnesium sulphate is used to inhibit uterine activity in women in preterm labour to prevent preterm birth.</P>
</ABS_BACKGROUND>
    <ABS_OBJECTIVES>
<P>To assess the effectiveness and safety of magnesium sulphate therapy given to women in threatened preterm labour with the aim of preventing preterm birth and its sequelae.</P>
</ABS_OBJECTIVES>
    <ABS_SEARCH_STRATEGY>
<P>We searched the Cochrane Pregnancy and Childbirth Group trials register (May 2002) and the Cochrane Controlled Trials Register (The Cochrane Library, Issue 2, 2002).</P>
</ABS_SEARCH_STRATEGY>
    <ABS_SELECTION_CRITERIA>
<P>Types of participants: Women thought to be in preterm labour.</P>
<P>Types of interventions: Magnesium sulphate as the only tocolytic, administered intravenously or orally, compared with either placebo, no treatment or alternative tocolytic therapy.</P>
<P>Types of outcome measures: Measures of effectiveness, complications, women's satisfaction with their care and health service use.</P>
</ABS_SELECTION_CRITERIA>
    <ABS_DATA_COLLECTION>
<P>Assessments of trial eligibility, quality and data extractions were done by at least two of the reviewers. </P>
</ABS_DATA_COLLECTION>
    <ABS_RESULTS>
<P>Over 2000 women were recruited into the 23 included trials. Only nine trials were rated of high quality for the concealment of allocation. In the magnesium sulphate versus control (all studies) no difference was seen for the risk of birth within 48 hours of treatment for women given magnesium sulphate compared with controls when using a random effects model (relative risk (RR) 0.85, 95% confidence interval (CI) 0.58-1.25, 11 trials, 881 women). No benefit was seen for magnesium sulphate on the risk of giving birth preterm (&lt;37 weeks) or very preterm (&lt;34 weeks). The risk of death (fetal and paediatric) was higher for infants exposed to magnesium sulphate (RR 2.82, 95% CI 1.20-6.62, 7 trials, 727 infants). There were only two fetal deaths, both in the magnesium sulphate group in one study. The six other trials reported there were no fetal deaths. No differences for total paediatric mortality were shown in the six trials with data.</P>
<P>No beneficial effect was seen from using magnesium sulphate on the risk of other neonatal morbidity. A non-significant reduction in the risk of cerebral palsy was reported at follow up at 18 months corrected age (RR 0.14, 95% CI 0.01-2.60, 1 trial, 99 children).</P>
</ABS_RESULTS>
    <ABS_CONCLUSIONS>
<P>Magnesium sulphate is ineffective at delaying birth or preventing preterm birth, and its use is associated with an increased mortality for the infant. Any further trials should be of high quality, large enough to assess serious morbidity and mortality, compare different dose regimens, and provide neurodevelopmental status of the child. </P>
</ABS_CONCLUSIONS>
  </ABSTRACT>
</DOC>
