<?xml version="1.0"?>
<DOC>
  <TITLE TRANSLATED="NO">Antifibrinolytics for heavy menstrual bleeding</TITLE>
  <SUMMARY>
    <SUMMARY_TITLE>Antifibrinolytic agents help reduce heavy menstrual bleeding in women</SUMMARY_TITLE>
    <SUMMARY_BODY>
<P>Heavy menstrual bleeding (more than 80mls blood loss per menstrual cycle) is a common problem for women and can have a negative effect on their quality of life. In comparison to women with normal menstrual blood loss, these women have more enzymes in the lining of the uterus that dissolve blood clots. Options to avoid surgery include antifibrinolytic therapy (taking drugs to block these enzymes). The review of trials found that tranexamic acid, the most commonly used antifibrinolytic agent helps reduce heavy menstrual bleeding. Problems with flooding, leakage and sex lives are also reduced. No adverse effects were found. More research is needed.</P>
</SUMMARY_BODY>
  </SUMMARY>
  <ABSTRACT>
    <ABS_BACKGROUND>
<P>Heavy menstrual bleeding (HMB) is an important cause of ill health in women. Medical therapy, with the avoidance of possibly unnecessary surgery, is an attractive treatment option. A wide variety of medications are available to reduce heavy menstrual bleeding but there is considerable variation in practice and uncertainty about the most appropriate therapy.</P>
<P>Plasminogen activators are a group of enzymes that cause fibrinolysis (the dissolution of clots). An increase in the levels of plasminogen activators has been found in the endometrium of women with heavy menstrual bleeding compared to those with normal menstrual loss. Plasminogen activator inhibitors (antifibrinolytic agents) have therefore been promoted as a treatment for heavy menstrual bleeding. </P>
<P>There has been a reluctance to prescribe tranexamic acid due to possible side effects of the drugs such as an increased risk of thrombogenic disease (deep venous thrombosis). Long term studies in Sweden, however, have shown that the rate of incidence of thrombosis in women treated with tranexamic acid is comparable with the spontaneous frequency of thrombosis in women. </P>
</ABS_BACKGROUND>
    <ABS_OBJECTIVES>
<P>To determine the effectiveness of antifibrinolytics in achieving a reduction in heavy menstrual bleeding.</P>
</ABS_OBJECTIVES>
    <ABS_SEARCH_STRATEGY>
<P>We searched the Cochrane Menstrual Disorders &amp; Subfertility Group trials register (searched 6 April 2004), the Cochrane Central Register of Controlled Trials (CENTRAL) (<I>The Cochrane Library</I> Issue 1, 2004), MEDLINE (1966 to April 2004), EMBASE (1985 to April 2004), and reference lists of articles. We also contacted manufacturers and researchers in the field. </P>
</ABS_SEARCH_STRATEGY>
    <ABS_SELECTION_CRITERIA>
<P>Randomised controlled trials in women of reproductive age treated with antifibrinolytic agents versus placebo, no treatment or any other medical (non-surgical) therapy for regular heavy menstrual bleeding within either the primary, family planning or specialist clinic settings. Women with post menopausal bleeding, intermenstrual bleeding, iatrogenic or pathological causes of heavy menstrual bleeding were excluded.</P>
</ABS_SELECTION_CRITERIA>
    <ABS_DATA_COLLECTION>
<P>Fifteen eligible trials were assessed by three reviewers and eight of these did not meet with the inclusion criteria. Of the seven remaining trials, four of these could be included within the meta-analysis. The remaining three trials had a crossover design and despite contacting the authors and appropriate companies, we were unable to extract the results in a format suitable to include these within the meta-analysis. However the results are included within the text of the review for discussion.</P>
</ABS_DATA_COLLECTION>
    <ABS_RESULTS>
<P>Antifibrinolytic therapy compared to placebo showed a significant reduction in mean blood loss (weighted mean difference (WMD) -94.0, 95% confidence interval (CI) -151.4 to -36.5]) and significant change in mean reduction of blood loss (WMD -110.2, 95% CI -146.5 to -73.8]). This objective improvement was not mirrored by a patient perceived improvement in monthly menstrual blood loss (relative risk (RR) 2.5, 95% CI 0.9 to 7.3) in the one study which recorded this outcome (Edlund 1995). </P>
<P>Antifibrinolytic agents were compared to only three other medical (non-surgical) therapies: mefenamic acid, norethisterone administered in the luteal phase and ethamsylate. In all instances, there was a significant reduction in mean blood loss (WMD -73.0, 95% CI -123.4 to -22.6; WMD -111.0, 95% CI -178.5 to -43.5; and WMD -100, 95% CI -143.9 to -56.1 respectively) and a strong, although non-significant trend in favour of tranexamic acid in the participants' perception of an improvement in menstrual blood loss. There were no significant differences in the frequency of reported side effects with tranexamic acid when compared to oral luteal phase progestogens (RR 0.4. 95% CI 0.1 to 1.2) or withdrawal from treatment because of adverse events when compared with NSAIDs and ethamsylate when these treatments were used for heavy menstrual bleeding. Change in the quality of life measures, flooding and leakage and sex life, were significantly improved in the tranexamic acid group when compared to the oral progestagen group. These findings are based in most cases on only one trial.</P>
</ABS_RESULTS>
    <ABS_CONCLUSIONS>
<P>Antifibrinolytic therapy causes a greater reduction in objective measurements of heavy menstrual bleeding when compared to placebo or other medical therapies (NSAIDS, oral luteal phase progestagens and ethamsylate). This treatment is not associated with an increase in side effects compared to placebo, NSAIDS, oral luteal phase progestagens or ethamsylate. Flooding and leakage and sex life is significantly improved after tranexamic acid therapy when compared with oral luteal progestogens but no other measures of quality of life were assessed. No study has used resource cost as an outcome. There are no data available within randomised controlled trials which record the frequency of thromboembolic events.</P>
</ABS_CONCLUSIONS>
  </ABSTRACT>
</DOC>
