<?xml version="1.0"?>
<DOC>
  <TITLE TRANSLATED="NO">Pre-operative traction for hip fractures in adults</TITLE>
  <SUMMARY>
    <SUMMARY_TITLE>The routine use of traction before surgery in adults with hip fracture</SUMMARY_TITLE>
    <SUMMARY_BODY>
<P>For people with hip fractures, traction involves either using tapes (skin traction) or pins (skeletal traction) attached to the injured leg and connected to weights via a pulley. The application of traction before surgery is thought to relieve pain and make the subsequent surgery easier. Where traction is not used, the injured limb is usually placed on a pillow and the patient encouraged to adopt a position of greatest comfort.</P>
<P>This review summarising the evidence from randomised controlled trials included 11 trials with 1654 participants. Consistent with the general hip fracture population, most of the trial participants were older persons of around 80 years of age and the majority were female. Ten trials compared traction versus no traction and two trials, including one of the preceding 10 trials, compared skin and skeletal traction. As well as limitations in the trial methods, there were very limited data for pooling and a lack of information about the longer-term consequences of applying or not applying traction. Nonetheless, the evidence from the 10 trials consistently showed no evidence to support the supposed advantages of traction described above. There were inconclusive data for pressures sores (skin ulcers) and other complications. One trial reported three adverse effects (sensory disturbance and skin blisters) related to skin traction; all were minor.</P>
</SUMMARY_BODY>
  </SUMMARY>
  <ABSTRACT>
    <ABS_BACKGROUND>
<P>Following a hip fracture, traction may be applied to the injured limb before surgery. This is an update of a Cochrane review first published in 1997, and previously updated in 2006.</P>
</ABS_BACKGROUND>
    <ABS_OBJECTIVES>
<P>To evaluate the effects of traction applied to the injured limb prior to surgery for a fractured hip. Different methods of applying traction (skin or skeletal) were considered.</P>
</ABS_OBJECTIVES>
    <ABS_SEARCH_STRATEGY>
<P>We searched the Cochrane Bone, Joint and Muscle Trauma Group Specialised Register (April 2011), the Cochrane Central Register of Controlled Trials (in <I>The Cochrane Library </I>2011, Issue 4), MEDLINE (1948 to April week 2 2011), EMBASE (1980 to 2011 week 16), and CINAHL (1982 to 1 April 2011), conference proceedings, trials registries and reference lists of articles.</P>
</ABS_SEARCH_STRATEGY>
    <ABS_SELECTION_CRITERIA>
<P>All randomised or quasi-randomised trials comparing either skin or skeletal traction with no traction, or skin with skeletal traction for patients with an acute hip fracture prior to surgery.</P>
</ABS_SELECTION_CRITERIA>
    <ABS_DATA_COLLECTION>
<P>At least two authors independently assessed trial quality and extracted data. Additional information was sought from all trialists. Wherever appropriate and possible, data were pooled.</P>
</ABS_DATA_COLLECTION>
    <ABS_RESULTS>
<P>One new trial was included in this update. In all, 11 trials (six were randomised and five were quasi-randomised), involving a total of 1654 predominantly elderly patients with hip fractures, are included in the review. Most trials were at risk of bias, particularly that resulting from inadequate allocation concealment, lack of assessor blinding and incomplete outcome assessment. Only very limited data pooling was possible.</P>
<P>Ten trials compared predominantly skin traction with no traction. The available data provided no evidence of benefit from traction either in the relief of pain (pain soon after immobilisation (visual analogue score 0: none to 10: worst pain): mean difference 0.11, 95% CI -0.27 to 0.50; 3 trials), ease of fracture reduction or quality of fracture reduction at time of surgery. There were inconclusive data for pressures sores and other complications, including fracture fixation failure. Three minor adverse effects (sensory disturbance and skin blisters) related to skin traction were reported.</P>
<P>One of the above trials included both skin and skeletal traction groups. This trial and one other compared skeletal traction with skin traction and found no important differences between these two methods, although the initial application of skeletal traction was noted as being more painful and more costly.</P>
</ABS_RESULTS>
    <ABS_CONCLUSIONS>
<P>From the evidence available, the routine use of traction (either skin or skeletal) prior to surgery for a hip fracture does not appear to have any benefit. However, the evidence is also insufficient to rule out the potential advantages for traction, in particular for specific fracture types, or to confirm additional complications due to traction use.</P>
<P>Given the increasing lack of evidence for the use of pre-operative traction, the onus should now be on clinicians who persist in using pre-operative traction to either stop using it or to use it only in the context of a well-designed randomised controlled trial.</P>
</ABS_CONCLUSIONS>
  </ABSTRACT>
</DOC>
