<?xml version="1.0"?>
<DOC>
  <TITLE TRANSLATED="NO">Oral 5-aminosalicylic acid for induction of remission in ulcerative colitis</TITLE>
  <SUMMARY>
    <SUMMARY_TITLE>Oral 5-aminosalicylic acid for the treatment of active ulcerative colitis</SUMMARY_TITLE>
    <SUMMARY_BODY>
<P>Sulfasalazine (SASP) has been used for treating ulcerative colitis for decades. SASP is made up of 5-aminosalicylic acid (5-ASA) linked to a sulfur molecule. Up to a third of patients treated with SASP have reported side effects, which are thought to be related to the sulfur part of the molecule. Common side effects associated with SASP include nausea, indigestion, headache, vomiting and abdominal pain. 5-ASA drugs were developed to avoid the side effects associated with SASP. This review includes 48 randomized trials with a total of 7776 participants. Oral 5-ASA was found to be more effective than placebo (fake drug). Although oral 5-ASA drugs are effective for treating active ulcerative colitis, they are no more effective than SASP therapy. Patients taking 5-ASA are less likely to experience side effects than patients taking SASP. Side effects associated with 5-ASA are generally mild in nature, and common side effects include gastrointestinal symptoms (e.g. flatulence, abdominal pain, nausea, and diarrhea), headache and worsening ulcerative colitis. Male infertility is associated with SASP and not with 5-ASA, so 5-ASA may be preferred for patients concerned about fertility. 5-ASA compounds are more expensive than SASP, so SASP may be the preferred option where cost is an important factor. 5-ASA dosed once daily appears to be as effective and safe as conventionally dosed (two or three times daily) 5-ASA. There do not appear to be any differences in effectiveness or safety among the various 5-ASA formulations. A daily dosage of 2.4 g appears to be a safe and effective therapy for patients with mild to moderately active ulcerative colitis. Patients with moderate disease may benefit from an initial dose of 4.8 g/day.</P>
</SUMMARY_BODY>
  </SUMMARY>
  <ABSTRACT>
    <ABS_BACKGROUND>
<P>Oral 5-aminosalicylic acid (5-ASA) preparations were intended to avoid the adverse effects of sulfasalazine (SASP) while maintaining its therapeutic benefits. Previously, it was found that 5-ASA drugs in doses of at least 2 g/day, were more effective than placebo but no more effective than SASP for inducing remission in ulcerative colitis. This updated review includes more recent studies and evaluates the efficacy and safety of 5-ASA preparations used for the treatment of mild to moderately active ulcerative colitis.</P>
</ABS_BACKGROUND>
    <ABS_OBJECTIVES>
<P>The primary objectives were to assess the efficacy, dose-responsiveness and safety of oral 5-ASA compared to placebo, SASP, or 5-ASA comparators for induction of remission in active ulcerative colitis. A secondary objective of this systematic review was to compare the efficacy and safety of once daily dosing of oral 5-ASA with conventional (two or three times daily) dosing regimens.</P>
</ABS_OBJECTIVES>
    <ABS_SEARCH_STRATEGY>
<P>A computer-assisted literature search for relevant studies (inception to January 20, 2012) was performed using MEDLINE, EMBASE and the Cochrane Library. Review articles and conference proceedings were also searched to identify additional studies.</P>
</ABS_SEARCH_STRATEGY>
    <ABS_SELECTION_CRITERIA>
<P>Studies were accepted for analysis if they were randomized controlled clinical trials of parallel design, with a minimum treatment duration of four weeks. Studies of oral 5-ASA therapy for treatment of patients with active ulcerative colitis compared with placebo, SASP or other formulations of 5-ASA were considered for inclusion. Studies that compared once daily 5-ASA treatment with conventional dosing of 5-ASA (two or three times daily) and 5-ASA dose ranging studies were also considered for inclusion.</P>
</ABS_SELECTION_CRITERIA>
    <ABS_DATA_COLLECTION>
<P>The outcomes of interest were the failure to induce global/clinical remission, global/clinical improvement, endoscopic remission, endoscopic improvement, adherence, adverse events, withdrawals due to adverse events, and withdrawals or exclusions after entry. Trials were separated into five comparison groups: 5-ASA versus placebo, 5-ASA versus sulfasalazine, once daily dosing versus conventional dosing, 5-ASA versus comparator 5-ASA, and 5-ASA dose-ranging. Placebo-controlled trials were subgrouped by dosage. SASP-controlled trials were subgrouped by 5-ASA/SASP mass ratios. Once daily versus conventional dosing studies were subgrouped by formulation. 5-ASA-controlled trials were subgrouped by common 5-ASA comparators (e.g. Asacol, Claversal, Salofalk and Pentasa). Dose-ranging studies were subgrouped by 5-ASA formulation. We calculated the relative risk (RR) and 95% confidence intervals (95% CI) for each outcome. Data were analyzed on an intention to treat basis.</P>
</ABS_DATA_COLLECTION>
    <ABS_RESULTS>
<P>Forty-eight studies (7776 patients) were included. The majority of included studies were rated as low risk of bias. 5-ASA was significantly superior to placebo with regard to all measured outcome variables. Seventy-two per cent of 5-ASA patients failed to enter clinical remission compared to 85% of placebo patients (RR 0.86, 95% CI 0.81 to 0.91). A dose-response trend for 5-ASA was also observed. No statistically significant differences in efficacy were found between 5-ASA and SASP. Fifty-four per cent of 5-ASA patients failed to enter remission compared to 58% of SASP patients (RR 0.90, 95% CI 0.77 to 1.04). No statistically significant differences in efficacy or adherence were found between once daily and conventionally dosed 5-ASA. Forty-two per cent of once daily patients failed to enter clinical remission compared to 44% of conventionally dosed patients (RR 0.95, 95% CI 0.82 to 1.10). Eight per cent of patients dosed once daily failed to adhere to their medication regimen compared to 6% of conventionally dosed patients (RR 1.36, 95% CI 0.64 to 2.86). There does not appear to be any difference in efficacy among the various 5-ASA formulations. Forty-eight per cent of patients in the 5-ASA group failed to enter remission compared to 50% of patients in the 5-ASA comparator group (RR 0.94, 95% CI 0.86 to 1.03). A pooled analysis of the ASCEND (I, II and III, n = 1459 patients) studies found no statistically significant difference in clinical improvement between Asacol 4.8 g/day and 2.4 g/day used for the treatment of moderately active ulcerative colitis. Thirty-seven per cent of patients in the 4.8 g/day group failed to improve clinically compared to 41% of patients in the 2.4 g/day group (RR 0.89; 95% CI 0.78 to 1.01). Subgroup analysis indicated that patients with moderate disease may benefit from the higher dose of 4.8 g/day. One study compared (n = 123 patients) Pentasa 4 g/day to 2.25 g/day in patients with moderate disease. Twenty-five per cent of patients in the 4 g/day group failed to improve clinically compared to 57% of patients in the 2.25 g/day group (RR 0.44; 95% CI 0.27 to 0.71). A pooled analysis of two studies comparing MMX mesalamine 4.8 g/day to 2.4 g/day found no statistically significant difference in efficacy (RR 1.03, 95% CI 0.82 to 1.29). 5-ASA was generally safe and common adverse events included flatulence, abdominal pain, nausea, diarrhea, headache and worsening ulcerative colitis. There were no statistically significant differences in the incidence of adverse events between 5-ASA and placebo, once daily and conventionally dosed 5-ASA, 5-ASA and comparator 5-ASA formulation and 5-ASA dose ranging (high dose versus low dose) studies. SASP was not as well tolerated as 5-ASA. Twenty-nine percent of SASP patients experienced an adverse event compared to 15% of 5-ASA patients (RR 0.48, 95% CI 0.37 to 0.63).</P>
</ABS_RESULTS>
    <ABS_CONCLUSIONS>
<P>5-ASA was superior to placebo and no more effective than SASP. Considering their relative costs, a clinical advantage to using oral 5-ASA in place of SASP appears unlikely. 5-ASA dosed once daily appears to be as efficacious and safe as conventionally dosed 5-ASA. Adherence does not appear to be enhanced by once daily dosing in the clinical trial setting. It is unknown if once daily dosing of 5-ASA improves adherence in a community-based setting. There do not appear to be any differences in efficacy or safety among the various 5-ASA formulations. A daily dosage of 2.4 g appears to be a safe and effective induction therapy for patients with mild to moderately active ulcerative colitis. Patients with moderate disease may benefit from an initial dose of 4.8 g/day.</P>
</ABS_CONCLUSIONS>
  </ABSTRACT>
</DOC>
