<?xml version="1.0"?>
<DOC>
  <TITLE TRANSLATED="NO">Percutaneous transluminal balloon angioplasty and stenting for carotid artery stenosis</TITLE>
  <SUMMARY>
    <SUMMARY_TITLE>Catheter balloons and metal tubes for narrowing of neck arteries</SUMMARY_TITLE>
    <SUMMARY_BODY>
<P>Carotid stenosis, a narrowing of one of the major blood vessels which carries blood to the brain, can cause a stroke. The standard treatment is to remove the narrowing by a surgical operation (carotid endarterectomy). An alternative treatment (balloon angioplasty) uses a fine catheter tube which has a small balloon at its tip. This catheter is passed through the skin and into the blood vessel until the balloon reaches the point of narrowing in the carotid artery in the neck. The balloon is briefly inflated to stretch the artery and reduce the degree of narrowing. More recently a metal tube (stent) is placed inside the artery to prevent it narrowing down again after the catheter is removed. The procedures of balloon angioplasty and stenting are called endovascular treatment. This review included 16 trials involving 7572 participants and showed that endovascular treatment causes more strokes or death around the time of the procedure than conventional surgery. This risk was mainly seen in elderly patients over the age of 70 years. Heart attacks, injuries to the nerves in the neck and bleeding at the site of treatment are less common with endovascular treatment. After the initial treatment the risk of stroke or death is similar with endovascular treatment compared with conventional surgery, although treated arteries are more likely to narrow down again after endovascular treatment. Further follow-up is needed to see which treatment provides the best chance of long-term freedom from stroke.</P>
</SUMMARY_BODY>
  </SUMMARY>
  <ABSTRACT>
    <ABS_BACKGROUND>
<P>Endovascular treatment by transluminal balloon angioplasty or stent insertion may be a useful alternative to carotid endarterectomy for the treatment of atherosclerotic carotid artery stenosis. This review updates a previous version first published in 1997 and subsequently updated in 2004 and 2007.</P>
</ABS_BACKGROUND>
    <ABS_OBJECTIVES>
<P>To assess the benefits and risks of endovascular treatment compared with carotid endarterectomy or medical therapy in patients with symptomatic or asymptomatic carotid stenosis.</P>
</ABS_OBJECTIVES>
    <ABS_SEARCH_STRATEGY>
<P>We searched the Cochrane Stroke Group Trials Register (last searched January 2012) and the following databases: the Cochrane Central Register of Controlled Trials (CENTRAL) (<I>The Cochrane Library</I> 2010, Issue 4), MEDLINE (1950 to January 2011), EMBASE (1980 to January 2011) and Science Citation Index (1945 to January 2011). We also searched ongoing trials registers (January 2011) and reference lists and contacted researchers in the field.</P>
</ABS_SEARCH_STRATEGY>
    <ABS_SELECTION_CRITERIA>
<P>Randomised trials comparing endovascular treatment (including balloon angioplasty or stenting) with endarterectomy or medical therapy for symptomatic or asymptomatic atherosclerotic carotid stenosis.</P>
</ABS_SELECTION_CRITERIA>
    <ABS_DATA_COLLECTION>
<P>One review author selected trials for inclusion, assessed trial quality and extracted data. A second review author independently validated trial selection and a third review author independently validated data extraction. We calculated treatment effects as odds ratios (OR) and 95% confidence intervals (CI), with endovascular treatment as the reference group. We quantified heterogeneity using the I² statistic.</P>
</ABS_DATA_COLLECTION>
    <ABS_RESULTS>
<P>We included 16 trials involving 7572 patients. In patients with symptomatic carotid stenosis at standard surgical risk, endovascular treatment was associated with a higher risk of the following outcome measures occurring between randomisation and 30 days after treatment than endarterectomy: death or any stroke (the primary safety outcome) (OR 1.72, 95% CI 1.29 to 2.31, P = 0.0003; I² = 27%), death or any stroke or myocardial infarction (OR 1.44, 95% CI 1.15 to 1.80, P = 0.002; I² = 7%), and any stroke (OR 1.81, 95% CI 1.40 to 2.34, P &lt; 0.00001; I² = 12%). The OR for the primary safety outcome was 1.16 (95% CI 0.80 to 1.67) in patients &lt; 70 years old and 2.20 (95% CI 1.47 to 3.29) in patients ≥ 70 years old (interaction P = 0.02).</P>
<P>The rate of death or major or disabling stroke did not differ significantly between treatments (OR 1.28, 95% CI 0.93 to 1.77, P = 0.13; I² = 0%). Endovascular treatment was associated with lower risks of myocardial infarction (OR 0.44, 95% CI 0.23 to 0.87, P = 0.02; I² = 0%), cranial nerve palsy (OR 0.08, 95% CI 0.05 to 0.14, P &lt; 0.00001; I² = 0%) and access site haematomas (OR 0.37, 95% CI 0.18 to 0.77, P = 0.008; I² = 27%).</P>
<P>The combination of death or any stroke up to 30 days after treatment or ipsilateral stroke during follow-up (the primary combined safety and efficacy outcome) favoured endarterectomy (OR 1.39, 95% CI 1.10 to 1.75, P = 0.005; I² = 0%), but the rate of ipsilateral stroke after the peri-procedural period did not differ between treatments (OR 0.93, 95% CI 0.60 to 1.45, P = 0.76; I² = 0%).</P>
<P>Restenosis during follow-up was more common in patients receiving endovascular treatment than in patients assigned surgery (OR 2.41, 95% CI 1.28 to 4.53, P = 0.007; I² = 55%). In patients with asymptomatic carotid stenosis, treatment effects on the primary safety (OR 1.71, 95% CI 0.78 to 3.76, P = 0.18; I² = 0%) and combined safety and efficacy outcomes (OR 1.75, 95% CI 0.92 to 3.33, P = 0.09; I² = 0%) were similar to symptomatic patients, but differences between treatments were not statistically significant. Among patients not suitable for surgery, the rate of death or any stroke between randomisation and end of follow-up did not differ significantly between endovascular treatment and medical care (OR 0.22, 95% CI 0.01 to 7.92, P = 0.41; I² = 79%).</P>
</ABS_RESULTS>
    <ABS_CONCLUSIONS>
<P>Endovascular treatment is associated with an increased risk of peri-procedural stroke or death compared with endarterectomy. However, this excess risk appears to be limited to older patients. The longer term efficacy of endovascular treatment and the risk of restenosis are unclear and require further follow-up of existing trials. Further trials are needed to determine the optimal treatment for asymptomatic carotid stenosis.</P>
</ABS_CONCLUSIONS>
  </ABSTRACT>
</DOC>
