<?xml version="1.0"?>
<DOC>
  <TITLE TRANSLATED="NO">Maternal nutrient supplementation for suspected impaired fetal growth</TITLE>
  <SUMMARY>
    <SUMMARY_TITLE>Maternal nutrient supplementation for suspected impaired fetal growth</SUMMARY_TITLE>
    <SUMMARY_BODY>
<P>Too little evidence to show whether extra carnitine, solcoseryl, glucose or galactose for pregnant women benefits babies in the womb who are smaller than expected.</P>
<P>Babies growing more slowly than expected in the womb (impaired fetal growth) may be receiving too few nutrients from their mothers. Some nutrients thought to improve an unborn baby's growth include carnitine (amino acid which releases energy from fat), solcoseryl (protein-free calf blood extract), glucose and galactose (fruit, meat and milk sugars). The review of four trials, involving 165 women, found that there is too little evidence to show whether the baby's growth improves when a pregnant woman supplements her intake of these nutrients by mouth or injection. More research is needed into the effects of pregnant women supplementing their diets with these nutrients.</P>
</SUMMARY_BODY>
  </SUMMARY>
  <ABSTRACT>
    <ABS_BACKGROUND>
<P>One way of attempting to improve fetal growth has been nutrient supplementation for the mother when fetal growth is impaired. Different nutrients such as carbohydrates and amino acids have been suggested as treatments for impaired fetal growth. </P>
</ABS_BACKGROUND>
    <ABS_OBJECTIVES>
<P>The objective of this review was to assess the effects of nutrient administration for suspected fetal growth impairment on fetal growth and perinatal outcome.</P>
</ABS_OBJECTIVES>
    <ABS_SEARCH_STRATEGY>
<P>We searched the Cochrane Pregnancy and Childbirth Group's Trials Register (March 2010).</P>
</ABS_SEARCH_STRATEGY>
    <ABS_SELECTION_CRITERIA>
<P>Acceptably controlled trials of nutrient administration for suspected impaired fetal growth compared to placebo or no treatment.</P>
</ABS_SELECTION_CRITERIA>
    <ABS_DATA_COLLECTION>
<P>We assessed trial quality.</P>
</ABS_DATA_COLLECTION>
    <ABS_RESULTS>
<P>Four studies, involving 165 women, were included. The trials were small or had methodological limitations, or both. Carnite was associated with shorter pregnancy duration after enrolment (mean difference -2.12, 95% confidence interval -3.58 to -0.66 weeks). Intraamniotic administration of nutrients was related to higher birthweight (2575 g, standard deviation (SD) 780) as compared to intravenous administration (2080 g SD 457). No other differences were found.</P>
</ABS_RESULTS>
    <ABS_CONCLUSIONS>
<P>There is not enough evidence to evaluate the use of nutrient therapy for suspected impaired fetal growth. The studies were too small to assess clinical outcomes adequately.</P>
</ABS_CONCLUSIONS>
  </ABSTRACT>
</DOC>
