<?xml version="1.0"?>
<DOC>
  <TITLE TRANSLATED="NO">Prophylactic protein free synthetic surfactant for preventing morbidity and mortality in preterm infants</TITLE>
  <SUMMARY>
    <SUMMARY_TITLE>Prophylactic protein free synthetic surfactant for preventing morbidity and mortality in preterm infants</SUMMARY_TITLE>
    <SUMMARY_BODY>
<P>Pulmonary surfactant is a substance that prevents the air sacs of the lungs from collapsing by reducing surface tension. Surfactant is essential to normal lung function in newborn babies. Sometimes it is absent in immature lungs and respiratory distress syndrome (RDS) can develop. Protein free synthetic surfactants have been developed and can be used for babies born prematurely (before 34 weeks) who are at risk of developing RDS. The review of trials found evidence that synthetic surfactant reduced the risk of RDS in babies considered at risk. Babies who receive prophylactic synthetic surfactant have a decreased risk of RDS, pneumothorax (air in the lung cavity) and death. However, babies who receive prophylactic synthetic surfactant have an increased risk of developing lung hemorrhage and patent ductus arteriosus, an open vessel that channels blood from the lungs to the body. Although this can lead to potentially life threatening complications, the overall benefits of surfactant treatment outweigh the risks.</P>
</SUMMARY_BODY>
  </SUMMARY>
  <ABSTRACT>
    <ABS_BACKGROUND>
<P>Respiratory distress syndrome (RDS) is caused by a deficiency or dysfunction of pulmonary surfactant. A variety of surfactant products including protein free synthetic surfactant have been developed and tested in the prevention and treatment of RDS.</P>
</ABS_BACKGROUND>
    <ABS_OBJECTIVES>
<P>To assess the effect of prophylactic administration of protein free synthetic surfactant (SS) on mortality, chronic lung disease and other morbidities associated with prematurity in preterm newborns at risk for developing RDS. Subgroup analysis were planned according to the degree of prematurity, surfactant product and dosage schedule.</P>
</ABS_OBJECTIVES>
    <ABS_SEARCH_STRATEGY>
<P>Searches were made of the <I>The Cochrane Library, </I>MEDLINE, OVID, EMBASE, CINAHL from 1966 to 2009. In addition, previous reviews including cross references and abstracts from the Society for Pediatric Research were searched. No language restrictions were applied.</P>
</ABS_SEARCH_STRATEGY>
    <ABS_SELECTION_CRITERIA>
<P>Randomized and quasi-randomized controlled trials that compared the effect of protein free SS administered to high risk preterm newborns at or shortly after birth in order to prevent RDS, mortality and complications of prematurity.</P>
</ABS_SELECTION_CRITERIA>
    <ABS_DATA_COLLECTION>
<P>Data regarding clinical outcomes was excerpted from the clinical trials by the reviewers. Data were analyzed according to the standards of the Cochrane Neonatal Review Group.</P>
</ABS_DATA_COLLECTION>
    <ABS_RESULTS>
<P>Studies of prophylactic administration of protein free SS note a variable improvement in the respiratory status and a decrease in respiratory distress syndrome in infants who receive prophylactic protein free SS. The meta-analysis supports a decrease in the risk of pneumothorax (typical relative risk 0.67, 95% CI 0.50, 0.90), pulmonary interstitial emphysema (typical relative risk 0.68, 95% CI 0.50, 0.93), and neonatal mortality (typical relative risk 0.70, 95% CI 0.58, 0.85). No differences were seen in the risk of intraventricular hemorrhage, necrotizing enterocolitis, bronchopulmonary dysplasia, retinopathy of prematurity and cerebral palsy. The meta-analysis supports an increase in the risk of patent ductus arteriosus associated with prophylactic SS administration (typical relative risk 1.11, 95% CI 1.00, 1.22), and an increase in the risk of pulmonary hemorrhage (typical relative risk 3.28, 95% CI 1.50, 7.16).</P>
</ABS_RESULTS>
    <ABS_CONCLUSIONS>
<P>Prophylactic intratracheal administration of protein free synthetic surfactant to infants at risk of developing respiratory distress syndrome has been demonstrated to improve clinical outcome. Infants who receive prophylactic protein free SS have a decreased risk of pneumothorax, a decreased risk of pulmonary interstitial emphysema, and a decreased risk of neonatal mortality. Infants who receive prophylactic protein free SS have an increased risk of developing patent ductus arteriosus and pulmonary hemorrhage.</P>
</ABS_CONCLUSIONS>
  </ABSTRACT>
</DOC>
