<?xml version="1.0"?>
<DOC>
  <TITLE TRANSLATED="NO">Extra-abdominal versus intra-abdominal repair of the uterine incision at caesarean section</TITLE>
  <SUMMARY>
    <SUMMARY_TITLE>Extra-abdominal versus intra-abdominal repair of the uterine incision at caesarean section</SUMMARY_TITLE>
    <SUMMARY_BODY>
<P>There is not enough evidence to say if closing the cut in the womb after caesarean section is better done within the abdomen or outside.</P>
<P>In order to perform a caesarean section, the mother's abdomen and then the uterus need to be cut in order for the baby to be born. These cuts then need to be stitched up (sutured). It has been suggested that it might be easier to bring the uterus outside the abdomen in order to suture it and then return it to its place, rather than suturing it in position. The review of six trials found that there was not enough evidence to say if this was better for the mother or not. More research is needed.</P>
</SUMMARY_BODY>
  </SUMMARY>
  <ABSTRACT>
    <ABS_BACKGROUND>
<P>Different techniques have been described to reduce morbidity during caesarean section. After the baby has been born by caesarean section and the placenta has been extracted, temporary removal of the uterus from the abdominal cavity (exteriorisation of the uterus) to facilitate repair of the uterine incision has been postulated as a valuable technique. This is particularly so when exposure of the incision is difficult and when there are problems with haemostasis. Several clinical trials have been done, with varying results, including substantial reduction in the rate of postoperative infection and morbidity with extra-abdominal closure of the uterine incision, and less associated peri-operative haemorrhage. Subsequent studies suggest that the method of placental removal rather than method of closure of the uterine incision influences peri-operative morbidity.<BR/>
</P>
</ABS_BACKGROUND>
    <ABS_OBJECTIVES>
<P>To evaluate the effects of extra-abdominal repair of the uterine incision compared to intra-abdominal repair. </P>
</ABS_OBJECTIVES>
    <ABS_SEARCH_STRATEGY>
<P>We searched the Cochrane Pregnancy and Childbirth Group's Trials Register (September 2003), the Cochrane Central Register of Controlled Trials (<I>The Cochrane Library</I>, 2003, Issue 3) and PubMed (1966 to 2003). We updated the search of the Cochrane Pregnancy and Childbirth Group's Trials Register on 12 January 2011 and added the results to the awaiting classification section.</P>
</ABS_SEARCH_STRATEGY>
    <ABS_SELECTION_CRITERIA>
<P>Randomised controlled trials involving a comparison of uterine exteriorisation with intra-abdominal repair of the uterine incision in women undergoing caesarean section.</P>
</ABS_SELECTION_CRITERIA>
    <ABS_DATA_COLLECTION>
<P>Two reviewers independently assessed the trials identified for inclusion. We compared categorical data using relative risks and 95% confidence intervals and continuous data using the weighted mean difference with 95% confidence intervals. We tested for statistical heterogeneity between trials using the I squared test. Where no significant heterogeneity (greater than 50%) existed, we pooled data using a fixed effect model. If significant heterogeneity existed, a random effects model was used.<BR/> </P>
</ABS_DATA_COLLECTION>
    <ABS_RESULTS>
<P>Six studies were included, with 1294 women randomised overall, and 1221 women included in the analysis. There were no statistically significant differences between the groups in most of the outcomes identified, except for febrile morbidity and length of hospital stay. With extra-abdominal closure of the uterine incision, febrile morbidity was lower (relative risk 0.41, 95% confidence interval (CI) 0.17 to 0.97), and the hospital stay was longer (weighted mean difference 0.24 days, 95% CI 0.08 to 0.39). <BR/> </P>
</ABS_RESULTS>
    <ABS_CONCLUSIONS>
<P>There is no evidence from this review to make definitive conclusions about which method of uterine closure offers greater advantages, if any. However, these results are based on too few and too small studies to detect differences in rare, but severe, complications.</P>
<P>[Note: The 12 citations in the awaiting classification section of the review may alter the conclusions of the review once assessed.]</P>
</ABS_CONCLUSIONS>
  </ABSTRACT>
</DOC>
