<?xml version="1.0"?>
<DOC>
  <TITLE TRANSLATED="NO">Mucolytics for bronchiectasis</TITLE>
  <SUMMARY>
    <SUMMARY_TITLE>Mucolytic drugs (to help make phlegm easier to cough up) for people with bronchiectasis</SUMMARY_TITLE>
    <SUMMARY_BODY>
<P>Bronchiectasis is a lung condition that usually develops after a series of lung problems (such as childhood infections, problems in the lung structure, tuberculosis, and cystic fibrosis). A lot of mucus (phlegm) collects in the lungs, causing discomfort and the need to cough it up. The phlegm also collects bacteria, which can add to breathing difficulties. Mucolytic drugs break down phlegm, which can make it easier to cough up. However, the review of trials found there is not enough evidence about the effects of mucolytics for people with bronchiectasis.</P>
</SUMMARY_BODY>
  </SUMMARY>
  <ABSTRACT>
    <ABS_BACKGROUND>
<P>Bronchiectasis is predominantly an acquired disease process representing the end stage of a variety of unrelated pulmonary insults. It is defined as a persistent irreversible dilatation and distortion of medium-sized bronchi. Patients diagnosed with bronchiectasis frequently have difficulty expectorating the infected sputum. Mucolytic agents target hyper-secretion or changed physiochemical properties of sputum to make it easier to clear. One drug, recombinant human DNase, breaks down the DNA that is released at the site of infection by neutrophils.</P>
</ABS_BACKGROUND>
    <ABS_OBJECTIVES>
<P>The objective of this review was to assess the effects of ingested or inhaled mucolytics in people with bronchiectasis.</P>
</ABS_OBJECTIVES>
    <ABS_SEARCH_STRATEGY>
<P>We searched the Cochrane Airways Group Specialised Register and reference lists of relevant articles. We also contacted experts in the field and drug companies. Searches were current as of January 2010.</P>
</ABS_SEARCH_STRATEGY>
    <ABS_SELECTION_CRITERIA>
<P>Randomised trials of mucolytic treatment in people with bronchiectasis but not cystic fibrosis.</P>
</ABS_SELECTION_CRITERIA>
    <ABS_DATA_COLLECTION>
<P>Data extraction was performed independently by two reviewers. Study authors were contacted for confirmation.</P>
</ABS_DATA_COLLECTION>
    <ABS_RESULTS>
<P>Three trials were included, but none of their data could be aggregated in a meta analysis. Compared to placebo, high doses of bromhexine with antibiotics eased difficulty in expectoration (weighted mean difference -0.53, 95% confidence interval -0.81 to -0.25 at 16 days). There was also a reduction in sputum production with bromhexine (weighted mean difference -21.5%, 95% confidence interval -38.9 to -4.1 % at day 16). Compared to placebo, recombinant human DNase showed no difference in forced expiratory volume or forced vital capacity in one study and was reported to have a significant negative effect on forced expiratory volume in another study. Adverse effects, including influenza-like symptoms, were more common in the group receiving recombinant human DNase. An update search conducted in January 2010 did not yield any further studies for inclusion in the review.</P>
</ABS_RESULTS>
    <ABS_CONCLUSIONS>
<P>There is not enough evidence to evaluate the routine use of mucolytics for bronchiectasis. High doses of bromhexine coupled with antibiotics may help with sputum production and clearance. </P>
</ABS_CONCLUSIONS>
  </ABSTRACT>
</DOC>
