<?xml version="1.0"?>
<DOC>
  <TITLE TRANSLATED="NO">Umbilical artery catheters in the newborn: effects of catheter materials</TITLE>
  <SUMMARY>
    <SUMMARY_TITLE>Umbilical artery catheters in the newborn: effects of catheter materials</SUMMARY_TITLE>
    <SUMMARY_BODY>
<P>A catheter (tube) placed in one of the arteries located in the umbilical cord is commonly uses for monitoring blood pressure or drawing blood in sick newborn babies. There seems to be significant variation between neonatal intensive care units in exactly how these catheters are used. This variation involves whether drugs that decrease blood clotting are added, what catheter materials is used, the catheter design, and the positioning of the catheter. This review looked at the effect of catheter material.</P>
<P>There were no significant effects of substituting a heparin bonded polyurethane catheter (a plastic catheter with anticoagulant medication built into the catheter) for the standard PVC catheter (a plastic catheter without the medication). The non-randomized study suggested that there may possibly be a benefit of using a catheter constructed from the material Silastic in reducing blood clots in the aorta.  </P>
<P>Based on the limited information from this review, there are no demonstrated clinically relevant differences in outcomes between the use of PVC catheters and other materials. Therefore, other considerations such as price and ease of availability may dictate the catheter chosen. A trial that is large enough to demonstrate important clinical differences is warranted.</P>
</SUMMARY_BODY>
  </SUMMARY>
  <ABSTRACT>
    <ABS_BACKGROUND>
<P>Umbilical arterial catheters (UACs) are among the most commonly used monitoring methodologies in neonatal intensive care. There seems to be significant variance between neonatal intensive care units in exactly how these catheters are used. This variance involves heparin dosing, catheter materials and catheter design, and positioning of the catheter.</P>
</ABS_BACKGROUND>
    <ABS_OBJECTIVES>
<P>To determine whether the material used for construction of an umbilical arterial catheter influences the frequency of ischemic events, aortic thrombosis, mortality or necrotising enterocolitis in newborn infants.</P>
</ABS_OBJECTIVES>
    <ABS_SEARCH_STRATEGY>
<P>Randomized and quasi-randomized controlled trials of umbilical catheterization use were obtained using the search methods of the Cochrane Neonatal Review Group. <I>The Cochrane Library, </I>MEDLINE (search via PubMed), CINAHL and EMBASE were searched from 1999 to 2009.</P>
</ABS_SEARCH_STRATEGY>
    <ABS_SELECTION_CRITERIA>
<P>Randomized studies in newborn infants of any birthweight or gestation. <BR/>Comparison of different catheter materials.<BR/>Clinically important end points such as ischemic events, aortic thrombosis, or catheter occlusion.</P>
</ABS_SELECTION_CRITERIA>
    <ABS_DATA_COLLECTION>
<P>One non-randomized and one randomized study were retrieved.</P>
</ABS_DATA_COLLECTION>
    <ABS_RESULTS>
<P>There were no significant effects of substituting a heparin bonded polyurethane catheter for the standard PVC catheter. The non-randomized study suggested that there may possibly be a benefit of using a catheter constructed from Silastic, with a reduction in aortic thrombosis.</P>
</ABS_RESULTS>
    <ABS_CONCLUSIONS>
<P>There are no demonstrated clinically relevant differences in outcomes between the use of PVC catheters and other materials. Therefore, other considerations such as price and ease of availability may dictate the catheter chosen. An adequately powered randomized comparison of silastic to PVC should be performed.</P>
</ABS_CONCLUSIONS>
  </ABSTRACT>
</DOC>
