<?xml version="1.0"?>
<DOC>
  <TITLE TRANSLATED="NO">Acupuncture for migraine prophylaxis</TITLE>
  <SUMMARY>
    <SUMMARY_TITLE>Acupuncture for migraine prophylaxis</SUMMARY_TITLE>
    <SUMMARY_BODY>
<P>Migraine patients suffer from recurrent attacks of mostly one-sided, severe headache. Acupuncture is a therapy in which thin needles are inserted into the skin at defined points; it originates from China. Acupuncture is used in many countries for migraine prophylaxis – that is, to reduce the frequency and intensity of migraine attacks.</P>
<P>We reviewed 22 trials which investigated whether acupuncture is effective in the prophylaxis of migraine. Six trials investigating whether adding acupuncture to basic care (which usually involves only treating acute headaches) found that those patients who received acupuncture had fewer headaches. Fourteen trials compared true acupuncture with inadequate or fake acupuncture interventions in which needles were either inserted at incorrect points or did not penetrate the skin. In these trials both groups had fewer headaches than before treatment, but there was no difference between the effects of the two treatments. In the four trials in which acupuncture was compared to a proven prophylactic drug treatment, patients receiving acupuncture tended to report more improvement and fewer side effects. Collectively, the studies suggest that migraine patients benefit from acupuncture, although the correct placement of needles seems to be less relevant than is usually thought by acupuncturists.</P>
</SUMMARY_BODY>
  </SUMMARY>
  <ABSTRACT>
    <ABS_BACKGROUND>
<P>Acupuncture is often used for migraine prophylaxis but its effectiveness is still controversial. This review (along with a companion review on 'Acupuncture for tension-type headache') represents an updated version of a Cochrane review originally published in Issue 1, 2001, of <I>The Cochrane Library</I>.</P>
</ABS_BACKGROUND>
    <ABS_OBJECTIVES>
<P>To investigate whether acupuncture is a) more effective than no prophylactic treatment/routine care only; b) more effective than 'sham' (placebo) acupuncture; and c) as effective as other interventions in reducing headache frequency in patients with migraine.</P>
</ABS_OBJECTIVES>
    <ABS_SEARCH_STRATEGY>
<P>The Cochrane Pain, Palliative &amp; Supportive Care Trials Register, CENTRAL, MEDLINE, EMBASE and the Cochrane Complementary Medicine Field Trials Register were searched to January 2008.</P>
</ABS_SEARCH_STRATEGY>
    <ABS_SELECTION_CRITERIA>
<P>We included randomized trials with a post-randomization observation period of at least 8 weeks that compared the clinical effects of an acupuncture intervention with a control (no prophylactic treatment or routine care only), a sham acupuncture intervention or another intervention in patients with migraine.</P>
</ABS_SELECTION_CRITERIA>
    <ABS_DATA_COLLECTION>
<P>Two reviewers checked eligibility; extracted information on patients, interventions, methods and results; and assessed risk of bias and quality of the acupuncture intervention. Outcomes extracted included response (outcome of primary interest), migraine attacks, migraine days, headache days and analgesic use. Pooled effect size estimates were calculated using a random-effects model.</P>
</ABS_DATA_COLLECTION>
    <ABS_RESULTS>
<P>Twenty-two trials with 4419 participants (mean 201, median 42, range 27 to 1715) met the inclusion criteria. Six trials (including two large trials with 401 and 1715 patients) compared acupuncture to no prophylactic treatment or routine care only. After 3 to 4 months patients receiving acupuncture had higher response rates and fewer headaches. The only study with long-term follow up saw no evidence that effects dissipated up to 9 months after cessation of treatment. Fourteen trials compared a 'true' acupuncture intervention with a variety of sham interventions. Pooled analyses did not show a statistically significant superiority for true acupuncture for any outcome in any of the time windows, but the results of single trials varied considerably. Four trials compared acupuncture to proven prophylactic drug treatment. Overall in these trials acupuncture was associated with slightly better outcomes and fewer adverse effects than prophylactic drug treatment. Two small low-quality trials comparing acupuncture with relaxation (alone or in combination with massage) could not be interpreted reliably.</P>
</ABS_RESULTS>
    <ABS_CONCLUSIONS>
<P>In the previous version of this review, evidence in support of acupuncture for migraine prophylaxis was considered promising but insufficient. Now, with 12 additional trials, there is consistent evidence that acupuncture provides additional benefit to treatment of acute migraine attacks only or to routine care. There is no evidence for an effect of 'true' acupuncture over sham interventions, though this is difficult to interpret, as exact point location could be of limited importance. Available studies suggest that acupuncture is at least as effective as, or possibly more effective than, prophylactic drug treatment, and has fewer adverse effects. Acupuncture should be considered a treatment option for patients willing to undergo this treatment.</P>
</ABS_CONCLUSIONS>
  </ABSTRACT>
</DOC>
