<?xml version="1.0"?>
<DOC>
  <TITLE TRANSLATED="NO">Extramedullary fixation implants and external fixators for extracapsular hip fractures in adults</TITLE>
  <SUMMARY>
    <SUMMARY_TITLE>Fixation devices secured across the fracture that are placed either directly or externally for treating hip fractures located outside the hip joint</SUMMARY_TITLE>
    <SUMMARY_BODY>
<P>Hip fractures located outside the hip joint capsule (extracapsular hip fractures) may be surgically fixed using metal implants. Often these are extramedullary devices consisting of a screw or rod, inserted in the upper part of the thigh bone (femur) to bridge (fix) the fracture, connected to a plate secured to the femur. Sometimes external fixators are used. In these, the stabilising component is held outside the thigh by pins or screws driven into the bone on either side of the fracture.</P>
<P>The 18 randomised controlled trials included in this review tested seven comparisons in a total of 2615 mainly female and older participants. All trials had methodological flaws that may affect the validity of their results and there was a general lack of evidence on long-term effects and functional recovery. Some extramedullary implants appeared to be associated with an increased risk of fixation complications and reoperation. In particular, three trials comparing a fixed nail plate (Jewett or McLaughlin) with the sliding hip screw (the 'standard' extramedullary device for these fractures) found an increased risk of fixation failure for fixed nail plates. Less invasive implants, such as the external fixator, which require smaller incisions resulted in less blood loss and often quicker operations than the sliding hip screw.</P>
<P>We concluded that the sliding hip screw seems preferable to older types of fixed nail plates given their high rate of implant and fixation failure. However, there was not enough evidence to draw conclusions for other comparisons of extramedullary implants or on the use of external fixators.</P>
</SUMMARY_BODY>
  </SUMMARY>
  <ABSTRACT>
    <ABS_BACKGROUND>
<P>Extramedullary fixation of hip fractures involves the application of a plate and screws to the lateral side of the proximal femur. In external fixators, the stabilising component is held outside the thigh by pins or screws driven into the bone. This is an update of a Cochrane review first published in 1998, and last updated in 2005.</P>
</ABS_BACKGROUND>
    <ABS_OBJECTIVES>
<P>To assess the relative effects of different types of extramedullary fixation implant, as well as external fixators, for treating extracapsular proximal femoral (hip) fractures in adults.</P>
</ABS_OBJECTIVES>
    <ABS_SEARCH_STRATEGY>
<P>We searched the Cochrane Bone, Joint and Muscle Trauma Group Specialised Register (July 2011), the Cochrane Central Register of Controlled Trials (<I>The Cochrane Library </I>2011, Issue 2), MEDLINE (1966 to June Week 4 2011), EMBASE (1988 to 2011 Week 25), various other databases, conference proceedings and reference lists.</P>
</ABS_SEARCH_STRATEGY>
    <ABS_SELECTION_CRITERIA>
<P>Randomised or quasi-randomised controlled trials comparing extramedullary implants or external fixators for fixing extracapsular hip fracture in adults were included.</P>
</ABS_SELECTION_CRITERIA>
    <ABS_DATA_COLLECTION>
<P>Two review authors independently selected trials, assessed risk of bias and extracted data. Data were pooled where appropriate.</P>
</ABS_DATA_COLLECTION>
    <ABS_RESULTS>
<P>The 18 included trials tested seven comparisons in a total of 2615 mainly female and older participants with a total of 2619 fractures. All trials had methodological flaws that may affect the validity of their results.</P>
<P>Three trials of 355 participants comparing a fixed nail plate (Jewett or McLaughlin) with the sliding hip screw (SHS) found an increased risk of fixation failure for fixed nail plates.</P>
<P>The two trials of 433 participants comparing the Resistance Augmented Bateaux (RAB) plate with the SHS had contrasting results, notably in terms of operative complications, fixation failure and anatomical restoration.</P>
<P>One trial of 100 participants comparing the Pugh nail and the SHS found no significant difference between implants.</P>
<P>Three trials of 458 participants compared the Medoff plate with the SHS. There was a trend to higher blood losses and longer operation times for the Medoff plate along with a trend to a lower risk of fixation failure with the Medoff plate for unstable trochanteric fractures.</P>
<P>Two trials of 676 participants compared the Medoff plate with three different screw-plate systems. There were no statistically significant differences in outcome for trochanteric fractures. For subtrochanteric fractures, there was a lower fixation failure rate for the Medoff plate but no evidence for differences in longer-term outcomes.</P>
<P>Four trials of 396 participants comparing the Gotfried percutaneous compression plate (PCCP) with a SHS found a trend to lower blood loss and transfusion requirements for the PCCP but no other confirmed differences in outcomes between implants. Three of the trials reported intra-operative problems with the PCCP, some of which precluded its use.</P>
<P>Three trials of 200 participants comparing external fixation with a SHS found less operative trauma for the external fixation. Final outcome appeared similar.</P>
</ABS_RESULTS>
    <ABS_CONCLUSIONS>
<P>The markedly increased fixation failure rate of fixed nail plates compared with the SHS is a major consideration and thus the SHS appears preferable.</P>
<P>There was insufficient evidence from other comparisons of extramedullary implants or on the use of external fixators to draw definite conclusions.</P>
</ABS_CONCLUSIONS>
  </ABSTRACT>
</DOC>
