<?xml version="1.0"?>
<DOC>
  <TITLE TRANSLATED="NO">Vitamin A supplementation to prevent mortality and short- and long-term morbidity in very low birthweight infants</TITLE>
  <SUMMARY>
    <SUMMARY_TITLE>Vitamin A supplementation to prevent mortality and short- and long-term morbidity in very low birthweight infants</SUMMARY_TITLE>
    <SUMMARY_BODY>
<P>Vitamin A is a group of fat-soluble compounds used by the body for regulation and promotion of growth and differentiation of many cells, including cells in the retina of the eye and the cells that line the lung. Preterm infants have low vitamin A levels at birth. This may contribute to an increased risk of developing chronic lung disease, and hence a requirement for oxygen. It is possible that additional vitamin A supplement may reduce complications of prematurity, including abnormal development of the retina (retinopathy), bleeding in the brain (intraventricular haemorrhage), and damage to the gut from inflammation (necrotising enterocolitis) as well as reducing respiratory infections. Too much vitamin A is potentially harmful as it can raise intracranial pressure and cause skin and mucous membrane changes (injury or lesions), and vomiting. Nine trials were included in this review, eight comparing vitamin A with a control (placebo or no supplementation) and one comparing different vitamin A regimens. Supplementing very low birthweight infants with vitamin A by intramuscular injection or in the milk formula was associated with a trend toward a reduced number of deaths or oxygen requirement at one month of age compared to placebo. For surviving infants with birthweight less than 1000 g (three trials, 824 infants of which at least 96% had a birthweight &lt; 1000 g), fewer infants required oxygen at 36 weeks' postmenstrual age compared to the control; the number needed to treat for one to benefit was 13 (95% confidence interval 7 to 100). Three trials with information on retinopathy of prematurity suggested a trend towards reduced incidence in infants receiving vitamin A supplementation. The one trial that investigated neurodevelopmental status at 18 to 22 months of age correcting for prematurity found no evidence of benefit or harm associated with vitamin A supplementation compared to control. No adverse effects of vitamin A supplementation were reported, but it was noted that intramuscular injections of vitamin A were painful.</P>
</SUMMARY_BODY>
  </SUMMARY>
  <ABSTRACT>
    <ABS_BACKGROUND>
<P>Vitamin A is necessary for normal lung growth and the integrity of respiratory tract epithelial cells. Preterm infants have low vitamin A status at birth, and this has been associated with increased risk of developing chronic lung disease.</P>
</ABS_BACKGROUND>
    <ABS_OBJECTIVES>
<P>To evaluate vitamin A supplementation on the incidence of death and/or neonatal chronic lung disease and long-term neurodevelopmental disability in very low birthweight infants (VLBW); and to consider the effect of the supplementation route, dose, and timing.</P>
</ABS_OBJECTIVES>
    <ABS_SEARCH_STRATEGY>
<P>In August 2011, the Cochrane Central Regsiter of Controlled Trials (Central, <I>The Cochrane Library</I>), MEDLINE, Science Citation Index and the Oxford Database of Perinatal Trials were searched. The reference lists of relevant trials, paediatric and nutrition journals, and conference abstracts and proceedings were handsearched up to 2007.</P>
</ABS_SEARCH_STRATEGY>
    <ABS_SELECTION_CRITERIA>
<P>Randomised controlled trials comparing vitamin A supplementation with a control (placebo or no supplementation) or other dosage regimens in VLBW infants (birthweight ≤ 1500 g or &lt; 32 weeks' gestation).</P>
</ABS_SELECTION_CRITERIA>
    <ABS_DATA_COLLECTION>
<P>Both review authors screened the search results, extracted data, and assessed the trials' risk of bias. Results were reported as risk ratios (RR), risk differences (RD), and number needed to treat to benefit (NNTB), all with 95% confidence intervals (CI). Trialists were contacted for additional data.</P>
</ABS_DATA_COLLECTION>
    <ABS_RESULTS>
<P>Nine trials met the inclusion criteria, eight compared vitamin A supplementation with a control (1291 infants), and one compared different regimens (120 infants). Compared to the control group, vitamin A appears to be beneficial in reducing death or oxygen requirement at one month of age (RR 0.93, 95% CI 0.88 to 0.99; RD -0.05, 95% CI -0.10 to -0.01; NNTB 20, 95% CI 10 to 100; 1165 infants) and oxygen requirement at 36 weeks' postmenstrual age (RR 0.87, 95% CI 0.77 to 0.98; RD -0.08, 95% CI -0.14 to -0.01; NNTB 13, 95% CI 7 to 100; 824 infants). A trend towards a reduction in death or oxygen requirement at 36 weeks' postmenstrual age was also noted (RR 0.91, 95% CI 0.82 to 1.00; 1001 infants). Neurodevelopmental assessment of 88% of surviving infants in the largest trial showed no differences between the groups at 18 to 22 months of age, corrected for prematurity. The different dosage vitamin A regimens showed similar results.</P>
</ABS_RESULTS>
    <ABS_CONCLUSIONS>
<P>Whether clinicians decide to utilise repeat intramuscular doses of vitamin A to prevent chronic lung disease may depend upon the local incidence of this outcome and the value attached to achieving a modest reduction in this outcome, balanced against the lack of other proven benefits and the acceptability of treatment. Information on long-term neurodevelopmental status suggests no evidence of either benefit or harm from the intervention.</P>
</ABS_CONCLUSIONS>
  </ABSTRACT>
</DOC>
