<?xml version="1.0"?>
<DOC>
  <TITLE TRANSLATED="NO">Breathing exercises for asthma</TITLE>
  <SUMMARY>
    <SUMMARY_TITLE>Breathing exercises for asthma</SUMMARY_TITLE>
    <SUMMARY_BODY>
<P>The term 'breathing exercise or re-training' has numerous interpretations depending on the nature of the therapy, therapist and cultural background. The objective of this review was to assess the evidence for the effectiveness of breathing retraining for patients with asthma. Due to the small number of studies meeting the criteria for inclusion into this review, the small number of patients in the studies and the use of diverse interventions in the included studies, no reliable conclusions can be drawn as to the beneficial effects of breathing retraining in asthma. However with the introduction of two further studies trends for improvement in an increased number of outcomes were found. There is therefore a need for large scale trials involving breathing retraining in order to observe its effectiveness in the treatment and management of asthma. </P>
</SUMMARY_BODY>
  </SUMMARY>
  <ABSTRACT>
    <ABS_BACKGROUND>
<P>There is much anecdotal evidence in Eastern and Western literature describing considerable benefits for patients with asthma when treated with breathing interventions. The term 'breathing exercise, training and retraining' has numerous interpretations depending on the nature of the therapy, therapist and cultural background.</P>
</ABS_BACKGROUND>
    <ABS_OBJECTIVES>
<P>To assess the evidence for the efficacy of breathing retraining in the treatment of patients with asthma.</P>
</ABS_OBJECTIVES>
    <ABS_SEARCH_STRATEGY>
<P>Trials were searched for in the Cochrane Airways Group trials register, Cochrane Complementary Medicine Field trials register, EMBASE: Physical Medicine &amp; Rehabilitation Field, and Databases of the physiotherapy library of current research, World Congress of Physical Therapy Proceedings (1995) and AMED (Allied &amp; Complementary Medicine Database 1985-2003/4). Hand searching of the Association of Chartered Physiotherapists in Respiratory Care Journals was undertaken.</P>
<P>Chartered physiotherapists in the field of respiratory medicine were contacted and appeals made in the 'Physiotherapy' Journal and the Physiotherapy Respiratory Care magazine. Searches were undertaken of bibliographies from the included studies and other appropriate papers. Authors of included studies were contacted for information concerning other relevant trials.</P>
</ABS_SEARCH_STRATEGY>
    <ABS_SELECTION_CRITERIA>
<P>Randomised or quasi-randomised controlled trials of breathing retraining in patients of all ages with a diagnosis of asthma. Breathing retraining should be a major component of the treatment intervention.</P>
</ABS_SELECTION_CRITERIA>
    <ABS_DATA_COLLECTION>
<P>Two reviewers (EH &amp; FR) independently assessed trial quality and extracted data. Authors of included trials were contacted for additional data. Where possible adverse effects were noted.</P>
</ABS_DATA_COLLECTION>
    <ABS_RESULTS>
<P>Abstracts were identified and 42 full text papers were obtained for assessment and possible inclusion. Thirty five studies were excluded. A total of five studies were included in the original review. Two further studies have been added to this update. Most studies were of small size. Two studies demonstrated significant reductions in rescue bronchodilator use and three studies showed reductions in acute exacerbations, although these were measured in different ways. Two single studies showed significant improvements in quality of life measures. Overall, benefits of breathing exercises were found in isolated outcome measures in single studies. Five studies compared breathing retraining with no active control and two with asthma education control groups.</P>
</ABS_RESULTS>
    <ABS_CONCLUSIONS>
<P>Comparisons and conclusions were difficult to evaluate as treatment interventions and outcome measurements from the seven trials varied considerably. At present therefore no reliable conclusions can be drawn concerning the use of breathing exercises for asthma in clinical practice. However trends for improvement, notably in quality of life measurements, are encouraging and further studies including full descriptions of treatment methods and outcome measurements are required. </P>
</ABS_CONCLUSIONS>
  </ABSTRACT>
</DOC>
