<?xml version="1.0"?>
<DOC>
  <TITLE TRANSLATED="NO">Interventions for trichomoniasis in pregnancy</TITLE>
  <SUMMARY>
    <SUMMARY_TITLE>Interventions for trichomoniasis in pregnancy</SUMMARY_TITLE>
    <SUMMARY_BODY>
<P>Metronidazole is effective against a trichomoniasis infection during pregnancy, but may increase the risk of preterm and low birthweight babies.</P>
<P>Trichomoniasis is a very common sexually transmitted infection. Symptoms include vaginal itching and discharge. It is not clear if pregnant women with trichomoniasis are more likely to give birth preterm, or have other pregnancy complications. The review of two trials, involving 842 women, found that the drug metronidazole is effective against trichomoniasis when taken by women and their partners during pregnancy, but it may harm the baby due to early birth. One of the trials was stopped early because women taking metronidazole were more likely to give birth preterm and have low birthweight babies. Further research into trichomoniasis treatments for pregnant women is needed.</P>
</SUMMARY_BODY>
  </SUMMARY>
  <ABSTRACT>
    <ABS_BACKGROUND>
<P>Vaginitis due to Trichomonas vaginalis is one of the most common of sexually transmitted diseases. Trichomoniasis affects women during pregnancy as well but it is not clearly established whether it causes preterm birth and other pregnancy complications.</P>
</ABS_BACKGROUND>
    <ABS_OBJECTIVES>
<P>The objective of this review was to assess the effects of various treatments for trichomoniasis during pregnancy.</P>
</ABS_OBJECTIVES>
    <ABS_SEARCH_STRATEGY>
<P>We searched the Cochrane Pregnancy and Childbirth Group's Trials Register (14 January 2011).</P>
</ABS_SEARCH_STRATEGY>
    <ABS_SELECTION_CRITERIA>
<P>Randomized trials comparing anti-trichomonas agents during pregnancy. Trials including symptomatic or asymptomatic women with trichomoniasis were eligible.</P>
</ABS_SELECTION_CRITERIA>
    <ABS_DATA_COLLECTION>
<P>Two review authors assessed eligibility and trial quality.</P>
</ABS_DATA_COLLECTION>
    <ABS_RESULTS>
<P>We included two trials with 842 pregnant women. In both trials around 90% of women were cleared of trichomonas in the vagina after treatment. In the US trial, women with asymptomatic trichomoniasis between 16 and 23 weeks were treated with metronidazole on two occasions at least two weeks apart. The trial was stopped before reaching its target recruitment because metronidazole was not effective in reducing preterm birth and there was a likelihood of harm (risk ratio 1.78; 95% confidence interval 1.19 to 2.66). The South African trial recruited women later in pregnancy and did not have the design and power to address adverse clinical outcomes. We excluded two recent studies, identified for the current update, because they did not address the primary question.</P>
</ABS_RESULTS>
    <ABS_CONCLUSIONS>
<P>Metronidazole, given as a single dose, is likely to provide parasitological cure for trichomoniasis, but it is not known whether this treatment will have any effect on pregnancy outcomes. The cure rate could probably be higher if more partners used the treatment.</P>
</ABS_CONCLUSIONS>
  </ABSTRACT>
</DOC>
