<?xml version="1.0"?>
<DOC>
  <TITLE TRANSLATED="NO">Intravenous immunoglobulin for suspected or subsequently proven infection in neonates</TITLE>
  <SUMMARY>
    <SUMMARY_TITLE>Intravenous immunoglobulin for suspected or subsequently proven infection in neonates</SUMMARY_TITLE>
    <SUMMARY_BODY>
<P>Infants may acquire infections while in the womb or in the hospital after birth, especially if the require intensive care. Such infections may cause serious illness or death. Maternal transport of immunoglobulins (substances in the blood that can fight infections) to the fetus mainly occurs after 32 weeks gestation and infants do not begin to produce immunoglobulins until several months after birth. Theoretically, the adverse effects of infections could be reduced by the administration of intravenous immunoglobulin. There is currently insufficient evidence from the 10 studies conducted to fate to support the routine administration of intravenous immunoglobulins to prevent death in infants with suspected neonatal infection. A very large trial that has enrolled 3,493 infants is soon to be completed by the National Perinatal Epidemiology Unit in Oxford, England. The results of that trial should establish the usefulness of intravenous immunoglobulins for suspected infection in newborns.</P>
</SUMMARY_BODY>
  </SUMMARY>
  <ABSTRACT>
    <ABS_BACKGROUND>
<P>Infections are important causes of neonatal morbidity and mortality. Maternal transport of immunoglobulins to the fetus mainly occurs after 32 weeks gestation and endogenous synthesis begins several months after birth. The administration of intravenous immunoglobulin (IVIG) may improve immune function by providing IgG that can bind to cell surface receptors, provide opsonic activity, activate complement, promote antibody dependent cytotoxicity, and improve neutrophilic chemo luminescence.</P>
</ABS_BACKGROUND>
    <ABS_OBJECTIVES>
<P>To assess the effect of IVIG on mortality/morbidity caused by suspected infection in neonates and in those neonates who had suspected infection on study entry and later were confirmed as being infected.</P>
</ABS_OBJECTIVES>
    <ABS_SEARCH_STRATEGY>
<P>We searched MEDLINE, EMBASE, The Cochrane Library, the reference lists of identified studies, meta-analyses and personal files in December 2009.</P>
</ABS_SEARCH_STRATEGY>
    <ABS_SELECTION_CRITERIA>
<P>We selected randomized or quasi-randomised controlled trials of IVIG for the treatment of suspected bacterial/fungal infection compared to placebo or no intervention in newborn infants (&lt; 28 days old).</P>
</ABS_SELECTION_CRITERIA>
    <ABS_DATA_COLLECTION>
<P>Statistical analyses included Typical Relative Risk (RR), Risk Difference (RD), weighted mean difference (WMD), the number needed to treat to benefit (NNTB) (all with with 95% confidence intervals (CI) and the I<SUP>2</SUP> statistic to examine statistical heterogeneity.</P>
</ABS_DATA_COLLECTION>
    <ABS_RESULTS>
<P>The updated search identified one new study. Ten studies of variable quality undertaken in 8 countries are included in this review.</P>
<P>Mortality in infants with clinically suspected infection was reduced following IVIG treatment [7 studies (n = 378); typical RR 0.58 (95% CI; 0.38, 0.89); typical RD -0.10 (95% CI; - 0.18, -0.03); NNTB 10 (95% CI; 6, 33); I<SUP>2</SUP> = 0%]. Mortality in cases of subsequently proven infection was reduced [seven trials (n = 262); typical RR 0.55 (95% CI; 0.31, 0.98);I<SUP>2</SUP> = 0%].</P>
</ABS_RESULTS>
    <ABS_CONCLUSIONS>
<P>Because of concerns about study quality, there is still insufficient evidence to support the routine administration of IVIG to prevent mortality in infants with suspected or subsequently proved neonatal infection. A large study of the effectiveness of IVIG in neonates with suspected infection has recently been completed. Results of the International Neonatal Immunotherapy Study (INIS trial), which enrolled 3,493 infants, are expected to be published in 2010 (<A HREF="http://www.npeu.ox.ac.uk/inis/inis_downloads/inis_update_06-07.pdf">http://www.npeu.ox.ac.uk</A>). The results of that trial should establish the usefulness of IVIG for suspected infection in newborns.</P>
</ABS_CONCLUSIONS>
  </ABSTRACT>
</DOC>
