<?xml version="1.0"?>
<DOC>
  <TITLE TRANSLATED="NO">Antibiotics for preventing complications in children with measles</TITLE>
  <SUMMARY>
    <SUMMARY_TITLE>Antibiotics for preventing complications in children with measles</SUMMARY_TITLE>
    <SUMMARY_BODY>
<P>Measles is an infectious disease caused by a virus. There is an effective vaccine which can prevent measles, however 30 to 40 million people worldwide still develop measles annually. Each year measles causes more than half a million deaths and is responsible for an estimated 44% of the 1.7 million vaccine-preventable deaths among children. Measles is associated with complications such as pneumonia, ear infections, throat infections, diarrhoea and conjunctivitis.</P>
<P>Currently, the administration of two doses of vitamin A is recommended for the prevention of these complications in children below two years of age. Another method to prevent post-measles complications is to give antibiotics to children. The objective of this review was to assess the effects of antibiotics given to children with measles to reduce pneumonia, other morbidities and mortality. A review of seven controlled clinical trials which included 1263 children, showed that children with measles who were given antibiotics had a lower incidence of pneumonia, ear infections and tonsillitis. However, there were no benefits for conjunctivitis or gastroenteritis. No major side effects attributable to administration of the study drugs were observed. As many of the studies were performed five decades ago with weak methodology, there is a need for randomised controlled trials using newer antibiotics.</P>
</SUMMARY_BODY>
  </SUMMARY>
  <ABSTRACT>
    <ABS_BACKGROUND>
<P>Measles is the leading killer among vaccine-preventable diseases; it is responsible for an estimated 44% of the 1.7 million vaccine-preventable deaths among children annually.</P>
</ABS_BACKGROUND>
    <ABS_OBJECTIVES>
<P>To assess the effects of antibiotics given to children with measles to prevent complications and reduce pneumonia, other morbidities and mortality.</P>
</ABS_OBJECTIVES>
    <ABS_SEARCH_STRATEGY>
<P>In this 2011 update we searched the Cochrane Central Register of Controlled Trials (CENTRAL) (<I>The Cochrane Library</I> 2011, Issue 1), which contains the Cochrane Acute Respiratory Infections Group's Specialised Register, MEDLINE (1966 to March week 4, 2011) and EMBASE (1980 to April 2011).</P>
</ABS_SEARCH_STRATEGY>
    <ABS_SELECTION_CRITERIA>
<P>Randomised controlled trials (RCTs) and quasi-RCTs comparing antibiotics with placebo or no treatment, to prevent complications in children with measles.<BR/>
</P>
</ABS_SELECTION_CRITERIA>
    <ABS_DATA_COLLECTION>
<P>Two review authors independently extracted data and assessed trial quality.</P>
</ABS_DATA_COLLECTION>
    <ABS_RESULTS>
<P>Seven trials with 1263 children were included. Pooled study data showed that the incidence of pneumonia was lower in the treatment group compared to the control group. However, the difference was not statistically significant. Of the 654 children who received antibiotics, 27 (4.1%) developed pneumonia; while out of 609 children in the control group, 59 (9.6%) developed pneumonia (RD -6%; 95% CI -13% to 1%). The one trial that showed an increase in the rate of pneumonia with antibiotics was conducted in 1942 and compared oral sulfathiazole with symptomatic treatment. If the results of this trial are removed from the meta-analysis, there is a statistically significant reduction in the incidence of pneumonia in children receiving antibiotics (OR 0.26; 95% CI 0.12 to 0.60). The number needed to treat to prevent one episode of pneumonia is 18 patients. The incidence of other complications was significantly lower in children receiving antibiotics: purulent otitis media (OR 0.34; 95% CI 0.16 to 0.73) and tonsillitis (OR 0.08; 95% CI 0.01 to 0.72). There was no difference in the incidence of conjunctivitis (OR 0.39; 95% CI 0.15 to 1.0), diarrhoea (OR 0.53; 95% CI 0.23 to 1.22) or croup (OR 0.16; 95% CI 0.01 to 4.06). No major adverse effects attributable to antibiotics were reported.<BR/>
</P>
</ABS_RESULTS>
    <ABS_CONCLUSIONS>
<P>The studies reviewed were of poor quality and used older antibiotics. This review suggests a beneficial effect of antibiotics in preventing complications such as pneumonia, purulent otitis media and tonsillitis in children with measles. On the basis of this review, it is not possible to recommend definitive guidelines on the type of antibiotic, duration or the day of initiation. Use of penicillin or co-trimoxazole may be considered. There is a need for more evidence from high-quality RCTs to answer these questions.<BR/>
</P>
</ABS_CONCLUSIONS>
  </ABSTRACT>
</DOC>
