<?xml version="1.0"?>
<DOC>
  <TITLE TRANSLATED="NO">Magnesium supplementation in pregnancy</TITLE>
  <SUMMARY>
    <SUMMARY_TITLE>Magnesium supplementation in pregnancy</SUMMARY_TITLE>
    <SUMMARY_BODY>
<P>There is not enough high quality evidence to show that dietary magnesium supplementation during pregnancy is beneficial.</P>
<P>Many women, especially those from disadvantaged backgrounds, have intakes of magnesium below recommended levels. Magnesium supplementation during pregnancy may be able to reduce fetal growth retardation and pre-eclampsia, and increase birth weight. The objective of this review was to assess the effects of magnesium supplementation during pregnancy on maternal, neonatal and paediatric outcomes. The reviewers concluded that there is not enough high quality evidence to show that dietary magnesium supplementation during pregnancy is beneficial.</P>
</SUMMARY_BODY>
  </SUMMARY>
  <ABSTRACT>
    <ABS_BACKGROUND>
<P>Many women, especially those from disadvantaged backgrounds, have intakes of magnesium below recommended levels. Magnesium supplementation during pregnancy may be able to reduce fetal growth retardation and pre-eclampsia, and increase birth weight. </P>
</ABS_BACKGROUND>
    <ABS_OBJECTIVES>
<P>The objective of this review was to assess the effects of magnesium supplementation during pregnancy on maternal, neonatal and paediatric outcomes.</P>
</ABS_OBJECTIVES>
    <ABS_SEARCH_STRATEGY>
<P>We searched the Cochrane Pregnancy and Childbirth Group's Trials Register (June 2001). We updated this search on 1 October 2009 and added the results to the awaiting classification section.</P>
</ABS_SEARCH_STRATEGY>
    <ABS_SELECTION_CRITERIA>
<P>Randomised and quasi-randomised trials of dietary magnesium supplementation during pregnancy.</P>
</ABS_SELECTION_CRITERIA>
    <ABS_DATA_COLLECTION>
<P>Suitability for inclusion and methodological quality were separately assessed by each reviewer. Data were independently extracted by the two reviewers.</P>
</ABS_DATA_COLLECTION>
    <ABS_RESULTS>
<P>Seven trials involving 2689 women were included. Six of these trials randomly allocated women to either an oral magnesium supplement or a control group, whist the largest trial with 985 women had a cluster design where randomisation was according to study centre. The analysis was conducted with and without the cluster trial.</P>
<P>In the analysis of all trials, oral magnesium treatment from before the 25th week of gestation was associated with a lower frequency of preterm birth, (relative risk (RR) 0.73, 95% confidence interval (CI) 0.57 to 0.94), a lower frequency of low birth weight (RR 0.67, 95% CI 0.46 to 0.96) and fewer small for gestational age infants (RR 0.70, 95% CI 0.53 to 0.93) compared with placebo. In addition, magnesium treated women had less hospitalisations during pregnancy (RR 0.66, 95% CI 0.49 to 0.89) and fewer cases of antepartum haemorrhage (RR 0.38, 95% CI 0.16 to 0.90) than placebo treated women.</P>
<P>In the analysis excluding the cluster randomised trial, the effects of magnesium treatment on the frequencies of preterm birth, low birth weight and small for gestational age were not different from placebo.</P>
<P>Of the seven trials included in the review, only one was judged to be of high quality. Poor quality trials are likely to have resulted in a bias favouring magnesium supplementation.</P>
</ABS_RESULTS>
    <ABS_CONCLUSIONS>
<P>There is not enough high quality evidence to show that dietary magnesium supplementation during pregnancy is beneficial.</P>
<P>[Note: The 15 citations in the awaiting classification section of the review may alter the conclusions of the review once assessed.]</P>
</ABS_CONCLUSIONS>
  </ABSTRACT>
</DOC>
