<?xml version="1.0"?>
<DOC>
  <TITLE TRANSLATED="NO">Ambulatory oxygen for chronic obstructive pulmonary disease</TITLE>
  <SUMMARY>
    <SUMMARY_TITLE>Ambulatory oxygen for chronic obstructive pulmonary disease</SUMMARY_TITLE>
    <SUMMARY_BODY>
<P>Supplementary (portable or ambulatory) oxygen therapy (in addition to fixed or domiciliary oxygen therapy) is a necessity for active patients who leave their homes and for daily activities. Although ambulatory oxygen therapy is prescribed for such patients little is known about the effectiveness of long-term ambulatory oxygen therapy in such situations. A review was conducted to determine the effectiveness of long-term ambulatory oxygen therapy. Only two trials were found with one of the trials reporting significant improvements in ventilation and arterial oxygen saturation. From the evidence to date, it is not possible to determine whether patients on long-term oxygen therapy should be provided with ambulatory oxygen during exercise and for activities of daily living. Further studies are required in order to understand the role of ambulatory oxygen in patients with chronic obstructive pulmonary disease.</P>
</SUMMARY_BODY>
  </SUMMARY>
  <ABSTRACT>
    <ABS_BACKGROUND>
<P>Little is known about the effectiveness of ambulatory domicilary oxygen therapy. At present ambulatory oxygen in the UK is provided with small oxygen cylinders but in other countries such as the USA and Italy, liquid oxygen systems with higher oxygen carrying capacity are widely used. Both these systems are used without adequate evidence of their effectiveness.</P>
</ABS_BACKGROUND>
    <ABS_OBJECTIVES>
<P>To determine the effectiveness of long-term ambulatory domicilary oxygen therapy in patients with chronic obstructive pulmonary disease.</P>
</ABS_OBJECTIVES>
    <ABS_SEARCH_STRATEGY>
<P>The Cochrane Airways Group specialised trials register was searched. In addition, bibliographies of each trial retrieved were also searched for additional papers that may contain further studies. Authors of identified trials were contacted for other published and unpublished studies. Searches were current as of August 2004. </P>
</ABS_SEARCH_STRATEGY>
    <ABS_SELECTION_CRITERIA>
<P>Only randomised controlled trials in patients with chronic obstructive pulmonary disease were considered for inclusion. Trials must have randomised patients into long-term ambulatory oxygen therapy or placebo while at home. Ambulatory oxygen can be provided either through portable oxygen cylinders or with liquid oxygen canisters and the placebo group using compressed or liquid air.</P>
</ABS_SELECTION_CRITERIA>
    <ABS_DATA_COLLECTION>
<P>Two reviewers assessed all potential trials independently. Data abstraction was completed by one reviewer and re-checked by the second reviewer.</P>
</ABS_DATA_COLLECTION>
    <ABS_RESULTS>
<P>Only two studies met the inclusion criteria. These provided data on 70 patients. Statistically significant effects of oxygen were found in only one of the studies, a crossover trial involving 9 patients with severe hypoxia at rest. This study reported a reduction in minute ventilation at maximal exercise (WMD -11.00 L/min; 95%CI -17.53 , -4.47L/min) and an increase in PaO2 at rest (WMD 17.00 mmHg; 95%CI 9.13,24.87 L/min) with oxygen therapy when compared to placebo. The other study recruited patients who did not have resting hypoxaemia. An update search conducted in August 2004 did not identify any new studies for inclusion in the review. </P>
</ABS_RESULTS>
    <ABS_CONCLUSIONS>
<P>Evidence available to date does not allow any firm conclusions to be drawn concerning the effectiveness of ambulatory domicilary oxygen therapy in patients with COPD. Further studies are required in order to understand the role of ambulatory oxygen in the management of patients with COPD on long-term oxygen therapy. These studies should separate patients who desaturate from those who do not desaturate.</P>
</ABS_CONCLUSIONS>
  </ABSTRACT>
</DOC>
