<?xml version="1.0"?>
<DOC>
  <TITLE TRANSLATED="NO">Piracetam for acute ischaemic stroke</TITLE>
  <SUMMARY>
    <SUMMARY_TITLE>Piracetam for acute ischaemic stroke</SUMMARY_TITLE>
    <SUMMARY_BODY>
<P>Ischaemic stroke is the third leading cause of death in developed countries, and the first leading cause of long-term disability in survivors. Piracetam is a drug which has been marketed by drug companies in several countries for many years as a 'nootropic' agent: a drug which has metabolic activity in the human brain. The efficacy and safety of piracetam in patients with acute stroke have not yet been proven. Experiments in animals suggest that piracetam could have beneficial effects in patients with acute stroke. There have been a number of randomised controlled trials of piracetam given to patients within 48 hours of the onset of their stroke. Data from three trials, involving 1002 patients, were available for this review, but almost all came from a single study. The data reviewed did not provide conclusive evidence about the effects of piracetam for acute stroke. One additional, large study has been conducted and interrupted by the manufacturer after some preliminary analyses were carried out, but the results have not been made available to the scientific community.</P>
</SUMMARY_BODY>
  </SUMMARY>
  <ABSTRACT>
    <ABS_BACKGROUND>
<P>Piracetam has neuroprotective and antithrombotic effects that may help to reduce death and disability in people with acute stroke. This is an update of a Cochrane Review first published in 1999, and previously updated in 2006.</P>
</ABS_BACKGROUND>
    <ABS_OBJECTIVES>
<P>To assess the effects of piracetam in acute, presumed ischaemic stroke.</P>
</ABS_OBJECTIVES>
    <ABS_SEARCH_STRATEGY>
<P>We searched the Cochrane Stroke Group Trials Register (last searched 24 October 2008), the Cochrane Central Register of Controlled Trials (CENTRAL) (<I>The Cochrane Library</I> Issue 4, 2008), MEDLINE (1966 to October 2008), EMBASE (1980 to October 2008), and ISI Science Citation Index (1981 to October 2008). We also contacted the manufacturer of piracetam to identify further published and unpublished studies.</P>
</ABS_SEARCH_STRATEGY>
    <ABS_SELECTION_CRITERIA>
<P>Randomised trials comparing piracetam with control, with at least mortality reported and entry to the trial within approximately 48 hours of stroke onset.</P>
</ABS_SELECTION_CRITERIA>
    <ABS_DATA_COLLECTION>
<P>Two review authors extracted data and assessed trial quality and this was checked by the other two review authors. We contacted study authors for missing information.</P>
</ABS_DATA_COLLECTION>
    <ABS_RESULTS>
<P>We included three trials involving 1002 patients, with one trial contributing 93% of the data. Participants' ages ranged from 40 to 85, and both sexes were equally represented. Piracetam was associated with a statistically non-significant increase in death at one month (approximately 31% increase, 95% confidence interval 81% increase to 5% reduction). This trend was no longer apparent in the large trial after correction for imbalance in stroke severity. Limited data showed no difference between the treatment and control groups for functional outcome, dependency or proportion of patients dead or dependent. Adverse effects were not reported.</P>
</ABS_RESULTS>
    <ABS_CONCLUSIONS>
<P>There is some suggestion (but no statistically significant result) of an unfavourable effect of piracetam on early death, but this may have been caused by baseline differences in stroke severity in the trials. There is not enough evidence to assess the effect of piracetam on dependency.</P>
</ABS_CONCLUSIONS>
  </ABSTRACT>
</DOC>
