<?xml version="1.0"?>
<DOC>
  <TITLE TRANSLATED="NO">Mass media interventions: effects on health services utilisation</TITLE>
  <SUMMARY>
    <SUMMARY_TITLE>Mass media communication can encourage increased utilisation of health services</SUMMARY_TITLE>
    <SUMMARY_BODY>
<P>Mass media information on health-related issues may induce changes in health services utilisation, both through planned campaigns and unplanned coverage. Further research could target how best to compose media messages, and whether they have a different impact on members of the public and health professionals. More information is needed on whether mass media coverage brings about appropriate use of services in those patients who will benefit most.</P>
</SUMMARY_BODY>
  </SUMMARY>
  <ABSTRACT>
    <ABS_BACKGROUND>
<P>The mass media frequently cover health related topics, are the leading source of information about important health issues, and are targeted by those who aim to influence the behaviour of health professionals and patients.</P>
</ABS_BACKGROUND>
    <ABS_OBJECTIVES>
<P>To assess the effects of mass media on the utilisation of health services.</P>
</ABS_OBJECTIVES>
    <ABS_SEARCH_STRATEGY>
<P>We searched the Cochrane Effective Practice and Organisation of Care Group specialised register (1996 to 1999), MEDLINE, EMBASE, Eric, PsycLit (to 1999), and reference lists of articles. We hand searched the journals Communication Research (February 1987 to August 1996), European Journal of Communication (1986 to 1994), Journal of Communication (winter 1986 to summer 1996), Communication Theory (February 1991 to August 1996), Critical Studies in Mass Communication (March 1984 to March 1995) and Journalism Quarterly (1986 to summer 1996). </P>
</ABS_SEARCH_STRATEGY>
    <ABS_SELECTION_CRITERIA>
<P>Randomised trials, controlled clinical trials, controlled before-and-after studies and interrupted time series analyses of mass media interventions. The participants were health care professionals, patients and the general public.</P>
</ABS_SELECTION_CRITERIA>
    <ABS_DATA_COLLECTION>
<P>Two reviewers independently extracted data and assessed study quality.</P>
</ABS_DATA_COLLECTION>
    <ABS_RESULTS>
<P>Twenty studies were included. All used interrupted time series designs. Fifteen evaluated the impact of formal mass media campaigns, and five of media coverage of health-related issues. The overall methodological quality was variable. Six studies did not perform any statistical analysis, and nine used inappropriate statistical tests (ie not taking into account the effect of time trend). All of the studies apart from one concluded that mass media was effective. These positive findings were confirmed by our re-analysis in seven studies. The direction of effect was consistent across studies towards the expected change.</P>
</ABS_RESULTS>
    <ABS_CONCLUSIONS>
<P>Despite the limited information about key aspects of mass media interventions and the poor quality of the available primary research there is evidence that these channels of communication may have an important role in influencing the use of health care interventions. Although the findings of this review may be affected by publication bias, those engaged in promoting better uptake of research information in clinical practice should consider mass media as one of the tools that may encourage the use of effective services and discourage those of unproven effectiveness. </P>
</ABS_CONCLUSIONS>
  </ABSTRACT>
</DOC>
