<?xml version="1.0"?>
<DOC>
  <TITLE TRANSLATED="NO">Interventions for treating proximal humeral fractures in adults</TITLE>
  <SUMMARY>
    <SUMMARY_TITLE>Interventions for treating proximal humeral (top end of upper arm bone) fractures in adults</SUMMARY_TITLE>
    <SUMMARY_BODY>
<P>Fracture of the top end of the upper arm bone is a common injury in older people. It is often called a shoulder fracture. The bone typically fractures (breaks) just below the shoulder, usually after a fall. Most of these fractures occur without breaking of the skin. Often the injured arm can be supported in a sling until the fracture heals sufficiently to allow shoulder movement. More complex fractures may be treated surgically. This may involve fixing the fracture fragments together by various means. Alternatively, the top of the fractured bone may be replaced (half 'shoulder' replacement: hemiarthroplasty), or sometimes together with the joint socket (total 'shoulder' replacement). Physiotherapy is often used to help restore function.</P>
<P>This review includes evidence from 23 small randomised trials with a total of 1238 participants. All trials had weaknesses that could affect their results.</P>
<P>Eight trials evaluated conservative (non-surgical) treatment. One trial found an arm sling was generally more comfortable than a less commonly used body bandage. There was some evidence that 'immediate' physiotherapy compared with physiotherapy delayed until after three weeks of immobilisation resulted in less pain and faster recovery in people with 'stable' fractures. Similarly, there was evidence that mobilisation at one week instead of three weeks alleviated pain in the short term without compromising long term outcome. Two trials provided some evidence that patients could generally achieve a satisfactory outcome when given sufficient instruction to pursue exercises on their own.</P>
<P>Six trials, involving 270 participants with more severe fractures, compared surgical versus conservative treatment. Pooled results from three trials for patient-reported measures of function and quality of life were inconclusive. There was no difference between the two groups in mortality. However, more surgical group patients had additional or secondary surgery. This was equivalent to an extra operation in one of every nine surgically treated patients.</P>
<P>Seven trials tested different methods of surgical treatment. There was weak evidence of some differences (e.g. in complications) between some interventions (e.g. different devices or different ways of using devices).</P>
<P>There was very limited evidence suggesting similar outcomes for early versus later mobilisation after either surgical fixation or hemiarthroplasty.</P>
<P>Overall, there is some evidence to support earlier arm movement for less serious fractures. Otherwise, there is not enough evidence to determine the best treatment, including surgery, for these fractures.</P>
</SUMMARY_BODY>
  </SUMMARY>
  <ABSTRACT>
    <ABS_BACKGROUND>
<P>Fractures of the proximal humerus are common injuries. The management, including surgical intervention, of these fractures varies widely. This is an update of a Cochrane review first published in 2001 and last updated in 2010.</P>
</ABS_BACKGROUND>
    <ABS_OBJECTIVES>
<P>To review the evidence supporting the various treatment and rehabilitation interventions for proximal humeral fractures.</P>
</ABS_OBJECTIVES>
    <ABS_SEARCH_STRATEGY>
<P>We searched the Cochrane Bone, Joint and Muscle Trauma Group Specialised Register, the Cochrane Central Register of Controlled Trials, MEDLINE, EMBASE and other databases, and bibliographies of trial reports. The full search ended in January 2012.</P>
</ABS_SEARCH_STRATEGY>
    <ABS_SELECTION_CRITERIA>
<P>All randomised controlled trials pertinent to the management of proximal humeral fractures in adults were selected.</P>
</ABS_SELECTION_CRITERIA>
    <ABS_DATA_COLLECTION>
<P>Two people performed independent study selection, risk of bias assessment and data extraction. Only limited meta-analysis was performed.</P>
</ABS_DATA_COLLECTION>
    <ABS_RESULTS>
<P>Twenty-three small randomised trials with a total of 1238 participants were included. Bias in these trials could not be ruled out. Additionally there is a need for caution in interpreting the results of these small trials, which generally do not provide sufficient evidence to conclude that any non-statistically significant finding is 'evidence of no effect'.</P>
<P>Eight trials evaluated conservative treatment. One trial found an arm sling was generally more comfortable than a less commonly used body bandage. There was some evidence that 'immediate' physiotherapy compared with that delayed until after three weeks of immobilisation resulted in less pain and potentially better recovery in people with undisplaced or other stable fractures. Similarly, there was evidence that mobilisation at one week instead of three weeks alleviated short term pain without compromising long term outcome. Two trials provided some evidence that unsupervised patients could generally achieve a satisfactory outcome when given sufficient instruction for an adequate self-directed exercise programme.</P>
<P>Six heterogeneous trials, involving a total of 270 participants with displaced and/or complex fractures, compared surgical versus conservative treatment. Pooled results of patient-reported functional scores at one year from three trials (153 participants) showed no statistically significant difference between the two groups (standardised mean difference -0.10, 95% CI -0.42 to 0.22; negative results favour surgery). Quality of life based on the EuroQol results scores from three trials (153 participants) showed non-statistically significant differences between the two groups at three time points up to 12 months. However, the pooled EuroQol results at two years (101 participants) from two trials run concurrently from the same centre were significantly in favour of the surgical group. There was no significant difference between the two groups in mortality (8/98 versus 5/98; RR 1.55, 95% CI 0.55 to 4.36; 4 trials). Significantly more surgical group patients had additional or secondary surgery (18/112 versus 5/111; RR 3.36, 95% CI 1.33 to 8.49; 5 trials). This is equivalent to an extra operation in one of every nine surgically treated patients.</P>
<P>Different methods of surgical management were tested in seven small trials. One trial comparing two types of locking plate versus a locking nail for treating two-part surgical neck fractures found some evidence of better function after plate fixation but also of a higher rate of surgically-related complications. One trial comparing a locking plate versus minimally invasive fixation with distally inserted intramedullary nails found some evidence of a short-term benefit for the nailing group. Compared with hemiarthroplasty, tension-band fixation of severe injuries using wires was associated with a higher re-operation rate in one trial. Two trials found no important differences between 'polyaxial' and 'monaxial' screws combined with locking plate fixation. One trial produced some preliminary evidence that tended to support the use of medial support locking screws in locking plate fixation. One trial found better functional results for one of two types of hemiarthroplasty.</P>
<P>Very limited evidence suggested similar outcomes from early versus later mobilisation after either surgical fixation (one trial) or hemiarthroplasty (one trial).</P>
</ABS_RESULTS>
    <ABS_CONCLUSIONS>
<P>There is insufficient evidence to inform the management of these fractures. Early physiotherapy, without immobilisation, may be sufficient for some types of undisplaced fractures. It remains unclear whether surgery, even for specific fracture types, will produce consistently better long term outcomes but it is likely to be associated with a higher risk of surgery-related complications and requirement for further surgery.</P>
<P>There is insufficient evidence to establish what is the best method of surgical treatment, either in terms of the use of different categories of surgical intervention (such as plate versus nail fixation, or hemiarthroplasty versus tension-wire fixation) or different methods of performing an intervention in the same category (such as different methods of plate fixation). There is insufficient evidence to say when to start mobilisation after either surgical fixation or hemiarthroplasty.</P>
</ABS_CONCLUSIONS>
  </ABSTRACT>
</DOC>
