<?xml version="1.0"?>
<DOC>
  <TITLE TRANSLATED="NO">Oral steroids for long-term use in cystic fibrosis</TITLE>
  <SUMMARY>
    <SUMMARY_TITLE>Use of oral steroids for cystic fibrosis</SUMMARY_TITLE>
    <SUMMARY_BODY>
<P>Cystic fibrosis causes frequent lung infection and the airways become blocked with mucus. This in turn leads to inflammation, which causes more lung damage and more mucus to be produced. Corticosteroids are strong drugs given to treat this inflammation. The review includes three trials; one for 12 weeks and two with four-year follow up. We could not combine any data. Trials showed that oral steroids of 1mg/kg to 2 mg/kg (prednisolone equivalent) given every other day seemed to slow the advance of lung disease. However, there are serious adverse effects such as cataracts and the slowing of growth at the higher dose. These led to one trial stopping early. Follow-up data show that catch-up growth started two years after treatment ceased. Treatment must use the lowest effective dose and the shortest duration of therapy to reduce the risk of a permanent effect on growth. A dose of 1 mg/kg on alternate days might be considered for up to 24 months, but close attention should be paid to adverse effects. </P>
</SUMMARY_BODY>
  </SUMMARY>
  <ABSTRACT>
    <ABS_BACKGROUND>
<P>In cystic fibrosis (CF) airway obstruction and recurrent respiratory infection lead to inflammation, long-term lung damage, respiratory failure and death. Anti-inflammatory agents, e.g. oral corticosteroids are used since inflammation occurs early in disease.</P>
</ABS_BACKGROUND>
    <ABS_OBJECTIVES>
<P>To assess the effectiveness of oral corticosteroids in respiratory complications in CF, particularly lung function and adverse events. We examined long-term use (over 30 days) only.</P>
</ABS_OBJECTIVES>
    <ABS_SEARCH_STRATEGY>
<P>We searched the Cochrane CF and Genetic Disorders Group Trials Register comprising references identified from comprehensive electronic database searches and handsearches of relevant journals and abstract books of conference proceedings.</P>
<P>Most recent search: 06 April 2011.</P>
</ABS_SEARCH_STRATEGY>
    <ABS_SELECTION_CRITERIA>
<P>Randomised trials comparing oral corticosteroids given for more than 30 days with placebo or no additional therapy in people with CF.</P>
</ABS_SELECTION_CRITERIA>
    <ABS_DATA_COLLECTION>
<P>Two authors independently assessed study eligibility and quality.</P>
</ABS_DATA_COLLECTION>
    <ABS_RESULTS>
<P>Of nine studies identified, three (354 participants) were included: two with four-year follow up and one with 12-weeks follow up. Data were lacking on predefined outcomes; common outcomes were examined at different time-points and presented differently. Meta-analyses were not possible.</P>
<P>In one study, oral corticosteroids at prednisolone-equivalent dose of 1 mg/kg alternate days slowed progression of lung disease; at two and four years, % predicted FEV<SUB>1</SUB> in the 1 mg/kg group changed significantly more than in the placebo group (P &lt; 0.02). During the first two years, the 2 mg/kg group was not significantly different from the placebo group. Linear growth retardation was observed from six months in the 2 mg/kg alternate days prednisolone group and from 24 months in the 1 mg/kg alternate days prednisolone group.</P>
<P>Adverse events terminated one four-year study early. Year 10 follow up showed catch-up growth started two years after treatment ceased. Alternate-day treatment with oral corticosteroids may have impaired growth until adulthood in boys.</P>
</ABS_RESULTS>
    <ABS_CONCLUSIONS>
<P>Oral corticosteroids at prednisolone-equivalent dose of 1 to 2 mg/kg alternate days appear to slow progression of lung disease in CF; benefit should be weighed against occurrence of adverse events. Risk-benefit analysis of low-dose alternate days corticosteroids is important and the short-term use of oral corticosteroids should be better evaluated.</P>
</ABS_CONCLUSIONS>
  </ABSTRACT>
</DOC>
