<?xml version="1.0"?>
<DOC>
  <TITLE TRANSLATED="NO">Tamoxifen for relapse of ovarian cancer</TITLE>
  <SUMMARY>
    <SUMMARY_TITLE>No evidence to suggest tamoxifen benefits patients with relapsed ovarian cancer</SUMMARY_TITLE>
    <SUMMARY_BODY>
<P>Ovarian cancer often spreads before symptoms show. Cytotoxic drugs are often only partly effective and cause severe side-effects. The main aims of treatment for relapsed disease are symptom control and prolongation of life. No data from RCTs or non-RCTs were found, so there was no evidence that tamoxifen was effective and safe as a treatment for relapsed ovarian cancer. Laboratory studies suggest tamoxifen may be effective as a treatment for women with ovarian cancer. Although, uncontrolled non-comparative trials on patients with relapsed ovarian cancer showed tamoxifen may shrink or stabilise tumours in a small number, there is a strong need for an RCT or good quality non-randomised comparative studies to determine the effectiveness and safety of tamoxifen in terms of overall survival, tumour response, symptom control, quality of life and adverse events.</P>
</SUMMARY_BODY>
  </SUMMARY>
  <ABSTRACT>
    <ABS_BACKGROUND>
<P>Tamoxifen is an important drug for treating breast cancer. Ovarian cancer cells are known to possess receptors for hormones and may thus also respond to tamoxifen.</P>
</ABS_BACKGROUND>
    <ABS_OBJECTIVES>
<P>Tamoxifen is used to treat breast cancer in women whose tumours have oestrogen receptors. Since ovarian cancers also commonly have oestrogen receptors, it has been suggested that tamoxifen may be of some benefit. The objective of this review was to assess the effects of tamoxifen in women with relapsed ovarian cancer.</P>
</ABS_OBJECTIVES>
    <ABS_SEARCH_STRATEGY>
<P>We searched the Cochrane Central Register of Controlled Trials (CENTRAL), Issue 1, 2009. Cochrane Gynaecological Cancer Group Trials Register, MEDLINE from 2002 to April 2009, EMBASE from 2002 to April 2009. We also searched registers of clinical trials, abstracts of scientific meetings, reference lists of review articles and contacted experts in the field, as well as drugs companies.</P>
</ABS_SEARCH_STRATEGY>
    <ABS_SELECTION_CRITERIA>
<P>Randomised and non-randomised studies of tamoxifen in women with ovarian cancer who have not responded to conventional chemotherapy. Only trials involving 10 or more patients were included.</P>
</ABS_SELECTION_CRITERIA>
    <ABS_DATA_COLLECTION>
<P>Two review authors independently assessed whether potentially relevant studies met the inclusion criteria. No trials were found and therefore no data were analysed.</P>
</ABS_DATA_COLLECTION>
    <ABS_RESULTS>
<P>The search strategy identified 1392 unique references of which 1360 were excluded on the basis of title and abstract. The remaining 32 articles were retrieved in full, but none satisfied the inclusion criteria. Only observational data from single arm studies of women treated with tamoxifen were reported.</P>
</ABS_RESULTS>
    <ABS_CONCLUSIONS>
<P>We are unable to make any evidence-based recommendations as we found no comparative studies assessing the effectiveness of tamoxifen in women with recurrent ovarian cancer. There is limited evidence on anti-tumour activity from phase 2 studies, but these contain no data on the effect of tamoxifen on symptom control, QOL or the prolongation of life.</P>
</ABS_CONCLUSIONS>
  </ABSTRACT>
</DOC>
