<?xml version="1.0"?>
<DOC>
  <TITLE TRANSLATED="NO">School-based programmes for preventing smoking</TITLE>
  <SUMMARY>
    <SUMMARY_TITLE>Are school-based programmes effective in the long term in preventing uptake of smoking</SUMMARY_TITLE>
    <SUMMARY_BODY>
<P>
<B>
<BR/>
</B>We identified 23 high quality randomized controlled trials of school-based programmes to prevent children who had never smoked becoming smokers. The interventions included information-giving, social influence approaches, social skills training, and community interventions. There is little evidence that information alone is effective. The majority of studies drew on a social influences intervention. Although half of the best quality studies in this group found short-term effects on children's smoking behaviour, the highest quality and longest trial (the Hutchinson Smoking Prevention Project) found no long-term effects from 65 lessons over eight years. There was limited evidence for the effects of interventions that included developing generic social competence, and for those with a multi-modal approach that included community initiatives.</P>
</SUMMARY_BODY>
  </SUMMARY>
  <ABSTRACT>
    <ABS_BACKGROUND>
<P>Smoking rates in adolescents are rising in some countries. Helping young people to avoid starting smoking is a widely endorsed goal of public health, but there is uncertainty about how to do this. Schools provide a route for communicating with a large proportion of young people, and school-based programmes for smoking prevention have been widely developed and evaluated.</P>
</ABS_BACKGROUND>
    <ABS_OBJECTIVES>
<P>To review all randomized controlled trials of behavioural interventions in schools to prevent children (aged 5 to12) and adolescents (aged 13 to18) starting smoking.</P>
</ABS_OBJECTIVES>
    <ABS_SEARCH_STRATEGY>
<P>We searched the Cochrane Central Register of Controlled Trials (CENTRAL) and the Cochrane Tobacco Addiction Group's Specialized Register, MEDLINE, EMBASE, PsyclNFO, ERIC, CINAHL, Health Star, Dissertation Abstracts and studies identified in the bibliographies of articles. Individual MEDLINE searches were made for 133 authors who had undertaken randomized controlled trials in this area.</P>
</ABS_SEARCH_STRATEGY>
    <ABS_SELECTION_CRITERIA>
<P>
<B>Types of studies</B>: those in which individual students, classes, schools, or school districts were randomized to the intervention or control groups and followed for at least six months. <BR/>
<B>Types of participants</B>: Children (aged 5 to12) or adolescents (aged 13 to18) in school settings. <BR/>
<B>Types of interventions</B>: Classroom programmes or curricula, including those with associated family and community interventions, intended to deter use of tobacco. We included programmes or curricula that provided information, those that used social influences approaches, those that taught generic social competence, and those that included interventions beyond the school into the community. We included programmes with a drug or alcohol focus if outcomes for tobacco use were reported. <BR/>
<B>Types of outcome measures</B>: Prevalence of non-smoking at follow up among those not smoking at baseline. We did not require biochemical validation of self-reported tobacco use for study inclusion.</P>
</ABS_SELECTION_CRITERIA>
    <ABS_DATA_COLLECTION>
<P>We assessed whether identified citations were randomized controlled trials. We assessed the quality of design and execution, and abstracted outcome data. Because of the marked heterogeneity of design and outcomes, we computed pooled estimates only for those trials that could be analyzed together and for which statistical data were available. We predominantly synthesized the data using narrative systematic review. We grouped studies by intervention method (information; social competence; social influences; combined social influences/social competence; multi-modal programmes). Within each group, we placed them into three categories (low, medium and high risk of bias) according to validity using quality criteria for reported study design.</P>
</ABS_DATA_COLLECTION>
    <ABS_RESULTS>
<P>Of the 94 randomized controlled trials identified, we classified 23 as category one (most valid). There was one category one study of information-giving and two of teaching social comeptence. There were thirteen category one studies of social influences interventions. Of these, nine<B> </B>found some positive effect of intervention on smoking prevalence, and four<B> </B>failed to detect an effect on smoking prevalence. The largest and most rigorous study, the Hutchinson Smoking Prevention Project, found no long-term effect of an intensive eight-year programme on smoking behaviour. There were three category one RCTs of combined social influences and social competence interventions: one provided significant results and one only for instruction by health educators compared to self-instruction.There was a lack of high quality evidence about the effectiveness of combinations of social influences and social competence approaches. There was one category one study providing data on social influences compared with information giving. There were four category one studies of multi-modal approaches but they provided limited evidence about the effectiveness of multi-modal approaches including community initiatives.</P>
</ABS_RESULTS>
    <ABS_CONCLUSIONS>
<P>There is one rigorous test of the effects of information-giving about smoking. There are well-conducted randomized controlled trials to test the effects of social influences interventions: in half of the group of best quality studies those in the intervention group smoke less than those in the control, but many studies failed to detect an effect of the intervention. There are only three high quality RCTs which test the effectiveness of combinations of social influences and social competence interventions, and four which test multi-modal interventions; half showed significant positive results.</P>
</ABS_CONCLUSIONS>
  </ABSTRACT>
</DOC>
