<?xml version="1.0"?>
<DOC>
  <TITLE TRANSLATED="NO">Alternative versus conventional institutional settings for birth</TITLE>
  <SUMMARY>
    <SUMMARY_TITLE>Alternative versus conventional institutional settings for birth</SUMMARY_TITLE>
    <SUMMARY_BODY>
<P>In high- and moderate-income countries, labour wards have become the settings for childbirth for the majority of childbearing women. Routine medical interventions have also increased steadily over time, leading to many questions about benefits, safety, and risk for healthy childbearing women. The design of conventional hospital labour rooms is similar to the design of other hospital sick rooms, i.e. the hospital bed is a central feature of the room, and medical equipment is in plain view. In an effort to support normal labour and birth for healthy childbearing women, a variety of institutional maternity care settings have been constructed. Some are 'home-like' bedrooms within hospital labour wards. Others are 'home-like' birthing units adjacent to the labour wards. Others are freestanding birth centres. More recently, 'ambient' and Snoezelen rooms have been constructed within labour wards; these rooms are not home-like but contain a variety of sensory stimuli and furnishings designed to promote feelings of calmness, control, and freedom of movement.</P>
<P>The primary aim of this review is to evaluate the effects, on labour and birth outcomes, of care in an alternative institutional birth setting compared to care in a conventional hospital labour ward. We included nine trials involving 10,684 women. We found no trials of freestanding birth centres. When compared to conventional institutional settings, alternative settings were associated with reduced likelihood of medical interventions, increased likelihood of spontaneous vaginal birth, increased maternal satisfaction, and greater likelihood of continued breastfeeding at one to two months postpartum, with no apparent risks to mother or baby. Unfortunately in several trials, the design features of the alternative setting were confounded by differences in the organizational models of care (including separate staff and more continuity of caregiver in the alternative setting), and thus it is not possible to draw conclusions about the independent effects of the design of the birth environment. We conclude that women and policy makers should be informed about the benefits of institutional settings which focus on supporting normal labour and birth.</P>
</SUMMARY_BODY>
  </SUMMARY>
  <ABSTRACT>
    <ABS_BACKGROUND>
<P>Alternative institutional settings have been established for the care of pregnant women who prefer and require little or no medical intervention. The settings may offer care throughout pregnancy and birth, or only during labour; they may be part of hospitals or freestanding entities. Specially designed labour rooms include bedroom-like rooms, ambient rooms, and Snoezelen rooms.</P>
</ABS_BACKGROUND>
    <ABS_OBJECTIVES>
<P>Primary: to assess the effects of care in an alternative institutional birth environment compared to care in a conventional institutional setting. Secondary: to determine if the effects of birth settings are influenced by staffing, architectural features, organizational models or geographical location.</P>
</ABS_OBJECTIVES>
    <ABS_SEARCH_STRATEGY>
<P>We searched the Cochrane Pregnancy and Childbirth Group's Trials Register (31 May 2010).</P>
</ABS_SEARCH_STRATEGY>
    <ABS_SELECTION_CRITERIA>
<P>All randomized or quasi-randomized controlled trials which compared the effects of an alternative institutional maternity care setting to conventional hospital care.</P>
</ABS_SELECTION_CRITERIA>
    <ABS_DATA_COLLECTION>
<P>We used standard methods of the Cochrane Collaboration Pregnancy and Childbirth Group. Two review authors evaluated methodological quality. We performed double data entry and have presented results using risk ratios (RR) and 95% confidence intervals (CI).</P>
</ABS_DATA_COLLECTION>
    <ABS_RESULTS>
<P>Nine trials involving 10684 women met the inclusion criteria. We found no trials of freestanding birth centres or Snoezelen rooms. Allocation to an alternative setting increased the likelihood of: no intrapartum analgesia/anaesthesia (five trials, n = 7842; RR 1.17, 95% CI 1.01 to 1.35); spontaneous vaginal birth (eight trials; n = 10,218; RR 1.04, 95% CI 1.02 to 1.06); breastfeeding at six to eight weeks (one trial, n = 1147; RR 1.04, 95% CI 1.02 to 1.06); and very positive views of care (two trials, n = 1207; RR 1.96, 95% CI 1.78 to 2.15). Allocation to an alternative setting decreased the likelihood of epidural analgesia (seven trials, n = 9820; RR 0.82, 95% CI 0.75 to 0.89); oxytocin augmentation of labour (seven trials, n = 10,020; RR 0.78, 95% CI 0.66 to 0.91); and episiotomy (seven trials, n = 9944; RR 0.83, 95% CI 0.77 to 0.90). There was no apparent effect on serious perinatal or maternal morbidity/mortality, other adverse neonatal outcomes, or postpartum hemorrhage. No firm conclusions could be drawn regarding the effects of variations in staffing, organizational models, or architectural characteristics of the alternative settings.</P>
</ABS_RESULTS>
    <ABS_CONCLUSIONS>
<P>When compared to conventional settings, hospital-based alternative birth settings are associated with increased likelihood of spontaneous vaginal birth, reduced medical interventions and increased maternal satisfaction.</P>
</ABS_CONCLUSIONS>
  </ABSTRACT>
</DOC>
