<?xml version="1.0"?>
<DOC>
  <TITLE TRANSLATED="NO">Intra-venous fluids for the prevention of severe ovarian hyperstimulation syndrome</TITLE>
  <SUMMARY>
    <SUMMARY_TITLE>Intra-venous fluids preventing severe ovarian hyperstimulation syndrome </SUMMARY_TITLE>
    <SUMMARY_BODY>
<P>Ovarian hyperstimulation syndrome (OHSS) is a complication from some fertility medications used for controlled ovarian stimulation in women undergoing in vitro fertilisation (IVF) or intracytoplasmic sperm injection (ICSI) cycles. Most cases are mild, but for a small proportion of women the OHSS is severe. The aetiology of OHSS is not completely clear at this moment. The ovaries become swollen with fluid, leaking this excess fluid in to the body. In extreme cases, which are rare, the fluid may fill the chest area leading to shortness of breath. Other symptoms of serious OHSS include weight gain of more than 10 pounds in a few days, severe pain or swelling in the abdomen and trouble urinating. Data from many studies suggest that giving intra-venous colloid fluids, such as human albumin, hydroxyethyl starch, dextran or Haemaccel, at the time of oocyte retrieval may be beneficial for women with a high risk of developing OHSS. To obtain a reliable assessment of the effects of intra-venous fluids, we reviewed data from nine randomised controlled studies. There was borderline evidence of benefit with the routine use of human albumin in the prevention of OHSS. There was good evidence to support the use of hydroxyethyl starch in the prevention of OHSS in high risk patients.<BR/>
</P>
</SUMMARY_BODY>
  </SUMMARY>
  <ABSTRACT>
    <ABS_BACKGROUND>
<P>Ovarian hyperstimulation syndrome (OHSS) is a serious and potentially fatal complication of ovarian stimulation, which affects 1% to 14% of all in vitro fertilisation (IVF) or intracytoplasmic sperm injection (ICSI) cycles. A number of clinical studies with conflicting results have reported on the use of intravenous fluids such as albumin, hydroxyethyl starch, Haemaccel® and dextran as a possible way for preventing the severe form of OHSS.</P>
</ABS_BACKGROUND>
    <ABS_OBJECTIVES>
<P>To review the effectiveness and safety of administration of intravenous fluids such as albumin, hydroxyethyl starch, Haemaccel® and dextran in the prevention of severe ovarian hyperstimulation syndrome (OHSS) in IVF or ICSI treatment cycles.</P>
</ABS_OBJECTIVES>
    <ABS_SEARCH_STRATEGY>
<P>We searched the Cochrane Menstrual Disorders and Subfertility Group Specialised Register of controlled trials, the Cochrane Central Register of Controlled Trials (CENTRAL) (<I>The Cochrane Library</I>, to third quarter 2010), MEDLINE (1950 to November 2010), EMBASE (1980 to November 2010) and The National Research Register (to November 2010). The citation lists of relevant publications, review articles, abstracts of scientific meetings and included studies were also searched. The authors were contacted to provide or clarify data that were unclear from the trial reports.</P>
</ABS_SEARCH_STRATEGY>
    <ABS_SELECTION_CRITERIA>
<P>Randomised controlled trials (RCTs) which compared the effects of intravenous fluids with placebo or no treatment for the prevention of severe OHSS in high risk women undergoing IVF or ICSI treatment cycles.</P>
</ABS_SELECTION_CRITERIA>
    <ABS_DATA_COLLECTION>
<P>Two review authors independently scanned the abstracts, identified relevant papers, assessed inclusion of trials and trial quality and extracted relevant data. Validity was assessed in terms of method of randomisation, allocation concealment and outcomes. Where possible, data were pooled for analysis. A separate analysis of studies was performed for human albumin and hydroxyethyl starch versus placebo or no treatment. Other potential intravenous fluids have been identified, such as Haemaccel and dextran, however no randomised controlled studies on their applicability could be found.</P>
</ABS_DATA_COLLECTION>
    <ABS_RESULTS>
<P>Nine RCTs involving 1660 (human albumin vs placebo) and 487 (HES vs placebo) randomised women, have been included in this review. There was a borderline statistically significant decrease in the incidence of severe OHSS with administration of human albumin (8 RCTs, OR 0.67, 95% CI 0.45 to 0.99).There was a statistically significant decrease in severe OHSS incidence with administration of hydroxyethyl starch (3 RCTs, OR 0.12, 95% CI 0.04 to 0.40). There was no evidence of statistical difference in the pregnancy rate between both groups of treatment.</P>
</ABS_RESULTS>
    <ABS_CONCLUSIONS>
<P>There is limited evidence of benefit from intra-venous albumin administration at the time of oocyte retrieval in the prevention or reduction of the incidence of severe OHSS in high risk women undergoing IVF or ICSI treatment cycles. Hydroxyethyl starch markedly decreases the incidence of severe OHSS.<BR/>
</P>
</ABS_CONCLUSIONS>
  </ABSTRACT>
</DOC>
