<?xml version="1.0"?>
<DOC>
  <TITLE TRANSLATED="NO">Length of hospitalisation for people with severe mental illness</TITLE>
  <SUMMARY>
    <SUMMARY_TITLE>Length of hospitalisation for people with severe mental illness</SUMMARY_TITLE>
    <SUMMARY_BODY>
<P>Over the last hundred years medical opinion as to whether people with a severe mental illness should stay in hospital for months and years versus a few weeks has changed. This has been helped by the advent of medication for some of these illnesses. Consequently, in the developed world hospital stays are now relatively short. However even in these countries there is still some doubt as to whether really short admissions are helpful because the person does not get institutionalised, or harmful because the symptoms and possible causes of the illness are not completely addressed. There are a group of patients who have short but frequent admissions (‘revolving door patients’) and others who despite a variety of treatments stay in hospital for a long time (‘new long stay patients’). </P>
<P>To identify what length of stay in hospital is most helpful, this review looks at trials comparing hospital stays of over 28 days to those that are under 28 days. Six studies were found containing a total of 2030 people, four in the USA and two in the UK. However, differences in the design of the trials made them difficult to compare to each other. In addition all of the trials were done before 1980 when there was less choice of medication and greater differences in the diagnoses between the US and the UK. One study showed a statistically significant drop in the number of people readmitted to hospital in the short stay group, but these people had almost daily input from a clinician. The remaining studies showed no significant difference between the two groups. In two trials, the short-stay group were more likely to be employed after two years. In three trials the long-stay group were more likely to stay in hospital after the date they were supposed to be discharged. Although the data from these trials is not extensive there is a suggestion that short stays in hospital in themselves do not cause people to become ‘revolving door patients’. A new trial that is large, simple and clearly recorded, would help to confirm these results.</P>
<P>(Plain language summary prepared for this review by Janey Antoniou of RETHINK, UK <A HREF="http://www.rethink.org">www.rethink.org</A>).</P>
</SUMMARY_BODY>
  </SUMMARY>
  <ABSTRACT>
    <ABS_BACKGROUND>
<P>In high income countries, over the last three decades, the length of hospital stays for people with serious mental illness has reduced drastically. Some argue that this reduction has led to revolving door admissions and worsening mental health outcomes despite apparent cost savings, whilst others suggest longer stays may be more harmful by institutionalising people to hospital care.</P>
</ABS_BACKGROUND>
    <ABS_OBJECTIVES>
<P>To determine the clinical and service outcomes of planned short stay admission policies versus a long or standard stay for people with serious mental illnesses.</P>
</ABS_OBJECTIVES>
    <ABS_SEARCH_STRATEGY>
<P>We searched the Cochrane Schizophrenia Group's register of trials (July 2007).</P>
</ABS_SEARCH_STRATEGY>
    <ABS_SELECTION_CRITERIA>
<P>We included all randomised trials comparing planned short with long/standard hospital stays for people with serious mental illnesses.</P>
</ABS_SELECTION_CRITERIA>
    <ABS_DATA_COLLECTION>
<P>We extracted data independently. For dichotomous data we calculated relative risks (RR) and their 95% confidence intervals (CI) on an intention-to-treat basis based on a fixed effects model. We calculated numbers needed to treat/harm (NNT/NNH) where appropriate. For continuous data, we calculated fixed effects weighted mean differences (WMD).</P>
</ABS_DATA_COLLECTION>
    <ABS_RESULTS>
<P>We included six relevant trials. We found no significant difference in hospital readmissions between planned short stays and standard care at one year (n=651, 4 RCTs, RR 1.26 CI 1.0 to 1.6). Short hospital stay did not confer any benefit in terms of 'loss to follow up compared with standard care (n=453, 3 RCTs, RR 0.87 CI 0.7 to 1.1). There were no significant differences for the outcome of 'leaving hospital prematurely' (n=229, 2 RCTs, RR 0.77 CI 0.3 to 1.8). More post-discharge day care was given to participants in the short stay group (n=247, 1 RCT, RR 4.52 CI 2.7 to 7.5, NNH 3 CI 2 to 6) and people from the short stay groups were more likely to be employed at two years (n=330, 2 RCTs, RR 0.61 CI 0.5 to 0.8, NNT 5 CI 4 to 8). Economic data were few but, once discharged, costs may be more for those allocated to an initial short stay.</P>
</ABS_RESULTS>
    <ABS_CONCLUSIONS>
<P>The effects of hospital care and the length of stay is important for mental health policy. We found limited data, although outcomes do suggest that a planned short stay policy does not encourage a 'revolving door' pattern of admission and disjointed care for people with serious mental illness. More large, well-designed and reported trials are justified.</P>
</ABS_CONCLUSIONS>
  </ABSTRACT>
</DOC>
