<?xml version="1.0"?>
<DOC>
  <TITLE TRANSLATED="NO">Interventions for treating cholestasis in pregnancy</TITLE>
  <SUMMARY>
    <SUMMARY_TITLE>Interventions for treating cholestasis in pregnancy</SUMMARY_TITLE>
    <SUMMARY_BODY>
<P>Some relief from the drug SAMe for itching in pregnancy, but more research needed about other treatments.</P>
<P>Cholestasis in pregnancy is a liver disorder in pregnancy. It is usually a harmless condition for the pregnant woman but the main symptom of itching (pruritus) can interfere with sleeping and the enjoyment of pregnancy. Cholestasis in pregnancy has also been associated with premature birth. The review of trials found the drug S-adenosylmethionine (SAMe) provided some relief of itching. Guar gum and activated charcoal were unpleasant to take but did not harm the pregnant woman or baby. The review found no evidence of effect from taking ursodeoxycholic acid (UDCA). More research is needed.</P>
</SUMMARY_BODY>
  </SUMMARY>
  <ABSTRACT>
    <ABS_BACKGROUND>
<P>Cholestasis of pregnancy has been linked to adverse maternal and fetal/neonatal outcomes. As the pathophysiology is poorly understood, therapies have been empiric.</P>
</ABS_BACKGROUND>
    <ABS_OBJECTIVES>
<P>The objective of the review is to evaluate the effectiveness and safety of therapeutic interventions in women with a clinical diagnosis of cholestasis of pregnancy.</P>
</ABS_OBJECTIVES>
    <ABS_SEARCH_STRATEGY>
<P>We searched the Cochrane Pregnancy and Childbirth Group's Trials Register, the Cochrane Controlled Trials Register, MEDLINE and PREMEDLINE, EMBASE, CINAHL and Current Contents. Date of last search: March 2001. We updated the search of the Cochrane Pregnancy and Childbirth Group's Trials Register on 30 November 2009 and added the results to the awaiting classification section.</P>
</ABS_SEARCH_STRATEGY>
    <ABS_SELECTION_CRITERIA>
<P>Randomised controlled trials (RCTs) that compared an intervention with either a placebo or an alternative treatment in women with a diagnosis of intrahepatic cholestasis of pregnancy. Trials published only as abstracts were excluded. </P>
</ABS_SELECTION_CRITERIA>
    <ABS_DATA_COLLECTION>
<P>The reviewers assessed identified trials for 1) eligibility and 2) methodological quality. Attempts were made to contact authors for missing data.</P>
</ABS_DATA_COLLECTION>
    <ABS_RESULTS>
<P>Nine RCTs involving 227 women were included but adequate data for appropriate comparisons of effects pruritus, bile acids or liver enzymes were not consistently reported. S-adenosylmethionine (SAMe) versus placebo (four trials, 82 women): only one trial showed significantly greater improvements in pruritus, bile salts and liver enzymes with SAMe. Ursodeoxycholic acid (UDCA) versus placebo (three trials, 56 women): in two trials a significant difference in pruritus relief was not detected. One trial observed greater reductions in bile salts and liver enzymes with UDCA. Preterm births were fewer with UDCA in one study while two studies reported no difference in fetal distress incidence. Guar gum versus placebo (one trial, 48 patients): no differences in pruritus, bile salts, or fetal/neonatal outcomes were observed. Activated charcoal versus no treatment (one trial, 20 patients): the reduction in bile salts was greater with charcoal, but no difference in pruritus relief: relative risk (RR) 9.0 95% confidence interval (CI) 0.6 - 148 or fetal/neonatal outcomes. UDCA versus SAMe (two trials, 36 patients): pruritus relief was better with UDCA in one study and with SAMe in the other. UDCA was better in reducing bile acids but not liver enzymes in one trial. UDCA + SAMe versus placebo, UDCA or SAMe (one study, eight patients/arm): UDCA + SAMe versus placebo or UDCA resulted in greater improvements in pruritus, bile salts and selected liver function assays; UDCA + SAMe versus SAMe resulted in greater improvements in bile salts and ALP only. No treatments were found to be unsafe. </P>
</ABS_RESULTS>
    <ABS_CONCLUSIONS>
<P>There is insufficient evidence to recommend guar gum, activated charcoal, SAMe and UDCA alone or in combination in treating women with cholestasis of pregnancy. Inconsistent and inadequate reporting of results precluded pooling the results of small studies. </P>
<P>[Note: The nineteen citations in the awaiting classification section of the review may alter the conclusions of the review once assessed.]</P>
</ABS_CONCLUSIONS>
  </ABSTRACT>
</DOC>
