<?xml version="1.0"?>
<DOC>
  <TITLE TRANSLATED="NO">Multiple risk factor interventions for primary prevention of coronary heart disease</TITLE>
  <SUMMARY>
    <SUMMARY_TITLE>Multiple risk factor interventions for coronary heart disease</SUMMARY_TITLE>
    <SUMMARY_BODY>
<P>In many countries, there is enthusiasm for 'healthy heart programmes' that use counselling and educational methods to encourage people to reduce their risks for developing heart disease. These risk factors include high cholesterol, excessive salt intake, high blood pressure, excess weight, a high-fat diet, smoking, diabetes and a sedentary lifestyle. This review is an update of all relevant randomised trials that have evaluated an intervention that aimed to reduce more than one risk factor (multiple risk factor intervention) in people without evidence of cardiovascular disease. The findings are from 55 trials of between six months and 12 years duration conducted in several countries over the course of four decades. The median duration of follow up was 12 months (with a range of six months to 12 years). Multiple risk factor intervention does result in small reductions in risk factors including blood pressure, cholesterol and smoking. Contrary to expectations, multiple risk factor interventions had little or no impact on the risk of coronary heart disease mortality or morbidity. This could be because these small risk factor changes were not maintained in the long term. Alternatively, the small reductions in risk factors may be caused by biases in some of the studies. The methods of attempting behaviour change in the general population are limited and do not appear to be effective. Different approaches to behaviour change are needed and should be tested empirically before being widely promoted, particularly in developing countries where cardiovascular disease rates are rising. Further trials may be warranted.</P>
</SUMMARY_BODY>
  </SUMMARY>
  <ABSTRACT>
    <ABS_BACKGROUND>
<P> Multiple risk factor interventions using counselling and educational methods assumed to be efficacious and cost-effective in reducing coronary heart disease (CHD) mortality and morbidity and that they should be expanded. Trials examining risk factor changes have cast doubt on the effectiveness of these interventions.</P>
</ABS_BACKGROUND>
    <ABS_OBJECTIVES>
<P>To assess the effects of multiple risk factor interventions for reducing total mortality, fatal and non-fatal events from CHD and cardiovascular risk factors among adults assumed to be without prior clinical evidence CHD..</P>
</ABS_OBJECTIVES>
    <ABS_SEARCH_STRATEGY>
<P>We updated the original search BY SEARCHING CENTRAL (2006, Issue 2), MEDLINE (2000 to June 2006) and EMBASE (1998 to June 2006), and checking bibliographies.</P>
</ABS_SEARCH_STRATEGY>
    <ABS_SELECTION_CRITERIA>
<P>Randomised controlled trials of more than six months duration using counselling or education to modify more than one cardiovascular risk factor in adults from general populations, occupational groups or specific risk factors (i.e. diabetes, hypertension, hyperlipidaemia, obesity).</P>
</ABS_SELECTION_CRITERIA>
    <ABS_DATA_COLLECTION>
<P>Two authors extracted data independently. We expressed categorical variables as odds ratios (OR) with 95% confidence intervals (CI). Where studies published subsequent follow-up data on mortality and event rates, we updated these data.</P>
</ABS_DATA_COLLECTION>
    <ABS_RESULTS>
<P>We found 55 trials (163,471 participants) with a median duration of 12 month follow up. Fourteen trials (139,256 participants) with reported clinical event endpoints, the pooled ORs for total and CHD mortality were 1.00 (95% CI 0.96 to 1.05) and 0.99 (95% CI 0.92 to 1.07), respectively. Total mortality and combined fatal and non-fatal cardiovascular events showed benefits from intervention when confined to trials involving people with hypertension (16 trials) and diabetes (5 trials): OR 0.78 (95% CI 0.68 to 0.89) and OR 0.71 (95% CI 0.61 to 0.83), respectively. Net changes (weighted mean differences) in systolic and diastolic blood pressure (53 trials) and blood cholesterol (50 trials) were -2.71 mmHg (95% CI -3.49 to -1.93), -2.13 mmHg (95% CI -2.67 to -1.58 ) and -0.24 mmol/l (95% CI -0.32 to -0.16), respectively. The OR for reduction in smoking prevalence (20 trials) was 0.87 (95% CI 0.75 to 1.00). Marked heterogeneity (I<SUP>2</SUP> &gt; 85%) for all risk factor analyses was not explained by co-morbidities, allocation concealment, use of antihypertensive or cholesterol-lowering drugs, or by age of trial.</P>
</ABS_RESULTS>
    <ABS_CONCLUSIONS>
<P>Interventions using counselling and education aimed at behaviour change do not reduce total or CHD mortality or clinical events in general populations but may be effective in reducing mortality in high-risk hypertensive and diabetic populations. Risk factor declines were modest but owing to marked unexplained heterogeneity between trials, the pooled estimates are of dubious validity. Evidence suggests that health promotion interventions have limited use in general populations.</P>
</ABS_CONCLUSIONS>
  </ABSTRACT>
</DOC>
