<?xml version="1.0"?>
<DOC>
  <TITLE TRANSLATED="NO">Intravenous aminophylline for acute severe asthma in children over two years receiving inhaled bronchodilators</TITLE>
  <SUMMARY>
    <SUMMARY_TITLE>Intravenous aminophylline for acute severe asthma in children over two years receiving inhaled bronchodilators</SUMMARY_TITLE>
    <SUMMARY_BODY>
<P>Acute asthma is a common paediatric emergency prevalent in many countries. Treatment aims to reverse asthma by opening up the airways and targeting the underlying inflammation of the airways. Beta-agonists, anticholinergic agents and glucocorticoids are currently the most commonly used strategies. In the past, aminophylline has been extensively used for the management of acute asthma, despite side effects. However, its use has declined with the availability of effective inhaled bronchodilators and glucocorticoids. The purpose of this review was to assess whether the use of intravenous aminophylline in children receiving maximised inhaled bronchodilators and glucocorticoids produced additional beneficial effects. We identified a small number of good quality trials which compared aminophylline with placebo in children given inhaled bronchodilators and glucocorticoid therapy. This review found evidence that children treated with aminophylline had a greater improvement in lung function than children treated with placebo, when both groups received inhaled bronchodilators and steroids and they responded incompletely to these initial therapies. However, aminophylline use also resulted in greater risk of vomiting. Aminophylline use in children may be appropriate if children have a role in severe acute exacerbations of asthma where response to maximised therapy (inhaled bronchodilators and glucocorticoids) is poor. These results are based on small numbers and further work in this area is required.</P>
</SUMMARY_BODY>
  </SUMMARY>
  <ABSTRACT>
    <ABS_BACKGROUND>
<P>Since the advent of inhaled ß<SUB>2 </SUB>-agonists, anticholinergic agents and glucocorticoids, the role of aminophylline in paediatric acute asthma has become less clear. There remains some consensus that it is beneficial in children with acute severe asthma, receiving maximised therapy (oxygen, inhaled bronchodilators, and glucocorticoids).<U>
<BR/>
</U>
</P>
</ABS_BACKGROUND>
    <ABS_OBJECTIVES>
<P>To determine if the addition of intravenous aminophylline produces a beneficial effect in children with acute severe asthma receiving conventional therapy. <B>
<BR/>
</B>
</P>
</ABS_OBJECTIVES>
    <ABS_SEARCH_STRATEGY>
<P>The Cochrane Airways Group register of trials was used to identify relevant studies. The latest search was carried out in February 2007.<B>
<U>
<BR/>
</U>
</B>
</P>
</ABS_SEARCH_STRATEGY>
    <ABS_SELECTION_CRITERIA>
<P>Randomised-controlled trials comparing intravenous aminophylline with placebo in addition to usual care in children met the inclusion criteria.<B>
<BR/>
</B>
</P>
</ABS_SELECTION_CRITERIA>
    <ABS_DATA_COLLECTION>
<P>Two reviewers independently assessed studies and extracted data. Disagreement in the selection of trials was resolved by consensus. Attempts were made to contact authors to verify accuracy of data. <B>
<BR/>
</B>
</P>
</ABS_DATA_COLLECTION>
    <ABS_RESULTS>
<P>Seven trials met the inclusion criteria (380 participants). Methodological quality was high. All studies recruited children with acute severe asthma and requiring hospital admission. Six studies sought participants who were unresponsive to nebulised short-acting beta-agonist and administered systemic steroids to study participants. In two studies where some children were able to perform spirometry, baseline FEV<SUB>1</SUB> was between 35 and 45% predicted. The addition of aminophylline to steroids and ß<SUB>2</SUB>-agonist significantly improved FEV<SUB>1</SUB>% predicted over placebo at 6-8 hours, 12-18 hours and 24 hours. Aminophylline led to a greater improvement in PEF% predicted over placebo at 12-18 hours. There was no significant difference in length of hospital stay, symptoms, frequency of nebulisations and mechanical ventilation rates. There were insufficient data to permit aggregation for oxygenation and duration of supplemental oxygen therapy. Aminophylline led to a three-fold increase in the risk of vomiting. There was no significant difference between treatment groups with regard to hypokalaemia, headaches, tremor, seizures, arrhythmias and deaths. <B>
<BR/>
</B>
</P>
</ABS_RESULTS>
    <ABS_CONCLUSIONS>
<P>In children with a severe asthma exacerbation, the addition of intravenous aminophylline to ß<SUB>2</SUB>-agonists and glucocorticoids (with or without anticholinergics) improves lung function within 6 hours of treatment. However there is no apparent reduction in symptoms, number of nebulised treatment and length of hospital stay. There is insufficient evidence to assess the impact on oxygenation, PICU admission and mechanical ventilation. Aminophylline is associated with a significant increased risk of vomiting.<B>
<U>
<BR/>
</U>
</B>
</P>
</ABS_CONCLUSIONS>
  </ABSTRACT>
</DOC>
