<?xml version="1.0"?>
<DOC>
  <TITLE TRANSLATED="NO">Chest physiotherapy for preventing morbidity in babies being extubated from mechanical ventilation</TITLE>
  <SUMMARY>
    <SUMMARY_TITLE>Chest physiotherapy for preventing morbidity in babies being extubated from mechanical ventilation</SUMMARY_TITLE>
    <SUMMARY_BODY>
<P>Active chest physiotherapy may not be helpful for all babies being taken off mechanical breathing support. Mechanical ventilation (machine-assisted breathing) increases a baby's lung secretions. Chest physiotherapy (tapping or vibrating on the chest) is thought to clear the baby's lungs, and is often done when taking the baby off the ventilator (extubation). Although this review found a benefit for physiotherapy in terms of less babies needing to go back on the ventilator, no other benefits were shown. Also, this benefit was mainly due to the results of studies conducted a long time ago before advances such as better humidification systems to moisten the air the baby breaths and the drug surfactant. These advances may have reduced the risk of complications around the time of extubation so these results may not apply to babies in today's neonatal nurseries. This review did not show any evidence of harm for babies receiving a short course of chest physiotherapy following extubation.</P>
</SUMMARY_BODY>
  </SUMMARY>
  <ABSTRACT>
    <ABS_BACKGROUND>
<P>Chest physiotherapy has been used to clear secretions and help lung ventilation in newborns who have needed mechanical ventilation for respiratory problems. However, there are concerns about the safety of some forms of chest physiotherapy.</P>
</ABS_BACKGROUND>
    <ABS_OBJECTIVES>
<P>To determine the effects of active chest physiotherapy on infants being extubated from mechanical ventilation for respiratory failure.</P>
</ABS_OBJECTIVES>
    <ABS_SEARCH_STRATEGY>
<P>The standard search strategy of the Cochrane Neonatal Review Group was used. This included searches of electronic databases: Oxford Database of Perinatal Trials; Cochrane Central Register of Controlled Trials (CENTRAL, <I>The Cochrane Library</I>, Issue 1, 2005); MEDLINE (1966 to February 2009); CINAHL (1982 to February 2009); and EMBASE (2006 to February 2009), previous reviews including cross references, abstracts, conferences, symposia proceedings, expert informants and journal hand searching.</P>
</ABS_SEARCH_STRATEGY>
    <ABS_SELECTION_CRITERIA>
<P>All trials utilising random or quasi-random patient allocation, in which active chest physiotherapy was compared with non-active techniques (e.g. positioning and suction alone) or no intervention in the peri-extubation period.</P>
</ABS_SELECTION_CRITERIA>
    <ABS_DATA_COLLECTION>
<P>Assessment of methodological quality and extraction of data for each included trial was undertaken independently by the authors. Subgroup analysis was performed on different treatment frequencies and gestational age less than 32 weeks. Meta-analysis was conducted using a fixed effects model. Results are presented as relative risk (RR), risk difference (RD) and number needed to treat (NNT) for categorical data and mean difference (MD) for data measured on a continuous scale. All outcomes are reported with the use of 95% confidence intervals.</P>
</ABS_DATA_COLLECTION>
    <ABS_RESULTS>
<P>In this review of four trials, two of which were carried out 15 and 23 years ago, no clear benefit of peri-extubation active chest physiotherapy can be seen. Active chest physiotherapy did not significantly reduce the rate of postextubation lobar collapse [typical RR 0.80 (95% CI 0.49,1.29)], though a reduction in the use of reintubation was shown in the overall analysis [typical RR 0.32 (95% CI 0.13,0.82); typical RD -7% (95% CI-13, -2); NNT 14 (95% CI 8, 50)]. There is insufficient information to adequately assess important short and longer term outcomes, including adverse effects.</P>
</ABS_RESULTS>
    <ABS_CONCLUSIONS>
<P>Caution is required when interpreting the possible positive effects of chest physiotherapy of a reduction in the use of reintubation and the trend for decreased post-extubation atelectasis as the numbers of babies studied are small, the results are not consistent across trials, data on safety are insufficient, and applicability to current practice may be limited. </P>
</ABS_CONCLUSIONS>
  </ABSTRACT>
</DOC>
