<?xml version="1.0"?>
<DOC>
  <TITLE TRANSLATED="NO">Long-acting beta2-agonists for poorly reversible chronic obstructive pulmonary disease</TITLE>
  <SUMMARY>
    <SUMMARY_TITLE>Long-acting beta2-agonists for poorly reversible chronic obstructive pulmonary disease</SUMMARY_TITLE>
    <SUMMARY_BODY>
<P>This review aims to determine the effectiveness of long-acting beta-agonists, salmeterol or formoterol, in the treatment of COPD (emphysema/chronic bronchitis). These drugs improve airflow in the lungs, and enable people with COPD to get on with their daily activities. Twenty-four studies (6061 participants) reported the effects of LABAs in people with COPD. People taking salmeterol 50 mcg daily do have fewer exacerbations than those on placebo, and some improvement in lung function and certain quality of life scores. The findings were not consistent enough to support a general recommendation for the use of these drugs in the group of people with COPD with minimal variation in their lung function, although there is some evidence of improvement in important outcomes and these findings require further exploration in additional trials.</P>
</SUMMARY_BODY>
  </SUMMARY>
  <ABSTRACT>
    <ABS_BACKGROUND>
<P>Chronic obstructive pulmonary disease (COPD) is characterised by partially reversible airflow limitation. Many patients have little reversibility to short acting bronchodilators, but long acting bronchodilators are frequently advocated.</P>
</ABS_BACKGROUND>
    <ABS_OBJECTIVES>
<P>To determine the effectiveness of long acting beta-2 adrenoceptor agonists (LABAs) in COPD patients demonstrating poor reversibility to short-acting bronchodilators.</P>
</ABS_OBJECTIVES>
    <ABS_SEARCH_STRATEGY>
<P>The Cochrane Airways Group Specialised Register was searched ('all years' to 2005) along with the reference lists from identified randomised controlled trials (RCTs). </P>
</ABS_SEARCH_STRATEGY>
    <ABS_SELECTION_CRITERIA>
<P>All RCTs comparing inhaled LABAs (salmeterol or formoterol) with placebo in the treatment of patients with stable, poorly reversible COPD. Studies were a minimum of four weeks in duration.</P>
</ABS_SELECTION_CRITERIA>
    <ABS_DATA_COLLECTION>
<P>Two authors independently performed data extraction and study quality assessment. If we required additional data, we contacted authors and pharmaceutical companies sponsoring the identified RCTs.</P>
</ABS_DATA_COLLECTION>
    <ABS_RESULTS>
<P>Twenty-three published and unpublished studies (6061 participants) were included in the review. There was a significant change in forced expiratory volume in 1 second (FEV1) in favour of salmeterol 50 mcg twice daily (BID) of 51 mls (95% confidence intervals (CI) 32 to 70), end of study morning peak expiratory flow (PEF) 14.89 L/min (95% CI 10.86 to 18.91). Supplemental short-acting bronchodilator usage was reduced by just under one puff per day. There were significant differences in the total, activity and impact domain scores of the St George's respiratory questionnaire in favour of salmeterol 50 mcg BID. Findings from other health status measurements and symptom scores were conflicting. There was no significant difference in exercise tolerance. The number of participants experiencing exacerbations was significantly reduced with salmeterol 50 mcg treatment compared with placebo (numbers needed to treat to benefit 24).</P>
</ABS_RESULTS>
    <ABS_CONCLUSIONS>
<P>This review shows that the treatment of patients with COPD with salmeterol 50 mcg produces modest increases in lung function. There were varying effects for other important outcomes such as health related quality of life or reduction in symptoms. However, there was a consistent reduction in exacerbations which may help people with COPD who suffer frequent deterioration of symptoms prompting healthcare utilisation. The strength of evidence for the use of salmeterol 100 mcg, formoterol 12 mcg, 18 mcg, 24 mcg was insufficient to provide clear indications for practice.</P>
</ABS_CONCLUSIONS>
  </ABSTRACT>
</DOC>
