<?xml version="1.0"?>
<DOC>
  <TITLE TRANSLATED="NO">Gabapentin add-on for drug-resistant partial epilepsy</TITLE>
  <SUMMARY>
    <SUMMARY_TITLE>Gabapentin as an add-on for drug-resistant partial epilepsy</SUMMARY_TITLE>
    <SUMMARY_BODY>
<P>This review is an update of a previously published review and is now currently up to date as from 18/07/2013.</P>
<P>Epilepsy is a disorder where recurrent seizures are caused by abnormal electrical discharges from the brain. Evidence from randomised controlled trials are often used to examine how effective and safe antiepileptic drugs are in people who experience such seizures. In this review 11 studies were included and data from a total of 2125 people with partial seizures are presented. Data from 6 of the studies were combined together in the analysis. All the participants including adults and children were previously taking at least one antiepileptic drug and all were continuing to experience seizures. Either gabapentin or a placebo drug was then added to the drug regime. The results showed that gabapentin effectively reduced seizures when used as an additional treatment. Compared to a placebo gabapentin was almost twice as likely to reduce seizures by 50% or more. The most common adverse effects associated with gabapentin are ataxia (poor co-ordination and unsteady gait), dizziness, fatigue, and drowsiness. Overall the quality of evidence is moderate as several details regarding study methods were unclear in the reports. Research is needed into the effects of the long-term use of gabapentin.</P>
</SUMMARY_BODY>
  </SUMMARY>
  <ABSTRACT>
    <ABS_BACKGROUND>
<P>The majority of people with epilepsy have a good prognosis and their seizures are well controlled by a single antiepileptic drug, but up to 30% develop drug-resistant epilepsy, especially those with partial seizures. In this review we summarise the current evidence regarding the antiepileptic drug gabapentin, when used as an add-on treatment for drug-resistant partial epilepsy.</P>
</ABS_BACKGROUND>
    <ABS_OBJECTIVES>
<P>To evaluate the efficacy and tolerability of gabapentin when used as an add-on treatment for people with drug-resistant partial epilepsy.</P>
</ABS_OBJECTIVES>
    <ABS_SEARCH_STRATEGY>
<P>This is an updated version of the original Cochrane review published in <I>The</I> <I>Cochrane Library</I> 2009, Issue 4. We searched the Cochrane Epilepsy Group's Specialised Register (14 May 2013), the Cochrane Central Register of Controlled Trials (CENTRAL 2013, Issue 4, <I>The Cochrane Library</I>) (April 2013) and MEDLINE (1946 to 14 May 2013). We imposed no language restrictions.</P>
</ABS_SEARCH_STRATEGY>
    <ABS_SELECTION_CRITERIA>
<P>Randomised, placebo-controlled, double-blind, add-on trials of gabapentin in people with drug-resistant partial epilepsy. Trials using an active drug control group or which compared doses of gabapentin were also included in the review.</P>
</ABS_SELECTION_CRITERIA>
    <ABS_DATA_COLLECTION>
<P>Two review authors independently selected trials for inclusion and extracted the relevant data. We assessed the following outcomes: (a) seizure frequency and seizure freedom; (b) treatment withdrawal (any reason); (c) adverse effects. Primary analyses were intention-to-treat. We also undertook sensitivity best and worst-case analyses. We estimated summary risk ratios for each outcome and evaluated dose-response in regression models.</P>
</ABS_DATA_COLLECTION>
    <ABS_RESULTS>
<P>Eleven trials were included representing 2125 randomised participants. We combined data from six trials in meta-analyses of 1206 randomised participants. The overall risk ratio (RR) for 50% or greater reduction in seizure frequency compared to placebo was 1.89 (95% confidence interval (CI) 1.40 to 2.55). Dose regression analysis (for trials in adults) shows increasing efficacy with increasing dose, with 25.3% (19.3 to 32.3) of people responding to 1800 mg of gabapentin compared to 9.7% on placebo, a 15.5% increase in response rate (8.5 to 22.5). The RR for treatment withdrawal compared to placebo was 1.05 (95% CI 0.74 to 1.49). Adverse effects were significantly associated with gabapentin compared to placebo. Risk ratios were as follows: ataxia 2.01 (99% CI 0.98 to 4.11), dizziness 2.43 (99% CI 1.44 to 4.12), fatigue 1.95 (99% CI 0.99 to 3.82) and somnolence 1.93 (99% CI 1.22 to 3.06). No significant differences were found for the adverse effects of headache (RR 0.79, 99% CI 0.46 to 1.35) or nausea (RR 0.95, 99% CI 0.52 to 1.73). Overall the studies together are rated as low/unclear risk of bias due to information on each risk of bias domain not being available.</P>
</ABS_RESULTS>
    <ABS_CONCLUSIONS>
<P>Gabapentin has efficacy as an add-on treatment in people with drug-resistant partial epilepsy. However, the trials reviewed were of relatively short duration and provide no evidence for the long-term efficacy of gabapentin beyond a three-month period. The results cannot be extrapolated to monotherapy or to people with other epilepsy types.</P>
</ABS_CONCLUSIONS>
  </ABSTRACT>
</DOC>
