<?xml version="1.0"?>
<DOC>
  <TITLE TRANSLATED="NO">Seclusion and restraint for people with serious mental illnesses</TITLE>
  <SUMMARY>
    <SUMMARY_TITLE>Seclusion and restraint for people with serious mental illnesses</SUMMARY_TITLE>
    <SUMMARY_BODY>
<P>Synopsis pending.</P>
</SUMMARY_BODY>
  </SUMMARY>
  <ABSTRACT>
    <ABS_BACKGROUND>
<P>Seclusion and restraint are interventions used in the treatment and management of disruptive and violent behaviours in psychiatry. The use of seclusion varies widely across institutions. The literature does offer numerous suggestions for interventions to reduce or prevent aggression. </P>
</ABS_BACKGROUND>
    <ABS_OBJECTIVES>
<P>1. To estimate the effects of seclusion and restraint compared to the alternatives for those with serious mental illnesses.<BR/>2. To estimate the effects of strategies to prevent seclusion and restraint in those with serious mental illnesses.</P>
</ABS_OBJECTIVES>
    <ABS_SEARCH_STRATEGY>
<P>Electronic searches of The Cochrane Controlled Trials Register (Issue 1, 1999) and The Cochrane Schizophrenia Group's Register (January 1999) were supplemented with additional searches of Biological Abstracts (1989-1999), CINAHL (1982-1999), EMbase (1980-1999), MEDLINE (1966-1999), MEDIC (1979-1999), PsycLIT (1974-1999), Sociofile (1974-1999), SPRI &amp; SWEMED (1982-1999), Social Sciences Citation Index (1996-1999), and WILP (1983-1999). In addition, trials were sought by hand searching the reference lists of all identified studies and conference abstracts and contacting the first author of each relevant study.</P>
<P>We updated this search 10 May 2012 and added the results to the awaiting classification section of the review.</P>
</ABS_SEARCH_STRATEGY>
    <ABS_SELECTION_CRITERIA>
<P>Randomised controlled trials were included if they focused on the use (i) of restraint or seclusion; or (ii) of strategies designed to reduce the need for restraint or seclusion in the treatment of serious mental illness.</P>
</ABS_SELECTION_CRITERIA>
    <ABS_DATA_COLLECTION>
<P>Studies were reliably selected, quality rated and data extracted. For dichotomous data relative risks (RR) with 95% confidence intervals (CI) were estimated. Normal continuous data were summated using the weighted mean difference (WMD).</P>
</ABS_DATA_COLLECTION>
    <ABS_RESULTS>
<P>1. Effect of seclusion and restraint<BR/>The search strategy yielded 2155 citations. Of these, the full articles for 35 studies were obtained. No studies met minimum inclusion criteria and no data were synthesised. Most of the 24 excluded studies focused upon the restraint of elderly, confused people and preventing them from wandering or falling.</P>
<P>2. Prevention of seclusion and restraint<BR/>Work ongoing.</P>
<P>3. Update search 2012: the 2 new citations in the awaiting classification section of the review may alter the results and conclusions of the review once assessed.</P>
</ABS_RESULTS>
    <ABS_CONCLUSIONS>
<P>No controlled studies exist that evaluate the value of seclusion or restraint in those with serious mental illness. There are reports of serious adverse effects for these techniques in qualitative reviews. Alternative ways of dealing with unwanted or harmful behaviours need to be developed. Continuing use of seclusion or restraint must therefore be questioned from within well-designed and reported randomised trials that are generalisable to routine practice.</P>
</ABS_CONCLUSIONS>
  </ABSTRACT>
</DOC>
