<?xml version="1.0"?>
<DOC>
  <TITLE TRANSLATED="NO">Cernilton for benign prostatic hyperplasia</TITLE>
  <SUMMARY>
    <SUMMARY_TITLE>Cernilton, an extract from rye grass pollen, may help to relieve some urinary symptoms caused by an enlarged prostate gland, but more research is needed.</SUMMARY_TITLE>
    <SUMMARY_BODY>
<P>Benign prostatic hyperplasia (BPH), enlargement of the prostate gland, is common in older men. An enlarged prostate can interfere with urination, increasing the frequency and urge, or causing problems emptying the bladder. Both surgery and drugs are used to try to treat BPH. However, using herbal medicines to try to relieve the symptoms of BPH is common. Cernilton is a popular herbal remedy used by men worldwide. The review found that cernilton was well-tolerated and modestly improved the urinary symptoms of BPH. However it did not improve measures of urine flow. More research is needed into long-term effects of cernilton.</P>
</SUMMARY_BODY>
  </SUMMARY>
  <ABSTRACT>
    <ABS_BACKGROUND>
<P>Benign prostatic hyperplasia (BPH), nonmalignant enlargement of the prostate, can lead to obstructive and irritative lower urinary tract symptoms (LUTS). The pharmacologic use of plants and herbs (phytotherapy) for the treatment of LUTS associated with BPH has been growing steadily. Cernilton, prepared from the rye-grass pollen <I>Secale cereale</I>, is one of the several phytotherapeutic agents available for the treatment of BPH.</P>
</ABS_BACKGROUND>
    <ABS_OBJECTIVES>
<P>This systematic review aims to assess the effects of Cernilton on urinary symptoms and flow measures in men with benign prostatic hyperplasia (BPH).</P>
</ABS_OBJECTIVES>
    <ABS_SEARCH_STRATEGY>
<P>Trials were searched in computerized general and specialized databases (MEDLINE, EMBASE, Cochrane Library, Phytodok), by checking bibliographies, and by contacting manufacturers and researchers.</P>
</ABS_SEARCH_STRATEGY>
    <ABS_SELECTION_CRITERIA>
<P>Trials were eligible if they were: (1) randomized controlled trials or controlled clinical trials comparing Cernilton with placebo or other BPH medications in men with BPH; and (2) included clinical outcomes such as urologic symptom scales, symptoms, or urodynamic measurements.</P>
</ABS_SELECTION_CRITERIA>
    <ABS_DATA_COLLECTION>
<P>Information on patients, interventions, and outcomes was extracted by at least two independent reviewers using a standard form. Main outcome measure for comparing the effects of Cernilton with placebo and standard BPH medications were the change in urologic symptoms scales. Secondary outcomes included changes in nocturia as well as urodynamic measures (peak and mean urine flow, residual volume, prostate size). Main outcome measure for side effects was the number of men reporting side effects.</P>
</ABS_DATA_COLLECTION>
    <ABS_RESULTS>
<P>Four hundred forty-four men were enrolled in two placebo-controlled and two comparative trials lasting from 12 to 24 weeks. Three studies used a double-blind method although treatment allocation concealment was unclear in all. Cernilton improved "self rated urinary symptoms" (percent reporting satisfactory or improving symptoms) versus placebo and Tadenan. The weighted risk ratio (RR) for self-rated improvement versus placebo was 2.40 (95% CI = 1.21 to 4.75), and the weighted RR versus Tadenan was 1.42 (95% CI = 1.21 to 4.75). Cernilton reduced nocturia compared with placebo and Paraprost. Versus placebo, the weighted RR was 2.05 (95% CI = 1.41 to 3.00), and versus Paraprost, the WMD was -0.40 times per evening (95% CI = -0.73 to -0.07). Cernilton was not more effective than placebo or the comparative study agents in improving urinary flow rates, residual volume or prostate size. Adverse events were rare and mild. The withdrawal rate for Cernilton was 4.8% compared to 2.7% for placebo and 5.2% for Paraprost.</P>
</ABS_RESULTS>
    <ABS_CONCLUSIONS>
<P>The Cernilton trials analyzed were limited by short duration, limited number of enrollees, gaps in reported outcomes, and unknown quality of the preparations utilized. The comparative trials lacked a proven active control. The available evidence suggests Cernilton is well tolerated and modestly improves overall urologic symptoms including nocturia. Additional randomized placebo and active-controlled trials are needed to evaluate the long-term clinical effectiveness and safety of Cernilton. </P>
</ABS_CONCLUSIONS>
  </ABSTRACT>
</DOC>
