<?xml version="1.0"?>
<DOC>
  <TITLE TRANSLATED="NO">Antibiotics for acute maxillary sinusitis</TITLE>
  <SUMMARY>
    <SUMMARY_TITLE>Antibiotics for acute maxillary sinusitis</SUMMARY_TITLE>
    <SUMMARY_BODY>
<P>Sinusitis is one of the most common reasons for visiting a doctor, with 20 million visits for this condition every year in the USA alone. There are four pairs of sinuses linked to the bony structures around the nose: the maxillary, frontal, ethmoidal and sphenoidal sinuses. In sinusitis, these membrane-lined air spaces become infected, which causes pain and discharge from the nose. Treatment options include decongestants, steroid drops or sprays, mucus-clearing drugs (mucolytics), antihistamines and antibiotics, and/or sinus puncture and lavage.</P>
<P>In most cases sinusitis accompanies viral cold infections where antibiotics are ineffective, but the few cases that have additional bacterial infections (one or two of every 100 patients with sinus symptoms) could benefit. Unfortunately it is difficult to distinguish between those who have bacterial infections and those who have not but it is important to avoid unnecessary use of antibiotics and thereby limit the potential for antibiotic resistance.</P>
<P>This systematic review drew together data from 59 separate studies that used a variety of antibiotics for simple maxillary sinus infection (i.e. non-complicated acute sinusitis in a person with a healthy immune system) in primary care settings. Six of the studies (747 participants) compared antibiotics to placebo and found that most of the participants got better within two weeks, regardless of whether they received the antibiotic or not. When antibiotics were given they somewhat speeded up recovery from sinusitis symptoms. In the remaining 53 studies comparing different antibiotics, none of the antibiotics were found to be superior to the others.</P>
<P>The small benefit gained by antibiotics may be overridden by the negative effects of the drugs. In addition to patient-related adverse effects (like skin rash and gastrointestinal problems, for example, diarrhoea, abdominal pain and vomiting), side effects include the risk of increased resistance to antibiotics among community-acquired pathogens.</P>
<P>This review found that antibiotics help some people a bit, but do not make a major difference to most people with acute maxillary sinusitis in primary care settings.</P>
</SUMMARY_BODY>
  </SUMMARY>
  <ABSTRACT>
    <ABS_BACKGROUND>
<P>The role of antibiotics for sinusitis, one of the most common diagnoses among adults in ambulatory care, is controversial.</P>
</ABS_BACKGROUND>
    <ABS_OBJECTIVES>
<P>We examined whether antibiotics are effective in treating acute sinusitis and, if so, which antibiotic classes are the most effective.</P>
</ABS_OBJECTIVES>
    <ABS_SEARCH_STRATEGY>
<P>We searched CENTRAL (2010, Issue 1) which contains the Cochrane Acute Respiratory Infections Group's Specialised Register, MEDLINE (1950 to March Week 2, 2010) and EMBASE (1974 to March 2010).</P>
</ABS_SEARCH_STRATEGY>
    <ABS_SELECTION_CRITERIA>
<P>Randomised controlled trials (RCTs) comparing antibiotics with placebo or antibiotics from different classes for acute maxillary sinusitis in adults. We included trials with clinically diagnosed acute sinusitis, confirmed or not by imaging or bacterial culture.</P>
</ABS_SELECTION_CRITERIA>
    <ABS_DATA_COLLECTION>
<P>At least two review authors independently screened search results, extracted data and quality assessed trials. We calculated risk ratios (RR) for differences between intervention and control groups for whether the treatment failed or not. In meta-analysing the placebo-controlled studies, we combined the data across antibiotic classes. Primary outcomes were the clinical failure rates at seven to 15 days and 16 to 60 days follow up.</P>
</ABS_DATA_COLLECTION>
    <ABS_RESULTS>
<P>We included 59 studies in the review; six placebo-controlled studies (five of them conducted in primary care) and 53 studies comparing different classes of antibiotics. Five of the placebo-controlled studies (four low and one moderate/unclear risk of bias) involving 631 participants reported clinical failure rates (lack of cure or improvement) at seven to 15 days follow up. For participants with symptoms lasting at least seven days, antibiotics decreased the risk of clinical failure (pooled RR of 0.66, 95% confidence interval (CI) 0.44 to 0.98). However, the clinical benefit was small; cure or improvement rate was high in both the placebo group (80%) and the antibiotic group (90%). When clinical failure was defined as a lack of total cure (n = six studies), results were similar: antibiotics decreased the risk of failure (pooled RR of 0.74, 95% CI 0.65 to 0.84) at seven to 15 days follow up. In head-to-head comparisons, none of the antibiotic preparations was superior to the others.</P>
</ABS_RESULTS>
    <ABS_CONCLUSIONS>
<P>There is moderate evidence that antibiotics provide a small benefit for clinical outcomes in immunocompetent primary care patients with uncomplicated acute sinusitis. However, 80% of participants treated without antibiotics improved within two weeks. Clinicians need to weigh the small benefits of antibiotic treatment against the potential for adverse effects at both the individual and general population level.</P>
</ABS_CONCLUSIONS>
  </ABSTRACT>
</DOC>
