<?xml version="1.0"?>
<DOC>
  <TITLE TRANSLATED="NO">Kinesthetic stimulation for preventing apnea in preterm infants</TITLE>
  <SUMMARY>
    <SUMMARY_TITLE>Kinesthetic stimulation for preventing apnea in preterm infants</SUMMARY_TITLE>
    <SUMMARY_BODY>
<P>Lying preterm babies on oscillating mattresses has not been shown to help prevent apnea. Physical stimulation arouses babies experiencing apnea (episodes where breathing stops), and babies still in utero are naturally stimulated by their mothers' movements. Thus, it has been thought that keeping the baby moving might prevent apnea and promote growth and development. Oscillating (moving) mattresses have sometimes been used for babies born too early (preterm) who are at risk of apnea. However, the review found that this has not been shown to be effective.</P>
</SUMMARY_BODY>
  </SUMMARY>
  <ABSTRACT>
    <ABS_BACKGROUND>
<P>Recurrent apnea is common in preterm infants, particularly at very early gestational ages. These episodes of loss of effective breathing can lead to hypoxemia and bradycardia, which may be severe enough to require resuscitation including use of positive pressure ventilation or other treatments. Physical stimulation is often used to restart breathing and it is possible that repeated stimulation, such as with an oscillating mattress (kinesthetic stimulation), might prevent apnea and its consequences.</P>
</ABS_BACKGROUND>
    <ABS_OBJECTIVES>
<P>To determine the effect of prophylactic kinesthetic stimulation on apnea and bradycardia and use of intermittent positive pressure ventilation (IPPV) in preterm infants at risk for apnea?</P>
</ABS_OBJECTIVES>
    <ABS_SEARCH_STRATEGY>
<P>The standard search strategy of the Cochrane Neonatal Review Group was used. This included searches of the Oxford Database of Perinatal trials, Cochrane Central Register of Controlled Trials (<I>The Cochrane Library</I>, Issue 4, 2009), MEDLINE (1966 to October 2009), EMBASE, CINAHL (1982 to October 2009), previous reviews including cross references, abstracts, conferences and symposia proceedings, expert informants, journal hand searching mainly in the English language.</P>
</ABS_SEARCH_STRATEGY>
    <ABS_SELECTION_CRITERIA>
<P>All trials in preterm infants at risk of developing clinical apnea which utilized random or quasi-random allocation to treatment with an oscillating mattress (or other forms of repetitive kinesthetic stimulation) or control, were eligible.</P>
</ABS_SELECTION_CRITERIA>
    <ABS_DATA_COLLECTION>
<P>Standard methods of the Cochrane Collaboration and its Neonatal Review Group were used with separate evaluation of trial quality and data extraction by each author and synthesis of the data using relative risk.</P>
</ABS_DATA_COLLECTION>
    <ABS_RESULTS>
<P>Three trials enrolling a total of 154 babies were included in this review. There was no evidence of effect on short-term outcomes (apnea /bradycardia, IVH, use of IPPV, sleep/wake cycles and neurological status at discharge) or long-term outcomes (in one trial - growth and development to one year).</P>
</ABS_RESULTS>
    <ABS_CONCLUSIONS>
<P>Implications for practice. Prophylactic use of kinesthetic stimulation cannot be recommended to reduce apnea/bradycardia in preterm infants.</P>
<P>Implications for research. There are currently no clear research questions regarding prophylactic use of kinesthetic stimulation to prevent apnea in preterm infants.</P>
</ABS_CONCLUSIONS>
  </ABSTRACT>
</DOC>
