<?xml version="1.0"?>
<DOC>
  <TITLE TRANSLATED="NO">Intravenous fluids for abdominal aortic surgery</TITLE>
  <SUMMARY>
    <SUMMARY_TITLE>Intravenous fluids for body fluid management during abdominal aortic surgery</SUMMARY_TITLE>
    <SUMMARY_BODY>
<P>There is not enough evidence to show the best fluid replacement to use during and following surgery on the abdominal aorta. Surgery on the abdominal aorta is a major surgical procedure with a mortality of 1.5% in elective patients and up to 5% in emergency surgery. Fluid replacement is needed to replace tissue fluids lost during surgery. Blood products, non-blood products, or combinations including crystalloid solutions and colloids are used. Combination therapy is most common. The review of trials found that although 38 randomised trials involving 1589 patients were identified, there was not enough evidence on the benefits of any particular individual or combination fluid therapy. No single fluid affected any outcome measure significantly more than another fluid across a range of outcomes. The trials used many different fluid replacement comparisons so that few results could be pooled. Important outcomes are the need for allogenic blood transfusion, complications of organ failure, and length of stay in both the intensive care unit and hospital.</P>
</SUMMARY_BODY>
  </SUMMARY>
  <ABSTRACT>
    <ABS_BACKGROUND>
<P>Surgery on the abdominal aorta to treat aneurysms or occlusive disease is a major undertaking which requires intensive physiological support and fluid management. Blood products are often used but the main fluid replacement is with crystalloids or colloids. For years there has been controversy over which fluid is optimal and a number of studies have examined the subject. This is an update of a Cochrane review first published in 2000 and previously updated in 2002.</P>
</ABS_BACKGROUND>
    <ABS_OBJECTIVES>
<P>To determine the effectiveness of different non-blood replacement fluids used in abdominal aorta procedures with a view to identifying the optimal fluid for use.</P>
</ABS_OBJECTIVES>
    <ABS_SEARCH_STRATEGY>
<P>The Cochrane Peripheral Vascular Diseases Group searched their Specialised Register (August 2009) and the Cochrane Central Register of Controlled Trials (CENTRAL) (<I>The Cochrane Library </I>2009,<I> </I>Issue 3) for publications describing randomised controlled trials of non-blood replacement fluids in abdominal aortic surgery. In addition, the reference lists from retrieved trials were screened for further information about trials.</P>
</ABS_SEARCH_STRATEGY>
    <ABS_SELECTION_CRITERIA>
<P>Randomised controlled trials assessing the effects of at least one specific non-blood fluid used for replacement therapy in operations on, and confined to, the abdominal aorta.</P>
</ABS_SELECTION_CRITERIA>
    <ABS_DATA_COLLECTION>
<P>Data were extracted and then entered into the Review Manager software where statistical analyses were performed.</P>
</ABS_DATA_COLLECTION>
    <ABS_RESULTS>
<P>Thirty-eight trials involving 1589 patients were included. Patients undergoing aortic surgery had various physiological parameters measured before and after their operation (these were cardiac, respiratory, haematological, and biochemical). Patients were randomised to a fluid type. This review demonstrated that no single fluid affects any outcome measure significantly more than another fluid across a range of outcomes. The death rate in these studies was 2.45% (39 patients).</P>
</ABS_RESULTS>
    <ABS_CONCLUSIONS>
<P>Despite the confirmed beneficial effects of colloids in this review, further studies are still required. There are no studies examining the effects of combination fluid therapy. The primary research outcome was death, for which results were limited; therefore, future studies should pay more attention to short-term outcomes such as minimising the need for allogenic blood transfusion, complications (organ failure), and length of stay in both the intensive care unit and hospital.</P>
</ABS_CONCLUSIONS>
  </ABSTRACT>
</DOC>
