<?xml version="1.0"?>
<DOC>
  <TITLE TRANSLATED="NO">Long-term antibiotics for preventing recurrent urinary tract infection in children</TITLE>
  <SUMMARY>
    <SUMMARY_TITLE>Long-term antibiotics for preventing recurrent urinary tract infection in children</SUMMARY_TITLE>
    <SUMMARY_BODY>
<P>Bladder and kidney infections (urinary tract infection - UTI) are common in children, especially girls. They cause an uncomfortable illness that can include vomiting, fever and tiredness. In some children kidney damage may occur, as can repeat illnesses. With repeated infections the risk of kidney damage increases. Some doctors prescribe long-term antibiotics to try to prevent infections recurring, but this may cause the child to be unwell in other ways, e.g. vomiting. This review of randomised controlled trials (RCTs) found evidence that long-term antibiotics did reduce the risk of more symptomatic infections but the benefit is small and must be weighed against the likelihood that future infections may be with bacteria that are resistant to the antibiotic given.</P>
</SUMMARY_BODY>
  </SUMMARY>
  <ABSTRACT>
    <ABS_BACKGROUND>
<P>Urinary tract infection (UTI) is common in children. Symptoms include fever, lethargy, anorexia, and vomiting. UTI is caused by <I>Escherichia coli </I>in over 80% of cases and treatment is a course of antibiotics. Due to acute illness caused by UTI and the risk of pyelonephritis-induced permanent kidney damage, many children are given long-term antibiotics aimed at preventing recurrence.</P>
</ABS_BACKGROUND>
    <ABS_OBJECTIVES>
<P>To determine the efficacy and harms of long-term antibiotics to prevent recurrent UTI in children.</P>
</ABS_OBJECTIVES>
    <ABS_SEARCH_STRATEGY>
<P>In November 2010 we searched without language restriction MEDLINE, EMBASE, CENTRAL (in the <I>Cochrane Library</I>), the Cochrane Renal Group's Specialised Register, reference lists of review articles and contacted content experts.</P>
</ABS_SEARCH_STRATEGY>
    <ABS_SELECTION_CRITERIA>
<P>Randomised comparisons of antibiotics with other antibiotics, placebo or no treatment to prevent recurrent UTI.</P>
</ABS_SELECTION_CRITERIA>
    <ABS_DATA_COLLECTION>
<P>Two authors independently assessed and extracted information. A random-effects model was used to estimate risk ratio (RR) and risk difference (RD) for recurrent UTI with 95% confidence intervals (CI).</P>
</ABS_DATA_COLLECTION>
    <ABS_RESULTS>
<P>Twelve studies (1557 children) were identified with six (five analysed, 1069 children) comparing antibiotics with placebo/no treatment. Duration of antibiotic prophylaxis varied from 10 weeks to 12 months. Compared to placebo/no treatment, when all studies were included, antibiotics did not appear to reduce the risk of symptomatic UTI (RR 0.75, 95% CI 0.36 to 1.53) however when we evaluated the effects of antibiotics in studies with low risk of bias, there was a statistically significant reduction (RR 0.68, 95% CI 0.48 to 0.95). The effect was similar in children with vesicoureteric reflux (VUR) (RR 0.65, 95% CI 0.39 to 1.07) compared to those without VUR (RR 0.56, 95% CI 0.15 to 2.12). There was no consistency in occurrence of adverse events. Three studies reported antibiotic resistance, showing a non-significant increased risk for resistance to the antibiotic in the active treatment groups (RR 2.4, 95% CI 0.62 to 9.26).</P>
<P>Five studies (4 analysed, 367 children) compared one antibiotic with another but all compared different combinations or different outcomes and studies were not pooled. Two studies reported microbial resistance, nitrofurantoin having a significantly lower risk of resistance than cotrimoxazole (RR 0.54, 95% CI 0.31 to 0.92).</P>
<P>One study compared alternate with every day cefadroxil treatment.</P>
</ABS_RESULTS>
    <ABS_CONCLUSIONS>
<P>Long-term antibiotics appear to reduce the risk of repeat symptomatic UTI in susceptible children but the benefit is small and must be considered together with the increased risk of microbial resistance.</P>
</ABS_CONCLUSIONS>
  </ABSTRACT>
</DOC>
