<?xml version="1.0"?>
<DOC>
  <TITLE TRANSLATED="NO">Danazol for pelvic pain associated with endometriosis</TITLE>
  <SUMMARY>
    <SUMMARY_TITLE>Danazol for pelvic pain associated with endometriosis</SUMMARY_TITLE>
    <SUMMARY_BODY>
<P>Danazol reduces the painful symptoms of endometriosis but has androgenic effects. Endometriosis is a painful condition where endometrial tissue grows outside the uterus. It can cause cysts and infertility. Danazol is a hormone that produces male characteristics as well as weight gain and acne. It does, however, relieve the painful symptoms of endometriosis, although the side effects can be unacceptable. The improvement was still present six months after treatment was stopped. There was some evidence that women who took danazol were satisfied with the treatment compared with women who had inactive treatment. </P>
</SUMMARY_BODY>
  </SUMMARY>
  <ABSTRACT>
    <ABS_BACKGROUND>
<P>Endometriosis is defined as the presence of endometrial tissue (stromal and glandular) outside the normal uterine cavity. Conventional medical and surgical treatments for endometriosis aim to remove or decrease the deposits of ectopic endometrium. The observation that hyper androgenic states (an excess of male hormone) induce atrophy of the endometrium has led to the use of androgens in the treatment of endometriosis. Danazol is one of these treatments. The efficacy of danazol is based on its ability to produce a high androgen and low oestrogen environment (a pseudo menopause) which results in atrophy of the endometriotic implants and thus an improvement in painful symptoms. </P>
</ABS_BACKGROUND>
    <ABS_OBJECTIVES>
<P>To determine the effectiveness of danazol compared to placebo or no treatment in the treatment of the symptoms and signs, other than infertility, of endometriosis in women of reproductive age.</P>
</ABS_OBJECTIVES>
    <ABS_SEARCH_STRATEGY>
<P>We searched the Cochrane Menstrual Disorders and Subfertility Group Specialised Register of trials (searched April 2007), the Cochrane Central Register of Controlled Trials (CENTRAL) (The Cochrane Library Issue 2, 2007), and MEDLINE (1966 to April 2007). In addition, all reference lists of included trials were searched, and relevant drug companies were contacted for details of unpublished trials.</P>
</ABS_SEARCH_STRATEGY>
    <ABS_SELECTION_CRITERIA>
<P>Randomised controlled trials in which danazol (alone or as adjunctive therapy) was compared to placebo or no therapy. Trials which only reported infertility outcomes were excluded. </P>
</ABS_SELECTION_CRITERIA>
    <ABS_DATA_COLLECTION>
<P>Only five trials met the inclusion criteria and two authors independently extracted data from these trials. All trials compared danazol to placebo. Three trials used danazol as sole therapy and three trials used danazol as an adjunct to surgery. Although the main outcome was pain improvement other data relating to laparoscopic scores and hormonal parameters were also collected.</P>
</ABS_DATA_COLLECTION>
    <ABS_RESULTS>
<P>Treatment with danazol (including adjunctive to surgical therapy) was effective in relieving painful symptoms related to endometriosis when compared to placebo. Laparoscopic scores were improved with danazol treatment (including as adjunctive therapy) when compared with either placebo or no treatment. Side effects were more commonly reported in those patients receiving danazol than for placebo.</P>
</ABS_RESULTS>
    <ABS_CONCLUSIONS>
<P>Danazol is effective in treating the symptoms and signs of endometriosis. However, its use is limited by the occurrence of androgenic side effects.</P>
</ABS_CONCLUSIONS>
  </ABSTRACT>
</DOC>
