<?xml version="1.0"?>
<DOC>
  <TITLE TRANSLATED="NO">Interventions for treating isolated diaphyseal fractures of the ulna in adults</TITLE>
  <SUMMARY>
    <SUMMARY_TITLE>Interventions for treating adults with an isolated fracture of the ulnar shaft</SUMMARY_TITLE>
    <SUMMARY_BODY>
<P>The ulna is one of the two bones of the forearm. Isolated fractures of the shaft of the ulna, without other fractures, often result when the forearm is raised to fend off a blow. Such fractures are fairly rare, but can result in significant disability. Most people are treated in outpatients with plaster casts or arm braces. Some are treated surgically. Surgery generally involves the re-alignment and fixation of the broken ends of the bone.</P>
<P>Four trials, involving a total of 237 participants, were included in the review. These trials had methodological weaknesses that could have resulted in serious bias. One trial compared 'short arm' (splintage stopping below the elbow) pre-fabricated functional braces with 'long arm' (splintage includes the elbow) plaster casts. It found no clear difference between the two groups in the time taken for the fracture to heal. However, significantly more people in the brace group were satisfied with their treatment and significantly more returned to work during their treatment. One trial compared Ace Wrap elastic bandage, short arm plaster cast and long arm plaster cast. The large loss to follow-up in this trial makes any findings tentative. However, the need for replacement of the Ace wrap by other methods due to pain does indicate the potential for a serious problem with this intervention. The third trial, which compared immediate mobilisation versus short arm plaster cast versus long arm plaster cast for minimally displaced fractures, found no clear differences in outcome between these three interventions. The fourth trial found no significant differences in functional or anatomical outcomes nor complications between the two types of plates used for surgical fixation of the fracture.</P>
<P>Overall, there was not enough evidence from randomised controlled trials to show which methods of treatment are better for these injuries.</P>
</SUMMARY_BODY>
  </SUMMARY>
  <ABSTRACT>
    <ABS_BACKGROUND>
<P>Isolated fractures of the shaft of the ulna, which are often sustained when the forearm is raised to shield against a blow, are generally treated on an outpatient basis. This is an update of a Cochrane review first published in 1998 and last updated in 2009.</P>
</ABS_BACKGROUND>
    <ABS_OBJECTIVES>
<P>To assess the effects of various forms of treatment for isolated fractures of the ulnar shaft in adults.</P>
</ABS_OBJECTIVES>
    <ABS_SEARCH_STRATEGY>
<P>We searched the Cochrane Bone, Joint and Muscle Trauma Group Specialised Register (April 2012), the Cochrane Central Register of Controlled Trials (<I>The Cochrane Library</I> 2012, Issue 3), MEDLINE (1966 to April week 1 2012), EMBASE (1981 to week 15 2012), CINAHL (1982 to 16 April 2012), various trial registers, various conference proceedings and bibliographies of relevant articles.</P>
</ABS_SEARCH_STRATEGY>
    <ABS_SELECTION_CRITERIA>
<P>Randomised or quasi-randomised trials of conservative and surgical treatment of isolated fractures of the ulnar shaft in adults. Excluded were fractures of the proximal ulna and Monteggia fracture dislocations.</P>
</ABS_SELECTION_CRITERIA>
    <ABS_DATA_COLLECTION>
<P>We performed independent assessment of risk of bias and data extraction. We contacted trialists for more information. There was no pooling of data.</P>
</ABS_DATA_COLLECTION>
    <ABS_RESULTS>
<P>The updated search resulted in the identification of one ongoing trial comparing surgery versus conservative treatment. </P>
<P>Four trials, involving a total of 237 participants, were included. All four trials were methodologically flawed and potentially biased.</P>
<P>Three trials tested conservative treatment interventions. One trial, which compared short arm (below elbow) pre-fabricated functional braces with long arm (elbow included) plaster casts, found there was no significant difference in the time it took for fracture union. Patient satisfaction and return to work during treatment were significantly better in the brace group. The other two trials, both quasi-randomised, had three treatment groups. One trial compared Ace Wrap elastic bandage versus short arm plaster cast versus long arm plaster cast. The large loss to follow-up in this trial makes any data analysis tentative. However, the need for replacement of the Ace wrap by other methods due to pain indicates the potential for a serious problem with this intervention. The other trial, which compared immediate mobilisation versus short arm plaster cast versus long arm plaster cast for minimally displaced fractures, found no significant differences in outcome between these three interventions.</P>
<P>The fourth trial, which compared two types of plates for surgical fixation, found no significant differences in functional or anatomical outcomes nor complications between the two groups.</P>
</ABS_RESULTS>
    <ABS_CONCLUSIONS>
<P>There is insufficient evidence from randomised trials to determine which method of treatment is the most appropriate for isolated fractures of the ulnar shaft in adults. Well designed and reported randomised trials of current forms of conservative treatment are recommended.</P>
</ABS_CONCLUSIONS>
  </ABSTRACT>
</DOC>
