<?xml version="1.0"?>
<DOC>
  <TITLE TRANSLATED="NO">Antibiotics for sore throat</TITLE>
  <SUMMARY>
    <SUMMARY_TITLE>Antibiotics for people with sore throats</SUMMARY_TITLE>
    <SUMMARY_BODY>
<P>Sore throats are infections caused by bacteria or viruses. People usually recover quickly (usually after three or four days), although some develop complications. A serious but rare complication is rheumatic fever, which affects the heart and joints. Antibiotics reduce bacterial infections but they can cause diarrhoea, rash and other adverse effects and communities build resistance to them.</P>
<P>This review of 27 trials with 12,835 cases of sore throat found that antibiotics shorten the illness by an average of about one day and can reduce the chance of rheumatic fever by more than two-thirds in communities where this complication is common.</P>
</SUMMARY_BODY>
  </SUMMARY>
  <ABSTRACT>
    <ABS_BACKGROUND>
<P>Sore throat is a common reason for people to present for medical care. Although it remits spontaneously, primary care doctors commonly prescribe antibiotics for it.</P>
</ABS_BACKGROUND>
    <ABS_OBJECTIVES>
<P>To assess the benefits of antibiotics for sore throat for patients in primary care settings.</P>
</ABS_OBJECTIVES>
    <ABS_SEARCH_STRATEGY>
<P>We searched the Cochrane Central Register of Controlled Trials (CENTRAL) 2011, Issue 2, which contains the Cochrane Acute Respiratory Infections Group's Specialised Register, MEDLINE (January 1966 to May week 1, 2011) and EMBASE (January 1990 to May 2011).</P>
</ABS_SEARCH_STRATEGY>
    <ABS_SELECTION_CRITERIA>
<P>Randomised controlled trials (RCTs) or quasi-RCTs of antibiotics versus control assessing typical sore throat symptoms or complications.</P>
</ABS_SELECTION_CRITERIA>
    <ABS_DATA_COLLECTION>
<P>Two review authors independently screened studies for inclusion and extracted data. We resolved differences in opinion by discussion. We contacted trial authors from three studies for additional information.</P>
</ABS_DATA_COLLECTION>
    <ABS_RESULTS>
<P>We included 27 trials with 12,835 cases of sore throat.</P>
<P>
<B>1. Non-suppurative complications</B>
<BR/>The trend was antibiotics protecting against acute glomerulonephritis but there were too few cases to be sure. Several studies found antibiotics reduced acute rheumatic fever by more than two-thirds within one month (risk ratio (RR) 0.22; 95% confidence interval (CI) 0.02 to 2.08).</P>
<P>
<B>2. Suppurative complications</B>
<BR/>Antibiotics reduced the incidence of acute otitis media within 14 days (RR 0.30; 95% CI 0.15 to 0.58); acute sinusitis within 14 days (RR 0.48; 95% CI 0.08 to 2.76); and quinsy within two months (RR 0.15; 95% CI 0.05 to 0.47) compared to those taking placebo.</P>
<P>
<B>3. Symptoms</B>
<BR/>Throat soreness and fever were reduced by using antibiotics by about half. The greatest difference was seen at day three. The number needed to treat to benefit (NNTB) to prevent one sore throat at day three was less than six; at week one it was 21.</P>
<P>
<B>4. Subgroup analyses of symptom reduction</B>
<BR/>Antibiotics were more effective against symptoms at day three (RR 0.58; 95% CI 0.48 to 0.71) if throat swabs were positive for <I>Streptococcus</I>, compared to RR 0.78; 95% CI 0.63 to 0.97 if negative. Similarly at week one, RR 0.29; 95% CI 0.12 to 0.70 for positive, and 0.73; 95% CI 0.50 to 1.07 for negative <I>Streptococcus </I>swabs.</P>
</ABS_RESULTS>
    <ABS_CONCLUSIONS>
<P>Antibiotics confer relative benefits in the treatment of sore throat. However, the absolute benefits are modest. Protecting sore throat sufferers against suppurative and non-suppurative complications in high-income countries requires treating many with antibiotics for one to benefit. This NNTB may be lower in low-income countries. Antibiotics shorten the duration of symptoms by about 16 hours overall.</P>
</ABS_CONCLUSIONS>
  </ABSTRACT>
</DOC>
