<?xml version="1.0"?>
<DOC>
  <TITLE TRANSLATED="NO">Cyclofenil for Raynaud's phenomenon in progressive systemic sclerosis</TITLE>
  <SUMMARY>
    <SUMMARY_TITLE>Cyclofenil is a drug that has been studied in the treatment for Raynaud's phenomenon and associated conditions. It is not used for RP and is an anabolic steroid. See also Cochrane review on Stanazol which is also an anabolic steroid.</SUMMARY_TITLE>
    <SUMMARY_BODY>
<P>Raynaud's phenomenon is a disease that causes decreased blood flow and circulation to patients' extremeties. Symptoms include discolouration, pain, and in some severe cases ulceration of the hands and feet. It is most often triggered by cold, stress, and emotional discomfort. Primary Raynaud's phenomenon has no underlying disease associated with it. Secondary Raynaud's phenomenon is most often associated with scleroderma, but may also be related to systemic lupus erythematosus, mixed connective tissue disease, Sjorgen's syndrome, dermatomyositis or rheumatoid arthritis.</P>
<P>Scleroderma is a connective tissue disease causing hardening and commonly affects the skin and internal organs such as the GI tract, lungs, kidney and heart.</P>
<P>One trial which investigated the effect of cyclofenil on 38 patients was included (Blom-Bulow 1981). In general patients treated with Cyclofenil improved more than those treated with placebo, however, these improvements were not statistically significant. Patients treated with cyclofenil reported numerous side effects which in some cases were severe and included an allergic reaction and complications associated with underlying heart conditions. </P>
<P>This review assessed a limited number of studies and therefore the conclusions reached need to be investigated further. </P>
</SUMMARY_BODY>
  </SUMMARY>
  <ABSTRACT>
    <ABS_BACKGROUND>
<P>Raynaud's is a vasodilatory phenomenon characterised by digital pallor, cyanosis and pain of the extremities. Primary Raynaud's phenomenon has no underlying disease associated with it, while secondary Raynaud's phenomenon is associated with conective tissue disorders such as scleroderma. Scleroderma is a connective tissue disease causing fibrosis and commonly affects the skin and internal organs such as the GI tract, lungs, kidney and heart. Cyclofenil is a drug which is well tolerated and may have efficacy in the treatment of RP secondary to scleroderma.</P>
</ABS_BACKGROUND>
    <ABS_OBJECTIVES>
<P>To assess the effects and toxicity of Cyclofenil versus placebo for the treatment of Raynaud's phenomenon (RP) in scleroderma.</P>
</ABS_OBJECTIVES>
    <ABS_SEARCH_STRATEGY>
<P>We searched the Cochrane Central Register of Controlled Trials (<I>The Cochrane Library</I> 2007, <I>Issue 3</I>), Medline (January 1966 to August 2007), and Embase (1974 to August 2007) using the Cochrane Collaboration search strategy developed by Dickersin et al.(1994). Current Contents were searched up to and including August 1, 2007. All bibliographies of articles retrieved were searched and key experts in the area were contacted for additional and unpublished data. The initial search strategy included all languages.</P>
</ABS_SEARCH_STRATEGY>
    <ABS_SELECTION_CRITERIA>
<P>All randomized controlled trials comparing cyclofenil versus placebo were eligible if they reported clinical outcomes of interest. Trials with dropout rates greater than 30% were excluded.</P>
</ABS_SELECTION_CRITERIA>
    <ABS_DATA_COLLECTION>
<P>All data were abstracted by two independent and trained reviewers (SH, PT), and verified by a third reviewer (JP). Each trial was assessed independently by the same two reviewers for its quality using a validated quality assessment tool (<A HREF="Altman 2001">Altman 2001</A>).</P>
<P>Peto's odds ratios were calculated for all dichotomous outcomes and a weighted mean difference was carried out on all continuous outcomes. Fixed effects and random effects model were used if the data was homogeneous or heterogeneous, respectively.</P>
</ABS_DATA_COLLECTION>
    <ABS_RESULTS>
<P>One trial with 38 patients was included. There was a trend for Cyclofenil to demonstrate more improvement [OR 1.26 (95% CI 0.33, 4.73)] and more dropouts [OR 1.58 (95% CI 0.42, 5.91)] compared to placebo, but there were no statistically significant differences. The quality score of the one included study was 4 of 5.</P>
</ABS_RESULTS>
    <ABS_CONCLUSIONS>
<P>There is insufficient evidence either to support or to refute the use of Cyclofenil in the treatment of Raynaud's phenomenon secondary to scleroderma.</P>
</ABS_CONCLUSIONS>
  </ABSTRACT>
</DOC>
