<?xml version="1.0"?>
<DOC>
  <TITLE TRANSLATED="NO">Interventions for helping to turn term breech babies to head first presentation when using external cephalic version</TITLE>
  <SUMMARY>
    <SUMMARY_TITLE>Ways to help turn a breech baby to head first presentation at the end of pregnancy</SUMMARY_TITLE>
    <SUMMARY_BODY>
<P>Babies born in the breech position (bottom first) are at increased risk of complications at birth because of a delay in the birth of the head. Turning a breech baby to head first in late pregnancy may reduce these complications. A procedure called external cephalic version (ECV) describes when practitioners use their hands on the woman's abdomen to gently try to turn the baby from the breech position to head first. There are a number of treatments that may help the success of the ECV. These include using tocolytic drugs (drugs like betastimulants, calcium channel blockers that relax the womb), stimulating the baby with sound through the mother’s abdomen (acoustic stimulation), increasing the fluid surrounding the baby (transabdominal amnioinfusion), pain relieving drugs injected into the mother’s lower back to produce regional analgesia (epidural or spinal analgesia) or giving the mother opioid drugs to help her to relax.  </P>
<P>The review of trials found 25 randomised controlled studies involving 2548 women. Most studies (17 studies, involving 1876 women) looked at the tocolytic drugs. The results showed that babies are more likely to turn head first during ECV, and to remain head first for the start of labour, if women receive tocolytic drugs (in particular betastimulants). These drugs also reduced the number of caesarean sections but there were not enough data collected on possible adverse effects. In addition, there is too little evidence to show whether the other ways of trying to help ECV were effective. Further research would be helpful.</P>
</SUMMARY_BODY>
  </SUMMARY>
  <ABSTRACT>
    <ABS_BACKGROUND>
<P>Breech presentation is associated with increased complications. Turning a breech baby to head first presentation using external cephalic version (ECV) attempts to reduce the chances of breech presentation at birth, and reduce the adverse effects of breech vaginal birth or caesarean section. Tocolytic drugs and other methods have been used in an attempt to facilitate ECV.</P>
</ABS_BACKGROUND>
    <ABS_OBJECTIVES>
<P>To assess interventions such as tocolysis, fetal acoustic stimulation, regional analgesia, transabdominal amnioinfusion or systemic opioids on ECV for a breech baby at term.</P>
</ABS_OBJECTIVES>
    <ABS_SEARCH_STRATEGY>
<P>We searched the Cochrane Pregnancy and Childbirth Group's Trials Register (30 September 2011) and the reference lists of identified studies.</P>
</ABS_SEARCH_STRATEGY>
    <ABS_SELECTION_CRITERIA>
<P>Randomised and quasi-randomised trials comparing the above interventions with no intervention or other methods to facilitate ECV at term.</P>
</ABS_SELECTION_CRITERIA>
    <ABS_DATA_COLLECTION>
<P>We assessed eligibility and trial quality. Two review authors independently assessed for inclusion all potential studies identified as a result of the search strategy and independently extracted the data using a designed data extraction form. </P>
</ABS_DATA_COLLECTION>
    <ABS_RESULTS>
<P>We included 25 studies, providing data on 2548 women. We used the random-effects model for pooling data due to clinical heterogeneity in the included studies in the various comparisons. The overall quality of the evidence was reasonable, but a number of assessments had insufficient data to provide an answer with any degree of assurance.</P>
<P>Tocolytic drugs, in particular betastimulants, were effective in increasing cephalic presentations in labour (average risk ratio (RR) 1.38, 95% confidence interval (CI) 1.03 to 1.85, eight studies, 993 women) and in reducing the number of caesarean sections (average RR 0.82, 95% CI 0.71 to 0.94, eight studies, 1177 women). No differences were identified in fetal bradycardias (average RR 0.95, 95% CI 0.48 to 1.89, three studies, 467 women) although the review is underpowered for assessing this outcome. We identified no difference in success, cephalic presentation in labour and caesarean sections between nulliparous and multiparous women. There were insufficient data comparing different groups of tocolytic drugs. Sensitivity analyses by study quality agreed with the overall findings.</P>
<P>Regional analgesia in combination with a tocolytic was more effective than the tocolytic alone in terms of increasing successful versions (assessed by the rate of failed ECVs, average RR 0.67, 95% CI 0.51 to 0.89, six studies, 550 women) but there was no difference identified in cephalic presentation in labour (average RR 1.63, 95% CI 0.75 to 3.53, three studies, 279 women) nor in caesarean sections (average RR 0.74, 95% CI 0.40 to 1.37, three studies, 279 women) or fetal bradycardia (average RR 1.48, 95% CI 0.62 to 3.57, two studies, 210 women).</P>
<P>There were insufficient data on the use of vibroacoustic stimulation, amnioinfusion or systemic opioids.</P>
</ABS_RESULTS>
    <ABS_CONCLUSIONS>
<P>Betastimulants, to facilitate ECV, increased cephalic presentation in labour and birth, and reduced the caesarean section rate in both nulliparous and multiparous women, but there were insufficient data on adverse effects. Calcium channel blockers and nitric acid donors had insufficient data to provide good evidence. At present we recommend betamimetics for facilitating ECV.</P>
<P>There is scope for further research. The possible benefits of tocolysis to reduce the force required for successful version and the possible risks of maternal cardiovascular side effects, need to be addressed further. Further trials are needed to compare the effectiveness of routine versus selective use of tocolysis, the role of regional analgesia, fetal acoustic stimulation, amnioinfusion and the effect of intravenous or oral hydration prior to ECV.</P>
<P>Although randomised trials of nitroglycerine are small, the results are sufficiently negative to discourage further trials.</P>
</ABS_CONCLUSIONS>
  </ABSTRACT>
</DOC>
