<?xml version="1.0"?>
<DOC>
  <TITLE TRANSLATED="NO">Dornase alfa for cystic fibrosis</TITLE>
  <SUMMARY>
    <SUMMARY_TITLE>Dornase alfa, an inhaled drug, for treating lung disease in cystic fibrosis</SUMMARY_TITLE>
    <SUMMARY_BODY>
<P>Cystic fibrosis (CF) is a genetic disorder which affects the exocrine glands (sweat glands and others). People with CF have a greater risk of chronic lung disease, which can be life-threatening. Lung infections produce thick sputum (phlegm) which can block air passages. This can in turn cause further infection. Dornase alfa was developed to thin out this sputum. We included 15 trials in the review. Twelve trials compared dornase alfa to placebo or no dornase alfa treatment; one compared daily dornase alfa with hypertonic saline and alternate day dornase alfa; and two compared daily dornase alfa to hypertonic saline. The trials lasted from six days to two years. The review found evidence that dornase alfa improves lung function up to one month and this effect was also seen at six months in one trial. There were no serious adverse effects reported, only minor ones such as rash and change in voice. It's likely that further trials comparing daily dornase alfa with other regimens, e.g. alternate day dornase alfa or other mucolytics, will be important in the future.</P>
</SUMMARY_BODY>
  </SUMMARY>
  <ABSTRACT>
    <ABS_BACKGROUND>
<P>Dornase alfa is currently used to treat pulmonary disease (the major cause of morbidity and mortality) in cystic fibrosis.</P>
</ABS_BACKGROUND>
    <ABS_OBJECTIVES>
<P>To determine whether the use of dornase alfa in cystic fibrosis is associated with improved mortality and morbidity compared to placebo or other mucolytics and to identify any adverse events associated with its use.</P>
</ABS_OBJECTIVES>
    <ABS_SEARCH_STRATEGY>
<P>We searched the Cochrane Cystic Fibrosis and Genetic Disorders Group Trials Register which comprises references identified from comprehensive electronic database searches, handsearching relevant journals and abstracts from conferences.</P>
<P>Date of the most recent search of the Group's Cystic Fibrosis Register: 17 July 2009.</P>
</ABS_SEARCH_STRATEGY>
    <ABS_SELECTION_CRITERIA>
<P>All randomised and quasi-randomised controlled trials where dornase alfa was compared to placebo, standard therapy or another mucolytic.</P>
</ABS_SELECTION_CRITERIA>
    <ABS_DATA_COLLECTION>
<P>Authors independently assessed trials for inclusion criteria; the lead author and a colleague carried out analysis of methodological quality and data extraction. </P>
</ABS_DATA_COLLECTION>
    <ABS_RESULTS>
<P>The searches identified 43 trials, of which 15 met our inclusion criteria, including a total of 2469 participants. Three additional studies examined the healthcare cost from one of the clinical trials. Twelve studies compared dornase alfa to placebo or no dornase alfa treatment; one compared daily dornase alfa with hypertonic saline and alternate day dornase alfa; and two compared daily dornase alfa to hypertonic saline. Study duration varied from six days to two years. The number of deaths was not significant between treatment groups. Spirometric lung function improved in the treated groups, with significant differences at one month, three months, six months and two years, there was a non-significant difference at three years. There was no excess of adverse effects except voice alteration and rash, which were reported more frequently in one trial in the treated groups. Insufficient data were available to analyse differences in antibiotic treatment, inpatient stay and quality of life.</P>
</ABS_RESULTS>
    <ABS_CONCLUSIONS>
<P>There is evidence to show that therapy with dornase alfa over a one-month period is associated with an improvement in lung function in CF; results from a trial lasting six months also showed the same effect. Therapy over a two-year period (based on one trial) significantly improved FEV<SUB>1</SUB> in children and there was a non-significant reduction in the risk of infective exacerbations. Voice alteration and rash appear to be the only adverse events reported with increased frequency in randomised controlled trials.</P>
</ABS_CONCLUSIONS>
  </ABSTRACT>
</DOC>
