<?xml version="1.0"?>
<DOC>
  <TITLE TRANSLATED="NO">Surgery or embolization for varicoceles in subfertile men</TITLE>
  <SUMMARY>
    <SUMMARY_TITLE>Surgery or embolization for varicoceles in subfertile men</SUMMARY_TITLE>
    <SUMMARY_BODY>
<P>Varicocele is a dilatation (enlargement) of the veins along the spermatic cord (the cord suspending the testis) in the scrotum. Dilatation occurs when valves within the veins along the spermatic cord fail and allow retrograde blood flow, causing a backup of blood. The mechanisms by which varicocele might affect fertility have not yet been explained, and neither have the mechanisms by which surgical treatment of the varicocele might restore fertility. This review analysed 10 studies (894 participants) and found evidence (combined odds ratio was 1.47 (95% CI 1.05 to 2.05) to suggest an increase in pregnancy rates after varicocele treatment compared to no treatment in subfertile couples, in whom, apart from poor sperm quality, varicocele in the man was the only abnormal finding. This means that 17 men would need to be treated to achieve one additional pregnancy. However, findings were inconclusive as the quality of the available evidence was very low and more research is needed with live birth or pregnancy rate as the primary outcome.</P>
</SUMMARY_BODY>
  </SUMMARY>
  <ABSTRACT>
    <ABS_BACKGROUND>
<P>A varicocele is a meshwork of distended blood vessels in the scrotum, usually left-sided, due to dilatation of the spermatic vein. Although the concept that a varicocele causes male subfertility has been around for more than 50 years now, the mechanisms by which a varicocele would affect fertility have not yet been satisfactorily explained. Neither is there sufficient evidence to explain the mechanisms by which varicocelectomy would restore fertility. Furthermore, it has been questioned whether a causal relation exists at all between the distension of the pampiniform plexus (a network of many small veins found in the human male spermatic cord) and impairment of fertility.</P>
</ABS_BACKGROUND>
    <ABS_OBJECTIVES>
<P>To evaluate the effect of varicocele treatment on live birth and pregnancy rate in subfertile couples where the male has a varicocele.</P>
</ABS_OBJECTIVES>
    <ABS_SEARCH_STRATEGY>
<P>We searched the Cochrane Menstrual Disorders and Subfertility Group Trials Register (12 September 2003 to January 2012), the Cochrane Central Register of Controlled Trials (CENTRAL) in <I>The Cochrane Library</I> Issue 1, 2012), MEDLINE (January 1966 to January 2012), EMBASE (January 1985 to January 2012), PsycINFO (to Week 1 2012) and reference lists of articles. In addition, we handsearched specialist journals in the field from their first issue until 2012. We also checked cross-references, references from review articles and contacted researchers in the field.</P>
</ABS_SEARCH_STRATEGY>
    <ABS_SELECTION_CRITERIA>
<P>Randomised controlled trials (RCTs) were included if they were relevant to the clinical question posed. If they reported pregnancy rates or live birth rates as an outcome measure, and if they reported data in treated (surgical ligation or radiological embolization of the internal spermatic vein) compared to untreated or placebo groups. Two authors independently screened potentially relevant trials. Any differences of opinion were resolved by consensus (none occurred for this review).</P>
</ABS_SELECTION_CRITERIA>
    <ABS_DATA_COLLECTION>
<P>Ten studies met the inclusion criteria for the review. For one study we had only data from a published abstract. All ten studies only included men from couples with subfertility problems; one excluded men with sperm counts less than 5 million per mL and one excluded men with sperm counts less than 2 million per mL, with or without progressive motility of less than 10%. Two trials involving clinical varicoceles included some men with normal semen analysis. Three studies specifically addressed only men with subclinical varicoceles. Studies were excluded from meta-analysis if they made comparisons other than those specified above.</P>
</ABS_DATA_COLLECTION>
    <ABS_RESULTS>
<P>The meta-analysis included 894 men. No studies reported live birth. The combined fixed-effect odds ratio (OR) of the 10 studies for the outcome of pregnancy was 1.47 (95% confidence interval (CI) 1.05 to 2.05, very low quality evidence), favouring the intervention. The number needed to treat for an additional beneficial outcome was 17, suggesting benefit of varicocele treatment over expectant management for pregnancy rate in subfertile couples in whom varicocele in the man was the only abnormal finding. Omission of the studies including men with normal semen analysis and subclinical varicocele, some of which had semen analysis improvement as the primary outcome rather than live birth or pregnancy rate, was the subject of a planned subgroup analysis. The outcome of the subgroup analysis (five studies) also favoured treatment, with a combined OR 2.39 (95% CI 1.56 to 3.66). The number needed to treat for an additional beneficial outcome was 7. The evidence was suggestive rather than conclusive, as the main analysis was subject to fairly high statistical heterogeneity (I<SUP>2 </SUP>= 67%) and findings were no longer significant when a random-effects model was used or when analysis was restricted to higher quality studies.</P>
</ABS_RESULTS>
    <ABS_CONCLUSIONS>
<P>There is evidence suggesting that treatment of a varicocele in men from couples with otherwise unexplained subfertility may improve a couple's chance of pregnancy. However, findings are inconclusive as the quality of the available evidence is very low and more research is needed with live birth or pregnancy rate as the primary outcome.</P>
</ABS_CONCLUSIONS>
  </ABSTRACT>
</DOC>
