<?xml version="1.0"?>
<DOC>
  <TITLE TRANSLATED="NO">Symphysis-fundal height measurement in pregnancy</TITLE>
  <SUMMARY>
    <SUMMARY_TITLE>Symphysis-fundal height measurement in pregnancy</SUMMARY_TITLE>
    <SUMMARY_BODY>
<P>Too little evidence to show whether measuring the height of the pregnant belly at antenatal visits leads to better outcomes.</P>
<P>Many pregnant women have the distance from the lowest part of their uterus (womb) (near the pubic bone) to the highest part of their uterus measured with a tape measure (symphysis fundal height). Their caregiver may also feel and gently press the outside of the woman's pregnant uterus (abdominal palpation). This is to check the baby's size and position, the quantity of fluid around the baby and to diagnose multiple pregnancy. The review found that there is too little evidence to show whether symphysis fundal height measurement during pregnancy is more beneficial than abdominal palpation. Further research is needed.</P>
</SUMMARY_BODY>
  </SUMMARY>
  <ABSTRACT>
    <ABS_BACKGROUND>
<P>In many settings, symphysis-fundal height measurement has replaced clinical assessment of fetal size by abdominal palpation because the latter has been reported to perform poorly.</P>
</ABS_BACKGROUND>
    <ABS_OBJECTIVES>
<P>The objective of this review was to assess the effects of routine use of symphysis-fundal height measurements (tape measurement of the distance from the pubic symphysis to the uterine fundus) during antenatal care on pregnancy outcome.</P>
</ABS_OBJECTIVES>
    <ABS_SEARCH_STRATEGY>
<P>Comprehensive electronic search of the Cochrane Pregnancy and Childbirth Group trials register (August 2002).</P>
</ABS_SEARCH_STRATEGY>
    <ABS_SELECTION_CRITERIA>
<P>Acceptably controlled trials comparing symphysis-fundal height measurement with assessment by abdominal palpation alone.</P>
</ABS_SELECTION_CRITERIA>
    <ABS_DATA_COLLECTION>
<P>One reviewer assessed trial quality and extracted data.</P>
</ABS_DATA_COLLECTION>
    <ABS_RESULTS>
<P>One trial involving 1639 women was included. No obvious differences were detected in any of the outcomes measured.</P>
</ABS_RESULTS>
    <ABS_CONCLUSIONS>
<P>There is not enough evidence to evaluate the use of symphysis-fundal height measurements during antenatal care.</P>
</ABS_CONCLUSIONS>
  </ABSTRACT>
</DOC>
