<?xml version="1.0"?>
<DOC>
  <TITLE TRANSLATED="NO">Maternal oxygen administration for suspected impaired fetal growth</TITLE>
  <SUMMARY>
    <SUMMARY_TITLE>Maternal oxygen administration for suspected impaired fetal growth</SUMMARY_TITLE>
    <SUMMARY_BODY>
<P>Too little evidence to show whether continuous oxygen therapy for pregnant women benefits babies in the womb who are smaller than expected.</P>
<P>Babies who receive too little oxygen from their mother's blood can grow more slowly than expected before birth (impaired fetal growth). With extreme lack of oxygen, the baby can die in the womb. Sometimes, it may be suggested that the mother breathe extra oxygen through a face mask 24 hours daily (oxygen therapy) until the baby's birth. The review of trials found that there is too little evidence to show whether the baby's growth improves when women have continuous oxygen therapy from mid-pregnancy until the baby's birth. There is some evidence that fewer babies may die, although further research is needed.</P>
</SUMMARY_BODY>
  </SUMMARY>
  <ABSTRACT>
    <ABS_BACKGROUND>
<P>Fetal hypoxaemia is often a feature of fetal growth impairment. It has been suggested that perinatal outcome after suspected impaired fetal growth might be improved by giving mothers continuous oxygen until delivery. </P>
</ABS_BACKGROUND>
    <ABS_OBJECTIVES>
<P>The objective was to assess the effects of maternal oxygen therapy in suspected impaired fetal growth on fetal growth and perinatal outcome.</P>
</ABS_OBJECTIVES>
    <ABS_SEARCH_STRATEGY>
<P>We searched the Cochrane Pregnancy and Childbirth Group's Trials Register (June 2009).</P>
</ABS_SEARCH_STRATEGY>
    <ABS_SELECTION_CRITERIA>
<P>Acceptably controlled trials comparing maternal oxygen therapy with no oxygen therapy in suspected impaired fetal growth.</P>
</ABS_SELECTION_CRITERIA>
    <ABS_DATA_COLLECTION>
<P>Eligibility and trial quality was assessed.</P>
</ABS_DATA_COLLECTION>
    <ABS_RESULTS>
<P>Three studies involving 94 women were included. Oxygenation compared with no oxygenation was associated with a lower perinatal mortality rate (risk ratio 0.50, 95% confidence interval 0.32 to 0.81). However, higher gestational age in the oxygenation groups may have accounted for the difference in mortality rates.</P>
</ABS_RESULTS>
    <ABS_CONCLUSIONS>
<P>There is not enough evidence to evaluate the benefits and risks of maternal oxygen therapy for suspected impaired fetal growth. Further trials of maternal hyperoxygenation seem warranted. </P>
</ABS_CONCLUSIONS>
  </ABSTRACT>
</DOC>
