<?xml version="1.0"?>
<DOC>
  <TITLE TRANSLATED="NO">Elective high frequency oscillatory ventilation versus conventional ventilation for acute pulmonary dysfunction in preterm infants</TITLE>
  <SUMMARY>
    <SUMMARY_TITLE>Elective high frequency oscillatory ventilation versus conventional ventilation for acute pulmonary dysfunction in preterm infants</SUMMARY_TITLE>
    <SUMMARY_BODY>
<P>Insufficient evidence exists to support the routine use of high frequency oscillatory ventilation (HFOV) instead of conventional ventilation for preterm infants with lung disease who are given positive pressure ventilation. High frequency oscillatory ventilation is a way of providing artificial ventilation of the lungs that theoretically may produce less injury to the lungs and therefore reduce the rate of chronic lung disease. This review of the evidence from seventeen randomised controlled trials showed variable results between studies and no clear overall benefit or harm resulting from HFOV.</P>
</SUMMARY_BODY>
  </SUMMARY>
  <ABSTRACT>
    <ABS_BACKGROUND>
<P>Respiratory failure due to lung immaturity is a major cause of mortality in preterm infants. Although the use of intermittent positive pressure ventilation (IPPV) in neonates with respiratory failure saves lives, its use is associated with lung injury and chronic lung disease (CLD). A newer form of ventilation called high frequency oscillatory ventilation (HFOV) has been shown to result in less lung injury in experimental studies.</P>
</ABS_BACKGROUND>
    <ABS_OBJECTIVES>
<P>The objective of this review is to determine the effect of the elective use of high frequency oscillatory ventilation (HFOV) as compared to conventional ventilation (CV) on the incidence of chronic lung disease, mortality and other complications associated with prematurity and assisted ventilation in preterm infants who are mechanically ventilated for respiratory distress syndrome (RDS).</P>
</ABS_OBJECTIVES>
    <ABS_SEARCH_STRATEGY>
<P>Searches were made of the Oxford Database of Perinatal Trials, MEDLINE, EMBASE, previous reviews including cross references, abstracts, conferences and symposia proceedings, expert informants, journal hand searching by the Cochrane Collaboration, mainly in the English language. The search was updated in January 2009.</P>
</ABS_SEARCH_STRATEGY>
    <ABS_SELECTION_CRITERIA>
<P>Randomised controlled trials comparing HFOV and CV in preterm or low birth weight infants with pulmonary dysfunction, mainly due to RDS, who required assisted ventilation. Randomisation and commencement of treatment needed to be as soon as possible after the start of CV and usually in the first 12 hours of life.</P>
</ABS_SELECTION_CRITERIA>
    <ABS_DATA_COLLECTION>
<P>The methodological quality of each trial was independently reviewed by the various authors. The standard effect measures are relative risk (RR) and risk difference (RD). From 1/RD the number needed to treat (NNT) to produce one outcome were calculated. For all measures of effect, 95% confidence intervals were used. In subgroup analyses the 99% CIs are also given for summary RRs in the text. Meta-analysis was performed using a fixed effects model. Where heterogeneity was over 50%, the random effects RR is also given.</P>
</ABS_DATA_COLLECTION>
    <ABS_RESULTS>
<P>Seventeen eligible studies of 3,652 infants were included. Meta-analysis comparing HFOV with CV revealed no evidence of effect on mortality at 28 - 30 days of age or at approximately term equivalent age. These results were consistent across studies and in subgroup analyses. The effect of HFOV on CLD in survivors at term equivalent gestational age was inconsistent across studies and the reduction was of borderline significance overall. The effect was similar in trials with a high lung volume strategy for HFOV targeting at very low FiO<SUB>2</SUB> and trials with a high lung volume strategy with somewhat higher or unspecified target FiO<SUB>2</SUB>. Subgroups of trials showed a significant reduction in CLD with HFOV when no surfactant was used, when piston oscillators were used for HFOV, when lung protective strategies for CV were not used, when randomisation occurred at two to six hours of age, and when inspiratory:expiratory ratio of 1:2 was used for HFOV. In the meta-analysis of all trials, pulmonary air leaks occurred more frequently in the HFOV group.</P>
<P>In some studies, short-term neurological morbidity with HFOV was found, but this effect was not statistically significant overall. The subgroup of two trials not using a high volume strategy with HFOV found increased rates of Grade 3 or 4 intraventricular haemorrhage and of periventricular leukomalacia. An adverse effect of HFOV on long-term neurodevelopment was found in one large trial but not in the five other trials that reported this outcome. The rate of retinopathy of prematurity is reduced overall in the HFOV group.</P>
</ABS_RESULTS>
    <ABS_CONCLUSIONS>
<P>There is no clear evidence that elective HFOV offers important advantages over CV when used as the initial ventilation strategy to treat preterm infants with acute pulmonary dysfunction. There may be a small reduction in the rate of CLD with HFOV use, but the evidence is weakened by the inconsistency of this effect across trials and the overall borderline significance. Future trials on elective HFOV should target those infants who are at most risk of CLD (extremely preterm infants), compare different strategies for generating HFOV and CV, and report important long-term neurodevelopmental outcomes. </P>
</ABS_CONCLUSIONS>
  </ABSTRACT>
</DOC>
