<?xml version="1.0"?>
<DOC>
  <TITLE TRANSLATED="NO">Interventions to change the behaviour of health professionals and the organisation of care to promote weight reduction in overweight and obese adults</TITLE>
  <SUMMARY>
    <SUMMARY_TITLE>Interventions to change the behaviour of health professionals and the organisation of care to promote weight reduction in overweight and obese adults</SUMMARY_TITLE>
    <SUMMARY_BODY>
<P>Although obesity used to be confined largely to high income countries, the proportion of people who are overweight or obese is now increasing globally. Obesity is a major risk factor for a number of chronic diseases, which have negative consequences for individuals, populations, and health service costs.</P>
<P>We searched the scientific literature for randomised controlled trials that compared routine care with interventions that aimed to change either the way health professionals worked to achieve weight loss in overweight and obese people or interventions that aimed to change the organisation of care for them. We examined the effects of interventions targeting the behaviour of health professionals or the way care is organised, with the aim of improving the management of overweight and obese people in primary care, outpatient and community settings. Our review found six relevant trials, assessing more than 246 health professionals and 1324 patients. One of these trials reported that issuing doctors with reminders about weight management strategies helped to reduce their patients' weight; one trial found that dietitian or doctor plus dietitian led weight-loss programmes were more efficient than routine care. One trial found no evidence that either mail or phone interventions were better than standard care in reducing patients' weight.Three trials looked at brief training packages for doctors, but their findings were not consistent. All the included studies varied in terms of participants, interventions, outcomes, and settings. Consequently, we cannot draw any firm conclusions about the effectiveness of these interventions.</P>
</SUMMARY_BODY>
  </SUMMARY>
  <ABSTRACT>
    <ABS_BACKGROUND>
<P>The prevalence of obesity is increasing globally and will, if left unchecked, have major implications for both population health and costs to health services.</P>
</ABS_BACKGROUND>
    <ABS_OBJECTIVES>
<P>To assess the effectiveness of strategies to change the behaviour of health professionals and the organisation of care to promote weight reduction in overweight and obese people.</P>
</ABS_OBJECTIVES>
    <ABS_SEARCH_STRATEGY>
<P>We updated the search for primary studies in the following databases, which were all interrogated from the previous (version 2) search date to May 2009: The Cochrane Central Register of Controlled Trials (which at this time incorporated all EPOC Specialised Register material) (<I>The Cochrane Library</I> 2009, Issue 1), MEDLINE (Ovid), EMBASE (Ovid), CINAHL (EBSCO), and PsycINFO (Ovid). We identified further potentially relevant studies from the reference lists of included studies.</P>
</ABS_SEARCH_STRATEGY>
    <ABS_SELECTION_CRITERIA>
<P>Randomised controlled trials (RCTs) that compared routine provision of care with interventions aimed either at changing the behaviour of healthcare professionals or the organisation of care to promote weight reduction in overweight or obese adults.</P>
</ABS_SELECTION_CRITERIA>
    <ABS_DATA_COLLECTION>
<P>Two reviewers independently extracted data and assessed study quality. </P>
</ABS_DATA_COLLECTION>
    <ABS_RESULTS>
<P>We included six RCTs, involving more than 246 health professionals and 1324 overweight or obese patients. Four of the trials targeted professionals and two targeted the organisation of care. Most of the studies had methodological or reporting weaknesses indicating a risk of bias.</P>
<P>Meta-analysis of three trials that evaluated educational interventions aimed at GPs suggested that, compared to standard care, such interventions could reduce the average weight of patients after a year (by 1.2 kg, 95% CI -0.4 to 2.8 kg); however, there was moderate unexplained heterogeneity between their results (I<SUP>2 </SUP>= 41%). One trial found that reminders could change doctors' practice, resulting in a significant reduction in weight among men (by 11.2 kg, 95% CI 1.7 to 20.7 kg) but not among women (who reduced weight by 1.3 kg, 95% CI -4.1 to 6.7 kg). One trial found that patients may lose more weight after a year if the care was provided by a dietitian (by 5.6 kg, 95% CI 4.8 to 6.4 kg) or by a doctor-dietitian team (by 6 kg, 95% CI 5 to 7 kg), as compared with standard care. One trial found no significant difference between standard care and either mail or phone interventions in reducing patients' weight.</P>
</ABS_RESULTS>
    <ABS_CONCLUSIONS>
<P>Most of the included trials had methodological or reporting weaknesses and were heterogeneous in terms of participants, interventions, outcomes, and settings, so we cannot draw any firm conclusions about the effectiveness of the interventions. All of the evaluated interventions would need further investigation before it was possible to recommend them as effective strategies.</P>
</ABS_CONCLUSIONS>
  </ABSTRACT>
</DOC>
