<?xml version="1.0"?>
<DOC>
  <TITLE TRANSLATED="NO">Inhaled steroids for bronchiectasis</TITLE>
  <SUMMARY>
    <SUMMARY_TITLE>Role of inhaled corticosteroids in management of non CF bronchiectasis</SUMMARY_TITLE>
    <SUMMARY_BODY>
<P>People with bronchiectasis have significant morbidity (e.g. cough, wheeze, sputum production) and have more rapid lung function decline. As asthma like symptoms are common in people with bronchiectasis, the routine use of inhaled corticosteroids is potentially beneficial in reducing exacerbations, symptoms and pulmonary decline. The review found that there is insufficient evidence for the routine use of inhaled corticosteroids in people with bronchiectasis. While inhaled corticosteroids may be beneficial in a subgroup of people with bronchiectasis, its use has to be balanced with adverse effects that include potential increase in commensal bacterial density in the sputum.</P>
</SUMMARY_BODY>
  </SUMMARY>
  <ABSTRACT>
    <ABS_BACKGROUND>
<P>Bronchiectasis is increasingly recognized as a major cause of respiratory morbidity especially in developing countries and in some ethnic populations of affluent countries. It is characterized by irreversible dilatation of airways, generally associated with chronic bacterial infection. Medical management largely aims to reduce morbidity by controlling the symptoms and by preventing the progression of bronchiectasis.</P>
</ABS_BACKGROUND>
    <ABS_OBJECTIVES>
<P>To evaluate the efficacy of inhaled corticosteroids (ICS) in children and adults with bronchiectasis (a) during stable bronchiectasis; and for reducing; (b) the severity and frequency of acute respiratory exacerbations and (c) long term pulmonary decline.</P>
</ABS_OBJECTIVES>
    <ABS_SEARCH_STRATEGY>
<P>The Cochrane Register of Controlled Trials (CENTRAL), the Cochrane Airways Group Specialized Register of trials, MEDLINE and EMBASE databases were searched by the Cochrane Airways Group. The latest searches were performed in October 2010.</P>
</ABS_SEARCH_STRATEGY>
    <ABS_SELECTION_CRITERIA>
<P>All randomised controlled trials comparing ICS with a placebo or no medication. Children and adults with clinical or radiographic evidence of bronchiectasis were included, but patients with cystic fibrosis (CF) were excluded.</P>
</ABS_SELECTION_CRITERIA>
    <ABS_DATA_COLLECTION>
<P>Results of searches were reviewed against pre-determined criteria for inclusion. </P>
</ABS_DATA_COLLECTION>
    <ABS_RESULTS>
<P>There were no paediatric studies. Six adult studies fulfilled the inclusion criteria. Of the 303 randomised, 278 subjects completed the trials. In the short term group (ICS for less then 6 months duration), adults on huge doses of ICS (2g per day of budesonide equivalent) had significantly improved forced expiratory volume in the first second (FEV<SUB>1</SUB>), forced vital capacity (FVC), Quality of life (QOL) score and sputum volume but no significant difference in peak flow, exacerbations, cough or wheeze, when compared to adults in the control arm (no ICS). When only placebo-controlled studies were included, there were no significant difference between groups in all outcomes examined (spirometry, clinical outcomes of exacerbation or sputum volume etc). The single study on long term outcomes showed no significant effect of inhaled steroids in any of the outcomes. </P>
</ABS_RESULTS>
    <ABS_CONCLUSIONS>
<P>The present review indicates that there is insufficient evidence to recommend the routine use of inhaled steroids in adults with stable state bronchiectasis. While a therapeutic trial may be justified in adults with difficult to control symptoms and in certain subgroups, this has to be balanced with adverse events especially if high doses are used. No recommendation can be made for the use of ICS in adults during an acute exacerbation or in children (for any state) as there were no studies.</P>
</ABS_CONCLUSIONS>
  </ABSTRACT>
</DOC>
