<?xml version="1.0"?>
<DOC>
  <TITLE TRANSLATED="NO">Piracetam for fetal distress in labour</TITLE>
  <SUMMARY>
    <SUMMARY_TITLE>Piracetam for fetal distress in labour</SUMMARY_TITLE>
    <SUMMARY_BODY>
<P>Piracetam is thought to support the metabolism of brain cells when they have an insufficient oxygen supply (hypoxia). It may, therefore, prevent any adverse effects for an infant with persistent fetal distress during labour.</P>
<P>This review set out to assess the effects of piracetam for suspected fetal distress in labour on method of delivery and newborn ill effects (morbidity). Only one controlled trial was identified. The trial randomised 96 women to receive either piracetam or a placebo. Piracetam treatment was associated with a trend toward reduced need for a caesarean section as the method of delivery and an improved outcome for the newborn as determined by respiratory problems and signs of hypoxia. The trial did not provide information about any side effects experienced by the mother. This evidence is insufficient for meaningful conclusions.</P>
</SUMMARY_BODY>
  </SUMMARY>
  <ABSTRACT>
    <ABS_BACKGROUND>
<P>Piracetam is thought to promote the metabolism of brain cells when they are hypoxic. It has been used to prevent adverse effects of fetal distress. </P>
</ABS_BACKGROUND>
    <ABS_OBJECTIVES>
<P>The objective of this review was to assess the effects of piracetam for suspected fetal distress in labour on method of delivery and perinatal morbidity.</P>
</ABS_OBJECTIVES>
    <ABS_SEARCH_STRATEGY>
<P>We searched the Cochrane Pregnancy and Childbirth Group's Trials Register (15 February 2012).</P>
</ABS_SEARCH_STRATEGY>
    <ABS_SELECTION_CRITERIA>
<P>Randomised trials of piracetam compared with placebo or no treatment for suspected fetal distress in labour.</P>
</ABS_SELECTION_CRITERIA>
    <ABS_DATA_COLLECTION>
<P>Both review authors assessed eligibility and trial quality.</P>
</ABS_DATA_COLLECTION>
    <ABS_RESULTS>
<P>One study of 96 women was included. Piracetam compared with placebo was associated with a trend to reduced need for caesarean section (risk ratio 0.57, 95% confidence interval 0.32 to 1.03). There were no statistically significant differences between the piracetam and placebo group for neonatal morbidity (measured by neonatal respiratory distress) or Apgar score.</P>
</ABS_RESULTS>
    <ABS_CONCLUSIONS>
<P>There is not enough evidence to evaluate the use of piracetam for fetal distress in labour.</P>
</ABS_CONCLUSIONS>
  </ABSTRACT>
</DOC>
