<?xml version="1.0"?>
<DOC>
  <TITLE TRANSLATED="NO">Treatment and prevention of pouchitis after ileal pouch-anal anastomosis for chronic ulcerative colitis</TITLE>
  <SUMMARY>
    <SUMMARY_TITLE>Several antibiotic agents, including metronidazole, ciprofloxacin, and rifaximin, as well as oral probiotics, may be effective treatments for pouchitis.</SUMMARY_TITLE>
    <SUMMARY_BODY>
<P>Some patients with ulcerative colitis have their colon and rectum removed with construction of a reservoir or pouch (made from a loop of small intestine) to serve in place of the rectum. This is known as an ileal pouch-anal anastomosis (IPAA) surgery. Pouchitis is acute inflammation of the surgically constructed pouch which may cause diarrhea and other problems. The exact cause of pouchitis is not known, but it may be caused by an imbalance in bacteria (similar to an infection) and can be treated by antibiotics, probiotics (bacteria important for the health of the bowel), or other agents that may reduce or prevent inflammation. Metronidazole and Ciprofloxacin (two antibiotics), budesonide enemas (a topical steroid that may decrease inflammation), and oral probiotic therapy with VSL#3 all appear to be effective therapies for acute and/or chronic pouchitis. Current evidence does not support the use of lactobacillus GG (a different probiotic), bismuth (a metal that may be useful in some diarrheal disorders), butyrate and glutamine (two nutrients required by the bowel), allopurinol (a gout medication which may decrease inflammation), or inulin (a non-absorbable sugar which may decrease inflammation). So far the research performed has generally consisted of small studies that were not reproduced, so more research is needed to determine which of these different medications are best for treatment of pouchitis.</P>
</SUMMARY_BODY>
  </SUMMARY>
  <ABSTRACT>
    <ABS_BACKGROUND>
<P>Pouchitis may occur following ileal pouch-anal anastomosis for chronic ulcerative colitis in approximately 30% of patients. </P>
</ABS_BACKGROUND>
    <ABS_OBJECTIVES>
<P>The primary objective was to determine the efficacy of medical therapies for pouchitis (including antibiotic, probiotic, and other agents) as substantiated by data from randomized controlled trials (RCTs).</P>
</ABS_OBJECTIVES>
    <ABS_SEARCH_STRATEGY>
<P>A search for RCTs from 1966 to October 2009 was performed using the MEDLINE, Cochrane Library, EMBASE, Web of Science, and Scopus databases. </P>
</ABS_SEARCH_STRATEGY>
    <ABS_SELECTION_CRITERIA>
<P>Randomized controlled treatment or prevention trials of adult patients who underwent ileal pouch-anal anastomosis for ulcerative colitis who subsequently developed pouchitis or were at risk for pouchitis were considered for inclusion.</P>
</ABS_SELECTION_CRITERIA>
    <ABS_DATA_COLLECTION>
<P>Extracted data were converted to 2X2 tables and then synthesized in to a summary statistic using the Peto odds ratio (OR) and [95% confidence intervals], or weighted mean difference (WMD), using RevMan-5 for Mac OS 10.6.</P>
</ABS_DATA_COLLECTION>
    <ABS_RESULTS>
<P>Eleven RCTs fulfilled the inclusion criteria and were included in the review. The efficacy of 10 different pharmacologic agents was assessed. For the treatment of acute pouchitis (4 RCTS, 5 agents), ciprofloxacin was more effective at inducing remission than metronidazole. Neither rifaximin nor lactobacillus GG were more effective than placebo, while budesonide enemas and metronidazole were similarly effective, for inducing remission of acute pouchitis. For the treatment and maintenance of remission of chronic pouchitis (4 RCTs, 4 agents), glutamine suppositories were not more effective than butyrate suppositories, and bismuth carbomer foam enemas were not more effective than placebo, while VSL#3 was more effective than placebo in maintaining remission of chronic pouchitis in patients with chronic pouchitis who achieved remission with antibiotics. For the prevention of pouchitis (3 RCTs, 2 agents), in one study VSL#3 was more effective than placebo while in another study VSL#3 was not more effective than no treatment. Allopurinol was not more effective than placebo, while inulin was more effective than placebo but the results were not clinically significant.</P>
</ABS_RESULTS>
    <ABS_CONCLUSIONS>
<P>For acute pouchitis, ciprofloxacin was more effective than metronidazole, while budesonide enemas and metronidazole were similarly effective. For chronic pouchitis, VSL#3 was more effective than placebo. For the prevention of pouchitis, VSL#3 was more effective than placebo. Larger RCTs are needed to determine the optimal agent(s) for the treatment and prevention of pouchitis.</P>
</ABS_CONCLUSIONS>
  </ABSTRACT>
</DOC>
