<?xml version="1.0"?>
<DOC>
  <TITLE TRANSLATED="NO">Oestrogen and progestogen hormone replacement therapy for peri-menopausal and post-menopausal women: weight and body fat distribution</TITLE>
  <SUMMARY>
    <SUMMARY_TITLE>Hormone replacement therapy has no effect on body weight and cannot prevent weight gain at menopause.</SUMMARY_TITLE>
    <SUMMARY_BODY>
<P>Hormone replacement therapy (HRT) is used to reduce the symptoms of menopause and bone loss after menopause. Some women decline to take HRT because they believe it causes weight gain. The review of trials found no evidence that unopposed oestrogen and combined oestrogen and progestogen have an effect on body weight additional to that usually gained at the time of menopause. The review did not find any evidence that HRT prevents weight gain experienced at menopause. </P>
</SUMMARY_BODY>
  </SUMMARY>
  <ABSTRACT>
    <ABS_BACKGROUND>
<P>Hormone replacement therapy (HRT) is commonly prescribed to treat menopausal symptoms and to prevent post-menopausal bone loss. However, many women are concerned about hormonal replacement therapy because they believe that such treatment will result in weight gain. The effect of HRT on body weight and fat distribution has not yet been examined in systematic reviews. </P>
</ABS_BACKGROUND>
    <ABS_OBJECTIVES>
<P>To evaluate the effect of unopposed oestrogen or combined oestrogen and progestogen hormone replacement therapy (HRT) upon the body weight and fat distribution of peri-menopausal and post-menopausal women. </P>
</ABS_OBJECTIVES>
    <ABS_SEARCH_STRATEGY>
<P>We searched the Cochrane Menstrual Disorders and Subfertility Group Trials Register, MEDLINE, EMBASE, Current Contents, Biological Abstracts and CINAHL, most recently in July 2005. </P>
</ABS_SEARCH_STRATEGY>
    <ABS_SELECTION_CRITERIA>
<P>All randomised, placebo or no-treatment controlled trials (RCTs) that detailed the effect of HRT on body weight or fat distribution. Previous HRT use should have ceased at least one month (in the case of patches, cream or gel) or three months (for oral preparations or subcutaneous pellets) before commencement of the study. </P>
</ABS_SELECTION_CRITERIA>
    <ABS_DATA_COLLECTION>
<P>Twenty-eight RCTs with 28,559 women fulfilled the inclusion criteria for this review. Data was pooled for continuous variables and the weighted mean difference (MD) with 95% confidence intervals reported.</P>
</ABS_DATA_COLLECTION>
    <ABS_RESULTS>
<P>Outcomes were evaluated separately for unopposed oestrogen and oestrogen combined with progestogen regimens. No statistically significant difference was found in mean weight gain between those using unopposed oestrogen and non-HRT users (0.03kg, 95% CI -0.61 to 0.67) and those using oestrogen with progestogen therapy and non-HRT users (0.04 kg, 95% CI -0.42 to 0.50). There was no significant difference in body mass index (BMI) between women using unopposed oestrogen and non-HRT users (-0.14, 95% CI -0.40 to 0.12) or oestrogen combined with progestogen and non-HRT users (-0.10, 95% CI -0.27 to 0.07). Insufficient data were available to enable meta-analysis of the effect of HRT on waist to hip ratio, fat mass or skinfold thickness. </P>
</ABS_RESULTS>
    <ABS_CONCLUSIONS>
<P>There is no evidence of an effect of unopposed oestrogen or combined oestrogen with progestogen on body weight and on the BMI increase normally experienced at the time of menopause. Insufficient evidence currently exists to enable examination of the effect of HRT on waist-hip ratio, fat mass or skinfold thickness. </P>
</ABS_CONCLUSIONS>
  </ABSTRACT>
</DOC>
