<?xml version="1.0"?>
<DOC>
  <TITLE TRANSLATED="NO">Maternal dietary antigen avoidance during pregnancy or lactation, or both, for preventing or treating atopic disease in the child</TITLE>
  <SUMMARY>
    <SUMMARY_TITLE>Maternal dietary antigen avoidance during pregnancy or lactation, or both, for preventing or treating atopic disease in the child</SUMMARY_TITLE>
    <SUMMARY_BODY>
<P>Evidence is inadequate to advise women to avoid specific foods during pregnancy or breastfeeding to protect their children from allergic diseases like eczema and asthma.</P>
<P>We included five trials, involving 952 participants. Trials of mothers' avoidance of milk, eggs, and other potentially 'antigenic' foods during pregnancy or breastfeeding, or both, provide inadequate evidence about whether such avoidance helps prevent atopic eczema or asthma in the child. Women who avoided eating these foods gained significantly less weight during pregnancy in the one trial reporting on this outcome, raising the possibility of adverse nutritional effects on the mother or fetus. Finally, one small trial reported an inconclusive response of breastfed infants with atopic eczema when their mothers avoided consumption of cow milk and egg.</P>
</SUMMARY_BODY>
  </SUMMARY>
  <ABSTRACT>
    <ABS_BACKGROUND>
<P>Some breastfed infants with atopic eczema benefit from elimination of cow milk, egg, or other antigens from their mother's diet. Maternal dietary antigens are also known to cross the placenta.</P>
</ABS_BACKGROUND>
    <ABS_OBJECTIVES>
<P>To assess the effects of prescribing an antigen avoidance diet during pregnancy or lactation, or both, on maternal and infant nutrition and on the prevention or treatment of atopic disease in the child. </P>
</ABS_OBJECTIVES>
    <ABS_SEARCH_STRATEGY>
<P>We searched the Cochrane Pregnancy and Childbirth Group's Trials Register (30 April 2011).</P>
</ABS_SEARCH_STRATEGY>
    <ABS_SELECTION_CRITERIA>
<P>All randomized or quasi-randomized comparisons of maternal dietary antigen avoidance prescribed to pregnant or lactating women. We excluded trials of multimodal interventions that included manipulation of the infant's diet other than breast milk or of non-dietary aspects of the infant's environment.</P>
</ABS_SELECTION_CRITERIA>
    <ABS_DATA_COLLECTION>
<P>We extracted data from published reports, supplemented by additional information received from the trialists we contacted. </P>
</ABS_DATA_COLLECTION>
    <ABS_RESULTS>
<P>The evidence from five trials, involving 952 participants, does not suggest a protective effect of maternal dietary antigen avoidance during pregnancy on the incidence of atopic eczema during the first 18 months of life. Data on allergic rhinitis or conjunctivitis, or both, and urticaria are limited to a single trial each and are insufficient to draw meaningful inferences. Longer-term atopic outcomes have not been reported. The restricted diet during pregnancy was associated with a slightly but statistically significantly lower mean gestational weight gain, a non-significantly higher risk of preterm birth, and a non-significant reduction in mean birthweight.</P>
<P>The evidence from two trials, involving 523 participants, did not observe a significant protective effect of maternal antigen avoidance during lactation on the incidence of atopic eczema during the first 18 months or on positive skin-prick tests to cow milk, egg, or peanut antigen at one, two, or seven years.</P>
<P>One crossover trial involving 17 lactating mothers of infants with established atopic eczema found that maternal dietary antigen avoidance was associated with a non-significant reduction in eczema severity.</P>
</ABS_RESULTS>
    <ABS_CONCLUSIONS>
<P>Prescription of an antigen avoidance diet to a high-risk woman during pregnancy is unlikely to reduce substantially her child's risk of atopic diseases, and such a diet may adversely affect maternal or fetal nutrition, or both. Prescription of an antigen avoidance diet to a high-risk woman during lactation may reduce her child's risk of developing atopic eczema, but better trials are needed.</P>
<P>Dietary antigen avoidance by lactating mothers of infants with atopic eczema may reduce the severity of the eczema, but larger trials are needed.</P>
</ABS_CONCLUSIONS>
  </ABSTRACT>
</DOC>
