<?xml version="1.0"?>
<DOC>
  <TITLE TRANSLATED="NO">Injectable gold for rheumatoid arthritis</TITLE>
  <SUMMARY>
    <SUMMARY_TITLE>Injectable gold for treating rheumatoid arthritis</SUMMARY_TITLE>
    <SUMMARY_BODY>
<P>Injectable gold has been used to treat several conditions since the 18th century. This review included four trials and 415 patients. Patients receiving gold injections had 30% fewer swollen joints compared to patients receiving placebo. Improvements were also found for blood work and patient and physician assessments in those patients receiving gold injections. 22% percent of the treated patients withdrew from toxicity compared to 4% of patients taking placebo.  </P>
<P>Although its use can be limited by the incidence of serious harms, injectable gold has an important clinically and statistically significant benefit in the short term treatment of patients with rheumatoid arthritis.</P>
</SUMMARY_BODY>
  </SUMMARY>
  <ABSTRACT>
    <ABS_BACKGROUND>
<P>Gold compounds have been used in several conditions affecting man since the 18th century (tuberculosis, lupus vulgaris, bacterial endocarditis, etc.) however, in the past decade the use of injectable gold for rheumatoid arthritis has markedly declined, and its clinical usefulness has been doubted.</P>
</ABS_BACKGROUND>
    <ABS_OBJECTIVES>
<P>To estimate the short-term benefit and risk of side-effects of injectable gold for rheumatoid arthritis.</P>
</ABS_OBJECTIVES>
    <ABS_SEARCH_STRATEGY>
<P>We searched the Cochrane Musculoskeletal Group trials register, and MEDLINE, up to July 1997, using the search strategy developed by the Cochrane Collaboration (Dickersin 1994). The search was complemented with bibliography searching of the reference list of the trials retrieved from the electronic search. Key experts in the area were contacted for further published and unpublished articles.</P>
</ABS_SEARCH_STRATEGY>
    <ABS_SELECTION_CRITERIA>
<P>Randomized clinical trials (RCT) comparing injectable gold against placebo in patients with rheumatoid arthritis were included.</P>
</ABS_SELECTION_CRITERIA>
    <ABS_DATA_COLLECTION>
<P>Methodological quality of the RCTs was assessed by two reviewers (MS, BS) (kappa=1.0). Rheumatoid arthritis outcome measures were extracted by two reviewers from the publications for the 6 month endpoint. Sufficient data was obtained to conduct a pooled analysis of the number of swollen joints, physician global assessment, patient global assessment and erythrocyte sedimentation rate (ESR). Results were analyzed as standardized weighted mean differences for swollen joints and global assessments and weighted mean differences for ESR. Toxicity was evaluated with pooled odds ratios for withdrawals. Heterogeneity was estimated using a chi-square test. Fixed effects models were used throughout.</P>
</ABS_DATA_COLLECTION>
    <ABS_RESULTS>
<P>Four trials and 415 patients were included. A statistically significant benefit was observed for injectable gold when compared to placebo. The standardized weighted difference (effect size) between gold and placebo for the number of swollen joints was -0.5, translating into a percentage change of 30% in favour of gold adjusted for placebo. Statistically significant differences were also observed for ESR and patient and physician assessments. Twenty two percent of the treated patients withdrew from toxicity compared to 4% of controls (OR=3.9 - 95%Cl: 2.1 - 7.2).</P>
</ABS_RESULTS>
    <ABS_CONCLUSIONS>
<P>Although its use can be limited by the incidence of serious toxicity, injectable gold has an important clinically and statistically significant benefit in the short term treatment of patients with rheumatoid arthritis.</P>
</ABS_CONCLUSIONS>
  </ABSTRACT>
</DOC>
