<?xml version="1.0"?>
<DOC>
  <TITLE TRANSLATED="NO">Balneotherapy for rheumatoid arthritis</TITLE>
  <SUMMARY>
    <SUMMARY_TITLE>Balneotherapy or spa-therapy for Rheumatoid Arthritis</SUMMARY_TITLE>
    <SUMMARY_BODY>
<P>This summary of a Cochrane review presents what we know from research about the effect of Balneotherapy for Rheumatoid Arthritis (RA).<BR/>The review shows that in people with RA:<BR/>
</P>
<P>- Radon-carbon dioxin baths compared with carbon dioxin baths may not lead to any difference in pain on the short-term, only possibly at 6 months.<BR/>- Tap water baths compared to land exercises or relaxation may not lead to any difference in pain.<BR/>- Mineral baths compared with taking the drug Cyclosporine A may lead to a significant difference in pain at 8 weeks, but may also lead to some side effects .<BR/>- Sulfur baths or Dead Sea baths compared to no treatment may not lead to any difference in the way people feel overall.</P>
<P>Swollen or tender joints, inflammation (acute phase reactants), the doctor's assessment of overall well-being, x-rays of joints and other laboratory tests were not measured in these studies.</P>
<P>Not enough data was provide to tell whether mineral baths would improve how people feel overall compared with taking the drug Cyclosporine A.</P>
<P>Not enough data was provided to tell whether physical disability would improve with various forms of balneotherapy.</P>
<P>
<B>What is RA and what is Balneotherapy?</B>
</P>
<P>In rheumatoid arthritis, your immune system, which normally fights infection, attacks the lining of your joints. This makes your joints swollen, stiff and painful. The small joints of your hands and feet are usually affected first. There is no cure for RA at present, so the treatments aim to relieve pain and stiffness and improve your ability to move.</P>
<P>Balneotherapy (also called mineral baths or spa-therapy) is an ancient and popular therapy. It involves spending time in an indoor pool filled with mineral water at temperature of between 31 to 36 degrees Celsius (88 to 97 degrees Farenheit). Different types of mineral water can be used in this therapy, for example, radon or carbon dioxin.<BR/>
</P>
</SUMMARY_BODY>
  </SUMMARY>
  <ABSTRACT>
    <ABS_BACKGROUND>
<P>Balneotherapy (spa therapy or mineral baths) for patients with arthritis is one of the oldest forms of therapy. One of the aims of balneotherapy is to soothe the pain, improve joint motion and as a consequence to relieve patients' suffering and make them feel well. In this update we included one extra study.</P>
</ABS_BACKGROUND>
    <ABS_OBJECTIVES>
<P>To assess the effectiveness of balneotherapy for rheumatoid arthritis.</P>
</ABS_OBJECTIVES>
    <ABS_SEARCH_STRATEGY>
<P>We searched the following databases up to October 2006: CENTRAL (Issue 3, 2006), PubMed, CINAHL, the database from the Cochrane 'Rehabilitation and Related Therapies' Field and Pedro. We also performed reference checking and personal communications with authors to retrieve eligible studies. </P>
</ABS_SEARCH_STRATEGY>
    <ABS_SELECTION_CRITERIA>
<P>Randomised controlled trials comparing balneotherapy with any other intervention or with no intervention.<BR/>Included patients were all suffering from definite or classical rheumatoid arthritis as defined by the American Rheumatism Association Criteria or by the criteria of Steinbrocker. At least one of the WHO/ILAR core set of endpoints for RA clinical trials had to be among the main outcome measures.</P>
</ABS_SELECTION_CRITERIA>
    <ABS_DATA_COLLECTION>
<P>Two authors independently assessed quality and extracted data. Disagreements were solved by consensus.</P>
</ABS_DATA_COLLECTION>
    <ABS_RESULTS>
<P>One extra study is included in this update. Now seven trials (412 patients) were included in this review. Most trials reported positive findings on their main outcomes, but were methodologically flawed to some extent. A 'quality of life' outcome was reported by two trials. None of the trials performed an intention-to-treat analysis and only two performed a comparison of effects between groups.<BR/>Pooling of the data was not performed because of heterogeneity of the studies, multiple outcome measurements, and the overall poor data presentation. <BR/>We found a significant benefit of mineral baths compared to Cyclosporine A at eight weeks on pain in one study (RR=2.4; 95%CI: 1.4,3.8). </P>
<P>Overall there is insufficient evidence that balneotherapy is more effective than no treatment, that one type of bath is more effective than another, or that one type of bath is more effective than mudpacks, exercises or relaxation therapy. </P>
</ABS_RESULTS>
    <ABS_CONCLUSIONS>
<P>Silver level evidence was found for one study in favour of mineral baths compared to drug treatment at eight weeks. Insufficient evidence was found for all other comparisons. However the scientific evidence is insufficient because of poor methodological quality. Therefore, the noted "positive findings" should be viewed with caution. Because of the methodological flaws, an answer about the apparent effectiveness of balneotherapy cannot be provided at this moment. </P>
</ABS_CONCLUSIONS>
  </ABSTRACT>
</DOC>
