<?xml version="1.0"?>
<DOC>
  <TITLE TRANSLATED="NO">Prophylactic antibiotics for inhibiting preterm labour with intact membranes</TITLE>
  <SUMMARY>
    <SUMMARY_TITLE>Prophylactic antibiotics for inhibiting preterm labour with intact membranes</SUMMARY_TITLE>
    <SUMMARY_BODY>
<P>No clear benefit for the use of antibiotics for women going into labour too early with the membranes still intact.</P>
<P>Premature babies can have a range of complications which often require admission to a neonatal intensive care unit. Some of these complications are so severe that they result in disability or death in the early weeks, and sometimes disability later on in life. Infection without any symptoms (low grade infection) in the cervix and uterus may trigger labour contractions resulting in labour starting too soon and the birth of a premature baby. In theory, antibiotics could stop this infection and prevent the baby being born too early. The review of trials found no overall benefit for antibiotics given to the mother in this situation.</P>
</SUMMARY_BODY>
  </SUMMARY>
  <ABSTRACT>
    <ABS_BACKGROUND>
<P>The contribution of subclinical genital tract infection to the aetiology of preterm birth is gaining increasing recognition, but the role of prophylactic antibiotic treatment in the management of preterm labour is uncertain. Since rupture of the membranes is an important factor in the progression of preterm labour, it is important to see if the routine administration of antibiotics confers any benefit, prior to membrane rupture. </P>
</ABS_BACKGROUND>
    <ABS_OBJECTIVES>
<P>To assess the effects of prophylactic antibiotics administered to women in preterm labour with intact membranes, on maternal and neonatal outcomes.</P>
</ABS_OBJECTIVES>
    <ABS_SEARCH_STRATEGY>
<P>We searched the Cochrane Pregnancy and Childbirth Group's Trials Register (May 2002), the Cochrane Controlled Trials Register (The Cochrane Library, Issue 1, 2002), MEDLINE (1965 to May 2002). Other sources included contacting recognised experts and cross referencing relevant material.</P>
<P>We updated the search of the Cochrane Pregnancy and Childbirth Group's Trials Register on 30 April 2010 and added the results to the awaiting classification section of the review.</P>
</ABS_SEARCH_STRATEGY>
    <ABS_SELECTION_CRITERIA>
<P>Randomised trials which compared antibiotic treatment with placebo or no treatment for women in preterm labour (between 20 and 36 weeks' gestation) with intact membranes.</P>
</ABS_SELECTION_CRITERIA>
    <ABS_DATA_COLLECTION>
<P>Standard methods of the Cochrane Collaboration and the Cochrane Pregnancy and Childbirth Group were used. Evaluation of methodological quality and trial data extraction were undertaken independently by the authors. Results are presented using relative risk for categorical data and weighted mean difference for continuous data. </P>
</ABS_DATA_COLLECTION>
    <ABS_RESULTS>
<P>This review has been updated (2002) to include data from the 'ORACLE II 2001' trial (six times larger than the previous 10 trials combined), which now dominates the results of this review. Meta-analysis of the 11 included trials (7428 women enrolled) shows a reduction in maternal infection with the use of prophylactic antibiotics (relative risk 0.74, 95% confidence interval 0.64 to 0.87) but fails to demonstrate a benefit or harm for any of the prespecified neonatal outcomes. </P>
</ABS_RESULTS>
    <ABS_CONCLUSIONS>
<P>This review fails to demonstrate a clear overall benefit from prophylactic antibiotic treatment for preterm labour with intact membranes on neonatal outcomes and raises concerns about increased neonatal mortality for those who received antibiotics. This treatment cannot therefore be currently recommended for routine practice. Further research may be justified (when sensitive markers for subclinical infection become available) in order to determine if there is a subgroup of women who could experience benefit from antibiotic treatment for preterm labour prior to membrane rupture, and to identify which antibiotic or combination of antibiotics is most effective.</P>
<P>[Note: The 17 citations in the awaiting classification section of the review may alter the conclusions of the review once assessed.]</P>
</ABS_CONCLUSIONS>
  </ABSTRACT>
</DOC>
