<?xml version="1.0"?>
<DOC>
  <TITLE TRANSLATED="NO">Dietary sodium manipulation and asthma</TITLE>
  <SUMMARY>
    <SUMMARY_TITLE>Dietary sodium reduction or exclusion for asthma</SUMMARY_TITLE>
    <SUMMARY_BODY>
<P>A review of the current literature suggests that reduction in the amount of dietary sodium consumed has no significant effect on the symptoms of asthma but may be associated with improvements in some lung function measurements in exercise-induced asthma.</P>
</SUMMARY_BODY>
  </SUMMARY>
  <ABSTRACT>
    <ABS_BACKGROUND>
<P>There is a wide geographical variation in the prevalence of asthma and observational studies have suggested that dietary sodium may play a role.</P>
</ABS_BACKGROUND>
    <ABS_OBJECTIVES>
<P>To assess the effect of dietary sodium manipulation on asthma control.</P>
</ABS_OBJECTIVES>
    <ABS_SEARCH_STRATEGY>
<P>We carried out a search using the Cochrane Airways Group asthma register. We searched the bibliographies of included randomised controlled trials (RCTs) for additional studies. We carried out the most recent search in November 2010.</P>
</ABS_SEARCH_STRATEGY>
    <ABS_SELECTION_CRITERIA>
<P>We considered only RCTs that involved dietary sodium reduction or increased sodium intake in patients with asthma.</P>
</ABS_SELECTION_CRITERIA>
    <ABS_DATA_COLLECTION>
<P>Both review authors assessed study and extracted data. We conducted data analyses in RevMan 5 using mean differences and random effects.</P>
</ABS_DATA_COLLECTION>
    <ABS_RESULTS>
<P>We identified a total of nine studies in relation to sodium manipulation and asthma, of which five were in people with asthma (318 participants), and four in people with exercise-induced asthma (63 participants). There were no significant benefits of salt restriction on the control of asthma. There was some evidence from the exercise-induced asthma studies that a low sodium diet may improve lung function after exercise and possibly baseline lung function, but this is based on findings from a very small numbers of participants.</P>
</ABS_RESULTS>
    <ABS_CONCLUSIONS>
<P>This review did not find any evidence that dietary sodium reduction significantly improves asthma control. Although dietary sodium reduction may result in improvements in lung function in exercise-induced asthma, the clinical significance of this effect is unclear.</P>
</ABS_CONCLUSIONS>
  </ABSTRACT>
</DOC>
