<?xml version="1.0"?>
<DOC>
  <TITLE TRANSLATED="NO">Interventions for preventing blood loss during the treatment of cervical intraepithelial neoplasia</TITLE>
  <SUMMARY>
    <SUMMARY_TITLE>Interventions to prevent blood loss during the treatment of pre-cancerous abnormalities in the cervix (cervical intraepithelial neoplasia).</SUMMARY_TITLE>
    <SUMMARY_BODY>
<P>Surgery for pre-cancerous cervix lesions (cervical intraepithelial neoplasia) often causes significant bleeding during surgery or within 14 days. This review found that good surgical technique can reduce immediate blood loss and bleeding can also be reduced by some drugs. Vasopressin reduces blood flow by constricting blood vessels. Tranexamic acid reduces blood loss after knife and laser cone biopsy. Stitches also reduce blood loss but can interfere with later visual examination of the cervix.</P>
</SUMMARY_BODY>
  </SUMMARY>
  <ABSTRACT>
    <ABS_BACKGROUND>
<P>Cervical intraepithelial neoplasia (CIN) is the most common pre-malignant lesion. Surgical treatments for CIN are commonly associated with blood loss.</P>
</ABS_BACKGROUND>
    <ABS_OBJECTIVES>
<P>To assess the effectiveness and safety of interventions for preventing blood loss during the treatment of CIN.</P>
</ABS_OBJECTIVES>
    <ABS_SEARCH_STRATEGY>
<P>We searched the Cochrane Gynaecological Cancer Group Trials Register, MEDLINE, EMBASE and CENTRAL up to April 2009. We also searched registers of clinical trials, abstracts of scientific meetings and reference lists of included studies.</P>
</ABS_SEARCH_STRATEGY>
    <ABS_SELECTION_CRITERIA>
<P>Randomised controlled trials (RCTs) of vasopressin, tranexamic acid, haemostatic sutures, Amino-Cerv or Monsel's solution in women undergoing surgery for CIN.</P>
</ABS_SELECTION_CRITERIA>
    <ABS_DATA_COLLECTION>
<P>Two reviewers independently abstracted data and assessed risk of bias. Risk ratios comparing adverse events in women who received one of the interventions were pooled in a random-effects meta-analyses or included in single trial analyses.</P>
</ABS_DATA_COLLECTION>
    <ABS_RESULTS>
<P>Twelve RCTs (N = 1602, of whom 1512 were assessed) were included. </P>
<P>Vasopressin significantly reduced perioperative bleeding (mean difference (MD) = -100.80, 95% confidence interval (CI) -129.48 to -72.12) and was associated with a decreased risk of bleeding that required haemostatic sutures or further vasopressin, compared to placebo (risk ratio (RR) = 0.39, 95% CI 0.27 to 0.56).</P>
<P>Tranexamic acid significantly reduced risk of secondary haemorrhage (RR = 0.23, 95% CI 0.11 to 0.50), but not primary haemorrhage (RR = 1.24, 95% CI 0.04 to 38.23) after knife and laser cone biopsy, compared with placebo. There was also a statistically significant reduction in postoperative blood loss compared with placebo (MD = -55.60, 95% CI -94.91 to -16.29).</P>
<P>Packing with Monsel's solution resulted in less perioperative blood loss (MD = -22.00, 95% CI -23.09 to -20.91) and decreased the risk of dysmenorrhoea (RR = 0.37, 95% CI 0.16 to 0.84), unsatisfactory colposcopy (RR = 0.43, 95% CI 0.30 to 0.63) and cervical stenosis (RR = 0.35, 95% CI 0.25 to 0.49) compared to routine suturing, but was not statistically different to sutures for risk of primary and secondary haemorrhages.</P>
<P>Amino-Cerv antibiotic gel failed to make a difference on secondary haemorrhage but was associated with significantly less vaginal discharge at 2 weeks compared with routine care (RR = 0.27, 95% CI 0.09 to 0.86).</P>
<P>There was no significant difference in blood loss between women who received ball electrode diathermy and those who received Monsel's paste (MD = 4.82, 95% CI -3.45 to 13.09).</P>
</ABS_RESULTS>
    <ABS_CONCLUSIONS>
<P>Bleeding associated with surgery of the cervix appears to be reduced by vasopressin, used in combination with local anaesthetic. Tranexamic acid appears to be beneficial after knife and laser cone biopsy. There are insufficient data to assess the effects on primary haemorrhage. There is some evidence that haemostatic suturing has an adverse effect on blood loss, cervical stenosis and satisfactory colposcopy.</P>
</ABS_CONCLUSIONS>
  </ABSTRACT>
</DOC>
