<?xml version="1.0"?>
<DOC>
  <TITLE TRANSLATED="NO">Plasma volume expansion for suspected impaired fetal growth</TITLE>
  <SUMMARY>
    <SUMMARY_TITLE>Plasma volume expansion for suspected impaired fetal growth</SUMMARY_TITLE>
    <SUMMARY_BODY>
<P>Too little evidence to show whether it is beneficial for pregnant women to have extra plasma when the baby is growing more slowly than expected.</P>
<P>Plasma is the fluid that carries the blood cells in the body. The amount of plasma and blood cells (the blood) circulating in a woman's body can double during pregnancy. Sometimes, women whose babies are growing too slowly during pregnancy (impaired fetal growth) do not have as much blood circulating in their body as would be expected. Plasma volume expansion is where solutions are injected into the woman's bloodstream to increase plasma levels. No trials were found to show whether plasma volume expansion is beneficial for these women or their babies.</P>
</SUMMARY_BODY>
  </SUMMARY>
  <ABSTRACT>
    <ABS_BACKGROUND>
<P>Failure of the normal expansion of plasma volume in the mother is associated with impaired fetal growth and pre-eclampsia. </P>
</ABS_BACKGROUND>
    <ABS_OBJECTIVES>
<P>The objective of this review was to assess the effects of plasma volume expansion for suspected impaired fetal growth.</P>
</ABS_OBJECTIVES>
    <ABS_SEARCH_STRATEGY>
<P>We searched the Cochrane Pregnancy and Childbirth Group's Trials Register (March 2010).</P>
</ABS_SEARCH_STRATEGY>
    <ABS_SELECTION_CRITERIA>
<P>Randomized or quasi-randomized trials of plasma volume expansion compared to no plasma volume expansion in women with suspected impaired fetal growth.</P>
</ABS_SELECTION_CRITERIA>
    <ABS_DATA_COLLECTION>
<P>Trial quality was assessed.</P>
</ABS_DATA_COLLECTION>
    <ABS_RESULTS>
<P>No studies were included.</P>
</ABS_RESULTS>
    <ABS_CONCLUSIONS>
<P>There is not enough evidence to evaluate the use of plasma volume expansion for suspected impaired fetal growth.</P>
</ABS_CONCLUSIONS>
  </ABSTRACT>
</DOC>
