<?xml version="1.0"?>
<DOC>
  <TITLE TRANSLATED="NO">Surgery for obstructive sleep apnoea in adults</TITLE>
  <SUMMARY>
    <SUMMARY_TITLE>Surgery for obstructive sleep apnoea/hypopnoea syndrome</SUMMARY_TITLE>
    <SUMMARY_BODY>
<P>Surgery for obstructive sleep apnoea/hypopnoea syndrome aims to relieve obstruction by increasing the<I> </I>size of the airway in the throat, bypassing the airway or removing a lesion. A limited number of trials assessing diverse surgical techniques were identified. There were inconsistent effects reported across the trials. The available evidence from these small studies does not currently support the widespread use of surgery in people with mild to moderate daytime symptoms associated with sleep apnoea.</P>
</SUMMARY_BODY>
  </SUMMARY>
  <ABSTRACT>
    <ABS_BACKGROUND>
<P>Obstructive sleep apnoea/hypopnoea syndrome(OSAHS) is the periodic reduction or cessation of airflow during sleep. The syndrome is associated with loud snoring, disrupted sleep and observed apnoeas. Surgery for obstructive sleep apnoea/hypopnoea syndrome aims to alleviate symptoms of daytime sleepiness, improve quality of life, and reduce the signs of sleep apnoea recorded by polysomnography.</P>
</ABS_BACKGROUND>
    <ABS_OBJECTIVES>
<P>The objective of this review was to assess the effects of any type of surgery for the treatment of the symptoms of obstructive sleep apnoea/hypopnoea syndrome in adults.</P>
</ABS_OBJECTIVES>
    <ABS_SEARCH_STRATEGY>
<P>We searched the Cochrane Airways Group Specialised Register and reference lists of articles. We contacted experts in the field, research dissemination bodies and other Cochrane Review Groups. Searches were current as of July 2008.</P>
</ABS_SEARCH_STRATEGY>
    <ABS_SELECTION_CRITERIA>
<P>Randomised trials comparing any surgical intervention for obstructive sleep apnoea/hypopnoea syndrome with other surgical or non-surgical interventions or no intervention.</P>
</ABS_SELECTION_CRITERIA>
    <ABS_DATA_COLLECTION>
<P>Two reviewers assessed electronic literature search results for possibly relevant studies. Characteristics and data from studies meeting the inclusion criteria were extracted and entered into RevMan 4.2.</P>
</ABS_DATA_COLLECTION>
    <ABS_RESULTS>
<P>Twelve studies (709 participants) of mixed risk of bias met the inclusion criteria. Data from ten studies were eligible for assessment in the review. No data could be pooled. <U>Uvulopalatopharyngoplasty (UPPP) versus conservative management (one trial)</U>: An un validated symptom score showed intermittent significant differences over a 12-month follow-up period. No differences in Polysomnography (PSG) outcomes were reported. <U>Laser-assisted uvulopalatoplasty (LAUP) versus conservative management/placebo (two trials)</U>: One study recruited mixed a population, and separate data could not be obtained for this trial. In the other study no significant differences in Epworth scores or quality of life reported. A significant difference in favour of LAUP was reported in terms of apnoea hypopnoea index (AHI) and frequency and intensity of snoring. <U>Palatal implants versus placebo (one trial): </U>Symptoms and AHI were lower with palatal implants. <U>LAUP versus bipolar radiofrequency volumetric tissue reduction (one trial)</U>: Within-treatment group differences were significant for symptoms and AHI, but the between treatment group differences were not available to assess whether indirect inferences could be made regarding the effects of either treatment. <U>UPPP versus oral appliance (OA) (one trial)</U>: AHI was significantly lower with OA therapy than with UPPP. No significant differences were observed in quality of life. <U>UPPP versus lateral pharyngoplasty (lateral PP) (one trial)</U>: No significant difference in Epworth scores, but a greater reduction in AHI with lateral PP was reported. <U>Expansion sphincter pharyngoplasty (one trial):</U> Both interventions reduced AHI although statistical analysis on the difference between treatments was not reported. <U>Tongue advancement (mandibular osteotomy) + PPP versus tongue suspension + PPP (one trial)</U>: There was a significant reduction in symptoms in both groups, but no significant difference between the two surgery types. Complications reported with all surgical techniques included nasal regurgitation, pain and bleeding. These did not persist in the long term. An additional study assessed the effects of four different techniques. No data were available on between group comparisons.<U> Multilevel temperature-controlled radiofrequency tissue ablation (TCRFTA) versus sham placebo and CPAP (one trial):</U> There was an improvement in primary and secondary outcomes of TCRFTA over sham placebo and but no difference in symptomatic improvement when compared with CPAP. <U>Radiofrequency assisted uvulopalatoplasty technique versus channeling technique (one trial):</U> Dysphagia scores were lower in the channeling group immediately post-operation, but at four months the difference was no longer significant. Snoring scores did not differ at long-term follow-up. The number of participants achieving AHI lower than 10 at four months was slightly higher with RAUP than channeling technique.</P>
</ABS_RESULTS>
    <ABS_CONCLUSIONS>
<P>There are now a small number of trials assessing different surgical techniques with inactive and active control treatments. The studies assembled in the review do not provide evidence to support the use of surgery in sleep apnoea/hypopnoea syndrome, as overall significant benefit has not been demonstrated. The participants recruited to the studies had mixed levels of AHI, but tended to suffer from moderate daytime sleepiness where this was measured. Short-term outcomes are unlikely to consistently identify suitable candidates for surgery. Long-term follow-up of patients who undergo surgical correction of upper airway obstruction is required. This would help to determine whether surgery is a curative intervention, or whether there is a tendency for the signs and symptoms of sleep apnoea to re-assert themselves, prompting patients to seek further treatment for sleep apnoea.</P>
</ABS_CONCLUSIONS>
  </ABSTRACT>
</DOC>
