<?xml version="1.0"?>
<DOC>
  <TITLE TRANSLATED="NO">Single dose oral ibuprofen for acute postoperative pain in adults</TITLE>
  <SUMMARY>
    <SUMMARY_TITLE>A single dose of ibuprofen administered orally to treat acute postoperative pain in adults</SUMMARY_TITLE>
    <SUMMARY_BODY>
<P>Ibuprofen at 200 mg and 400 mg produces a high level of pain relief in about half of those with moderate or severe acute postoperative pain. This is a good result compared with most other analgesics tested in a very well researched model of pain used for demonstrating that drugs can actually produce pain relief. There were no more adverse events than with placebo.</P>
</SUMMARY_BODY>
  </SUMMARY>
  <ABSTRACT>
    <ABS_BACKGROUND>
<P>This review updates a 1999 Cochrane review showing that ibuprofen at various doses was effective in postoperative pain in single dose studies designed to demonstrate analgesic efficacy. New studies have since been published. Ibuprofen is one of the most widely used non-steroidal anti-inflammatory (NSAID) analgesics both by prescription and as an over-the-counter medicine. Ibuprofen is used for acute and chronic painful conditions.</P>
</ABS_BACKGROUND>
    <ABS_OBJECTIVES>
<P>To assess analgesic efficacy of ibuprofen in single oral doses for moderate and severe postoperative pain in adults.</P>
</ABS_OBJECTIVES>
    <ABS_SEARCH_STRATEGY>
<P>We searched Cochrane CENTRAL, MEDLINE, EMBASE and the Oxford Pain Relief Database for studies to May 2009.</P>
</ABS_SEARCH_STRATEGY>
    <ABS_SELECTION_CRITERIA>
<P>Randomised, double blind, placebo-controlled trials of single dose orally administered ibuprofen (any formulation) in adults with moderate to severe acute postoperative pain.</P>
</ABS_SELECTION_CRITERIA>
    <ABS_DATA_COLLECTION>
<P>Two review authors independently assessed trial quality and extracted data. Pain relief or pain intensity data were extracted and converted into the dichotomous outcome of number of participants with at least 50% pain relief over 4 to 6 hours, from which relative risk and number-needed-to-treat-to-benefit (NNT) were calculated. Numbers of participants using rescue medication over specified time periods, and time to use of rescue medication, were sought as additional measures of efficacy. Information on adverse events and withdrawals were collected.</P>
</ABS_DATA_COLLECTION>
    <ABS_RESULTS>
<P>Seventy-two studies compared ibuprofen and placebo (9186 participants). Studies were predominantly of high reporting quality, and the bulk of the information concerned ibuprofen 200 mg and 400 mg. For at least 50% pain relief compared with placebo the NNT for ibuprofen 200 mg (2690 participants) was 2.7 (2.5 to 3.0) and for ibuprofen 400 mg (6475 participants) it was 2.5 (2.4 to 2.6). The proportion with at least 50% pain relief was 46% with 200 mg and 54% with 400 mg. Remedication within 6 hours was less frequent with higher doses, with 48% remedicating with 200 mg and 42% with 400 mg. The median time to remedication was 4.7 hours with 200 mg and 5.4 hours with 400 mg. Sensitivity analysis indicated that pain model and ibuprofen formulation may both affect the result, with dental impaction models and soluble ibuprofen salts producing better efficacy estimates. Adverse events were uncommon, and not different from placebo.</P>
</ABS_RESULTS>
    <ABS_CONCLUSIONS>
<P>The very substantial amount of high quality evidence demonstrates that ibuprofen is an effective analgesic in treating postoperative pain. NNTs for 200 mg and 400 mg ibuprofen did not change significantly from the previous review even when a substantial amount of new information was added. New information is provided on remedication. </P>
</ABS_CONCLUSIONS>
  </ABSTRACT>
</DOC>
