<?xml version="1.0"?>
<DOC>
  <TITLE TRANSLATED="NO">Screening for colorectal cancer using the faecal occult blood test, Hemoccult</TITLE>
  <SUMMARY>
    <SUMMARY_TITLE>Screening for colorectal cancer using the faecal occult blood test, Hemoccult</SUMMARY_TITLE>
    <SUMMARY_BODY>
<P>Regular screening of faeces for blood can detect colorectal cancer earlier and hence may reduce mortality in populations at risk, such as older patients. The screening test used in these trials to detect colorectal (bowel) cancer was the faecal occult blood test (FOBT). If the FOBT is positive, the bowels are examined closely with further diagnostic test (coloscopy, flexible sigmoidoscopy, double-contrast barium enema), but these tests often cause discomfort and can cause serious adverse consequences. As blood identified in faeces may be due to several reason (unrelated to cancer), it may cause people unnecessary stress and expose them to possible harm. This review found that FOBT screening is likely to avoid approximately 1 in 6 colorectal cancer deaths.</P>
</SUMMARY_BODY>
  </SUMMARY>
  <ABSTRACT>
    <ABS_BACKGROUND>
<P>Colorectal cancer is a leading cause of morbidity and mortality, especially in the Western world. The human and financial costs have prompted considerable research to evaluate screening tests to detect the cancer at an early curable stage. Tests that have been considered for population screening include the faecal occult blood test (FOBT), flexible sigmoidoscopy and colonoscopy. Reducing mortality from colorectal cancer (CRC) may be achieved by the introduction of population-based screening programmes.</P>
</ABS_BACKGROUND>
    <ABS_OBJECTIVES>
<P>To determine whether screening for colorectal cancer using the faecal occult blood test (guaiac or immunochemical) reduces colorectal cancer mortality and to consider the benefits and harms of screening.</P>
</ABS_OBJECTIVES>
    <ABS_SEARCH_STRATEGY>
<P>Published and unpublished data for this review were identified by:<BR/>
</P>
<P>Reviewing studies included in the previous Cochrane review;<BR/>Searching several electronic databases (Cochrane Library, Medline, Embase, CINAHL, PsychInfo, Amed, SIGLE, HMIC); and<BR/>Writing to the principal investigators of potentially eligible trials.</P>
</ABS_SEARCH_STRATEGY>
    <ABS_SELECTION_CRITERIA>
<P>We included all randomised trials of screening for colorectal cancer that compared faecal occult blood test (guaiac or immunochemical) on more than one occasion with no screening and reported colorectal cancer mortality.</P>
</ABS_SELECTION_CRITERIA>
    <ABS_DATA_COLLECTION>
<P>Data from the eligible trials were independently extracted by two reviewers. The primary data analysis was performed using the group participants were originally randomised to ('intention to screen'), whether or not they attended screening; a secondary analysis adjusted for non-attendance. We calculated the relative risks and risk differences for each trial, and then overall, using fixed and random effects models (including testing for heterogeneity of effects). We identified nine articles concerning four randomised controlled trials and two controlled trials involving over 320,000 participants with follow-up ranging from 8 to 18 years.</P>
</ABS_DATA_COLLECTION>
    <ABS_RESULTS>
<P>Combined results from the 4 eligible randomised controlled trials shows that participants allocated to FOBT screening had a statistically significant 16% reduction in the relative risk of colorectal cancer mortality (RR 0.84; CI: 0.78-0.90). In the 3 studies that used biennial screening (Funen, Minnesota, Nottingham) there was a 15% relative risk reduction (RR 0.85, CI: 0.78-0.92) in colorectal cancer mortality. When adjusted for mean screening attendance in the individual studies, there was a 25% relative risk reduction (RR 0.75, CI: 0.66 - 0.84) for those attending at least one round of screening using the faecal occult blood test.</P>
</ABS_RESULTS>
    <ABS_CONCLUSIONS>
<P>Benefits of screening include a modest reduction in colorectal cancer mortality, a possible reduction in cancer incidence through the detection and removal of colorectal adenomas, and potentially, the less invasive surgery that earlier treatment of colorectal cancers may involve.<BR/>Harmful effects of screening include the psycho-social consequences of receiving a false-positive result, the potentially significant complications of colonoscopy or a false-negative result, the possibility of overdiagnosis (leading to unnecessary investigations or treatment) and the complications associated with treatment.</P>
</ABS_CONCLUSIONS>
  </ABSTRACT>
</DOC>
