<?xml version="1.0"?>
<DOC>
  <TITLE TRANSLATED="NO">Teaching critical appraisal skills in healthcare settings</TITLE>
  <SUMMARY>
    <SUMMARY_TITLE>Teaching critical appraisal skills in healthcare settings</SUMMARY_TITLE>
    <SUMMARY_BODY>
<P>Critical appraisal involves interpreting information, in particular information within research papers, in a systematic and objective manner. This review looked at whether teaching critical appraisal skills to health professionals led to changes in processes of care, patient outcomes, health professionals' knowledge of how to critically appraise research papers, or all three. The review found that teaching critical appraisal skills to health professionals may improve their knowledge. However, there was a lack of good quality evidence as to whether teaching critical appraisal skills led to changes in the process of care or to changes in patient outcomes.</P>
</SUMMARY_BODY>
  </SUMMARY>
  <ABSTRACT>
    <ABS_BACKGROUND>
<P>Critical appraisal is the process of assessing and interpreting evidence by systematically considering its validity, results and relevance to an individual's work. Within the last decade critical appraisal has been added as a topic to many medical school and UK Royal College curricula, and several continuing professional development ventures have been funded to provide further training. This is an update of a Cochrane review first published in 2001.</P>
</ABS_BACKGROUND>
    <ABS_OBJECTIVES>
<P>To assess the effects of teaching critical appraisal skills to health professionals on the process of care, patient outcomes and knowledge of health professionals.</P>
</ABS_OBJECTIVES>
    <ABS_SEARCH_STRATEGY>
<P>We updated the search (see <A HREF="01">Appendix 1</A> for search strategies by database) and used those search strategies to search the Cochrane Central Register of Controlled Trials (1997 to June 2011) and MEDLINE (from 1997 to June 2011). We also searched EMBASE, CINAHL and PsycINFO (up to January 2010). We searched LISA (up to January 2010), ERIC (up to January 2010), SIGLE (up to January 2010) and Web of Knowledge (up to January 2010). We also searched the Cochrane Database of Systematic Reviews (CDSR), Database of Abstracts of Reviews of Effects (DARE) and the Cochrane Effective Practice and Organisation of Care (EPOC) Group Specialised Register up to January 2010.</P>
</ABS_SEARCH_STRATEGY>
    <ABS_SELECTION_CRITERIA>
<P>Randomised trials, controlled clinical trials, controlled before and after studies and interrupted time series analyses that examined the effectiveness of educational interventions teaching critical appraisal to health professionals. The outcomes included process of care, patient mortality, morbidity, quality of life and satisfaction. We included studies reporting on health professional knowledge/awareness only when based upon objective, standardised, validated instruments. We did not consider studies involving students.</P>
</ABS_SELECTION_CRITERIA>
    <ABS_DATA_COLLECTION>
<P>Two review authors independently extracted data and assessed risk of bias. We contacted authors of included studies to obtain missing data.</P>
</ABS_DATA_COLLECTION>
    <ABS_RESULTS>
<P>In total, we reviewed a total of 11,057 titles and abstracts, of which 148 appeared potentially relevant to the review. We included three studies involving 272 people in this review. None of the included studies evaluated process of care or patient outcomes. Statistically significant improvements in participants' knowledge were reported in domains of critical appraisal (variable approaches across studies) in two of the three studies. We determined risk of bias to be 'unclear' and as such considered this to be 'plausible bias that raises some doubt about the results'.</P>
</ABS_RESULTS>
    <ABS_CONCLUSIONS>
<P>Low-intensity critical appraisal teaching interventions in healthcare populations may result in modest gains. Improvements to research examining the effectiveness of interventions in healthcare populations are required; specifically rigorous randomised trials employing interventions using appropriate adult learning theories.</P>
</ABS_CONCLUSIONS>
  </ABSTRACT>
</DOC>
