<?xml version="1.0"?>
<DOC>
  <TITLE TRANSLATED="NO">Elastic compression stockings for prevention of deep vein thrombosis</TITLE>
  <SUMMARY>
    <SUMMARY_TITLE>Elastic compression stockings for prevention of deep vein thrombosis during a hospital stay</SUMMARY_TITLE>
    <SUMMARY_BODY>
<P>Hospital patients can develop deep vein thrombosis (DVT) in the legs and pelvic veins immediately after surgery or if they are not mobile because of a medical illness. Symptoms vary from none to pain and swelling in the legs. A blood clot can move from the leg to the lungs with the danger of pulmonary embolism and death. Usually the DVT clears up or has long term effects such as high venous pressure in the leg, leg pain, swelling, darkening of the skin or inflammation.</P>
<P>DVT can be prevented using compression or drugs but drugs may cause bleeding, which is a particular concern in surgical patients. Graduated elastic compression stockings help prevent blood clots forming in the legs by applying varying amounts of pressure to different parts of the leg. Our review confirmed that graduated compression stockings reduce the risk of DVT in hospitalised patients. Our findings also suggest that wearing elastic stockings as well as receiving another method of prophylaxis has increased benefit. We identified 18 randomised controlled trials, eight comparing wearing stockings to no stockings and 10 comparing stockings plus another method with that method alone in patients undergoing surgery. The other methods used were Dextran 70, aspirin, heparin and mechanical sequential compression.</P>
</SUMMARY_BODY>
  </SUMMARY>
  <ABSTRACT>
    <ABS_BACKGROUND>
<P>One of the settings where deep vein thrombosis (DVT) in the lower limb and pelvic veins occurs is in hospital with prolonged immobilisation of patients for various surgical and medical illnesses. Using graduated compression stockings (GCS) in these patients has been proposed to decrease the risk of DVT. This is an update of a Cochrane review first published in 2000 and updated in 2003.</P>
</ABS_BACKGROUND>
    <ABS_OBJECTIVES>
<P>To determine the magnitude of effectiveness of GCS in preventing DVT in various groups of hospitalised patients.</P>
</ABS_OBJECTIVES>
    <ABS_SEARCH_STRATEGY>
<P>For this update the Cochrane Peripheral Vascular Diseases Group searched their Specialised Register and the Cochrane Central Register of Controlled Trials (CENTRAL) (<I>The Cochrane Library </I>2009,<I> </I>Issue 4) for randomised controlled trials of elastic or graduated compression stockings for prevention of DVT.</P>
</ABS_SEARCH_STRATEGY>
    <ABS_SELECTION_CRITERIA>
<P>Randomised controlled trials (RCTs) involving GCS alone; or GCS used on a background of any other DVT prophylactic method.</P>
</ABS_SELECTION_CRITERIA>
    <ABS_DATA_COLLECTION>
<P>One author extracted the data, assessed the quality of trials and analysed the results; which were cross-checked and authenticated by a second author.</P>
</ABS_DATA_COLLECTION>
    <ABS_RESULTS>
<P>Eighteen RCTs were identified. GCS were applied on the day before surgery or on the day of surgery and were worn up until discharge or until the patients were fully mobile. In the majority of the included studies DVT was identified by the radioactive I<SUP>125</SUP> uptake test.</P>
<P>For GCS alone, eight RCTs were identified involving 1279 analytic units (887 patients). In the treatment group (GCS), of 662 units, 86 developed DVT (13%) in comparison to the control group (without GCS) of 617 units where 161 (26%) developed DVT. The Peto's odds ratio (OR) was 0.35 (95% confidence interval (CI) 0.26 to 0.47) with an overall effect favouring treatment with GCS (P &lt; 0.00001).<BR/>
<BR/>For GCS on a background of another prophylactic method, 10 RCTs were identified involving 1248 analytic units (576 patients). In the treatment group (GCS plus another method), of 621 units, 26 (4%) developed DVT, in the control group (the other method alone), of 627 units, 99 (16%) developed DVT (OR 0.25, 95% CI 0.17 to 0.36). The overall effect also favoured treatment with GCS on a background of another DVT prophylactic method (P &lt; 0.00001).<BR/>
</P>
</ABS_RESULTS>
    <ABS_CONCLUSIONS>
<P>GCS are effective in diminishing the risk of DVT in hospitalised patients. Data examination also suggests that GCS on a background of another method of prophylaxis is more effective than GCS on its own.</P>
</ABS_CONCLUSIONS>
  </ABSTRACT>
</DOC>
