<?xml version="1.0"?>
<DOC>
  <TITLE TRANSLATED="NO">Safety education of pedestrians for injury prevention</TITLE>
  <SUMMARY>
    <SUMMARY_TITLE>Pedestrian safety education for children can improve their knowledge and change their road crossing behaviour, but effects on injury are unknown</SUMMARY_TITLE>
    <SUMMARY_BODY>
<P>A major proportion of the people killed or seriously injured in road traffic crashes are pedestrians, and children are particularly vulnerable. Education programmes try to teach people how to cope with the road environment. Parents are sometimes used as educators. The review of trials (mostly in children) found that pedestrian safety education can improve children's road safety knowledge and their observed road crossing behaviour. Education may need to be repeated at regular intervals, as the effect can decline with time. However, whether these changes to knowledge or behaviour can be linked to a reduction in pedestrian deaths and injuries is unknown.</P>
</SUMMARY_BODY>
  </SUMMARY>
  <ABSTRACT>
    <ABS_BACKGROUND>
<P>Each year about one million people die and about 10 million are seriously injured on the world's roads. Educational measures to teach pedestrians how to cope with the traffic environment are considered to be an essential component of any prevention strategy, and pedestrian education has been recommended in many countries. However, as resources available for road safety are limited, a key question concerns the relative effectiveness of different prevention strategies.</P>
</ABS_BACKGROUND>
    <ABS_OBJECTIVES>
<P>To quantify the effectiveness of pedestrian safety education programmes in preventing pedestrian-motor vehicle collisions.</P>
</ABS_OBJECTIVES>
    <ABS_SEARCH_STRATEGY>
<P>We searched the Cochrane Injuries Group's Specialised Register, Cochrane Controlled Trials Register, TRANSPORT, MEDLINE, EMBASE, ERIC, PSYCHLIT, SPECTR, and the WHO database on the Internet. We checked reference lists of relevant reviews and papers and contacted experts in the field. Most database searching was conducted in 1999, and updated in May 2003.<BR/>
</P>
</ABS_SEARCH_STRATEGY>
    <ABS_SELECTION_CRITERIA>
<P>Randomised controlled trials of safety education programmes for pedestrians of all ages.</P>
</ABS_SELECTION_CRITERIA>
    <ABS_DATA_COLLECTION>
<P>One author screened records. Two authors independently extracted data and assessed methodological quality of trials. Because of differences in the types of interventions and outcome measures used in the trials, meta-analyses were not carried out.</P>
</ABS_DATA_COLLECTION>
    <ABS_RESULTS>
<P>We found 15 randomised-controlled trials of pedestrian safety education programmes, conducted between 1976 and 1997. The methodological quality of the included trials was generally poor. Allocation concealment was adequate in three trials, outcome assessment was blinded in eight, and in most of the studies large numbers of participants were lost to follow up. Study participants were children in 14 studies and institutionalised adults in one. Eight studies involved direct education of participants, seven used parents as educators. No trials were conducted in a developing country and there were none of pedestrian safety training in the elderly. None of the trials assessed the effect of pedestrian safety education on the occurrence of pedestrian injury, but six assessed the effect on observed behaviour. Some trials showed evidence of behavioural change following pedestrian safety education but it is difficult to predict what effect this might have on pedestrian injury risk.</P>
</ABS_RESULTS>
    <ABS_CONCLUSIONS>
<P>Pedestrian safety education can result in improvement in children's knowledge and can change observed road crossing behaviour, but whether this reduces the risk of pedestrian motor vehicle collision and injury occurrence is unknown. There is evidence that changes in safety knowledge and observed behaviour decline with time, suggesting that safety education must be repeated at regular intervals. </P>
</ABS_CONCLUSIONS>
  </ABSTRACT>
</DOC>
