<?xml version="1.0"?>
<DOC>
  <TITLE TRANSLATED="NO">Betamimetics for suspected impaired fetal growth</TITLE>
  <SUMMARY>
    <SUMMARY_TITLE>Betamimetics for suspected impaired fetal growth</SUMMARY_TITLE>
    <SUMMARY_BODY>
<P>Too little evidence to show whether betamimetic drugs for women during pregnancy benefits unborn babies who are smaller than expected.</P>
<P>Betamimetic drugs such as ritodrine relax muscles and help the body break down sugar found in fruit and meat (glucose) for energy. It has been thought that betamimetic drugs taken by mouth or injection by women who are more than 27 weeks' pregnant may improve the growth of unborn babies who are smaller than expected (impaired fetal growth). The review of two trials (118 women) has found too little evidence to show whether the unborn baby's growth improves when the mother takes betamimetic drugs. More research is needed into the short and long-term effects of betamimetic drugs on women and their babies.</P>
</SUMMARY_BODY>
  </SUMMARY>
  <ABSTRACT>
    <ABS_BACKGROUND>
<P>Betamimetic drugs may promote fetal growth by increasing the availability of nutrients and by decreasing vascular resistance. They may also induce adverse effects via their effects on carbohydrate metabolism. </P>
</ABS_BACKGROUND>
    <ABS_OBJECTIVES>
<P>The objective of this review was to assess the effects of betamimetic therapy for suspected impaired fetal growth on fetal growth and perinatal outcome.</P>
</ABS_OBJECTIVES>
    <ABS_SEARCH_STRATEGY>
<P>We searched the Cochrane Pregnancy and Childbirth Group's Trials Register (June 2009).</P>
</ABS_SEARCH_STRATEGY>
    <ABS_SELECTION_CRITERIA>
<P>Randomized trials of betamimetic therapy compared with no betamimetic therapy or placebo in women with suspected impaired fetal growth.</P>
</ABS_SELECTION_CRITERIA>
    <ABS_DATA_COLLECTION>
<P>Eligibility and trial quality was assessed.</P>
</ABS_DATA_COLLECTION>
    <ABS_RESULTS>
<P>Two studies of 118 women were included. No statistically significant differences were found between the betamimetic groups and the control groups for low birthweight (risk ratio 1.17, 95% confidence interval 0.75 to 1.83), other anthropometric measures or neonatal morbidity and mortality.</P>
</ABS_RESULTS>
    <ABS_CONCLUSIONS>
<P>Larger, well-designed studies are needed to evaluate the effects of betamimetics on fetal growth. Since there is potential for adverse effects due to the pharmacological characteristics of this group of drugs, data related to any potential harms should be collected in addition to beneficial effects.</P>
</ABS_CONCLUSIONS>
  </ABSTRACT>
</DOC>
