<?xml version="1.0"?>
<DOC>
  <TITLE TRANSLATED="NO">Surgery for cervical intraepithelial neoplasia</TITLE>
  <SUMMARY>
    <SUMMARY_TITLE>No clear evidence to show any one optimal surgical technique is superior for treating pre-cancerous cervix abnormalities</SUMMARY_TITLE>
    <SUMMARY_BODY>
<P>Cervical pre-cancer (cervical intraepithelial neoplasia) can be treated in different ways depending on the extent and nature of the disease. Less invasive treatments that do not require a hospital stay may be used. A general anaesthetic is occasionally needed, especially if the disease has spread locally, early invasion is suspected or previous out-patient treatment has failed. Surgery can be done with a knife, cryotherapy (freezing the abnormal cells), laser or cutting with a loop (an electrically charged wire). This review found there was not enough evidence to confidently select the most effective technique and that more research is needed.</P>
</SUMMARY_BODY>
  </SUMMARY>
  <ABSTRACT>
    <ABS_BACKGROUND>
<P>Cervical intraepithelial neoplasia (CIN) is the most common pre-malignant lesion. Atypical squamous changes occur in the transformation zone of the cervix with mild, moderate or severe changes described by their depth (CIN 1, 2 or 3). Cervical intraepithelial neoplasia is treated by local ablation or lower morbidity excision techniques. Choice of treatment depends on the grade and extent of the disease.</P>
</ABS_BACKGROUND>
    <ABS_OBJECTIVES>
<P>To assess the effectiveness and safety of alternative surgical treatments for CIN.</P>
</ABS_OBJECTIVES>
    <ABS_SEARCH_STRATEGY>
<P>We searched the Cochrane Gynaecological Cancer Group Trials Register, Cochrane Central Register of Controlled Trials (CENTRAL) (The Cochrane Library), MEDLINE and EMBASE (up to April 2009). We also searched registers of clinical trials, abstracts of scientific meetings and reference lists of included studies.</P>
</ABS_SEARCH_STRATEGY>
    <ABS_SELECTION_CRITERIA>
<P>Randomised controlled trials (RCTs) of alternative surgical treatments in women with cervical intraepithelial neoplasia.</P>
</ABS_SELECTION_CRITERIA>
    <ABS_DATA_COLLECTION>
<P>Two review authors independently abstracted data and assessed risks of bias. Risk ratios that compared residual disease after the follow-up examination and adverse events in women who received one of either laser ablation, laser conisation, large loop excision of the transformation zone (LLETZ), knife conisation or cryotherapy were pooled in random-effects model meta-analyses.</P>
</ABS_DATA_COLLECTION>
    <ABS_RESULTS>
<P>Twenty-nine trials were included. Seven surgical techniques were tested in various comparisons. No significant differences in treatment failures were demonstrated in terms of persistent disease after treatment. Large loop excision of the transformation zone appeared to provide the most reliable specimens for histology with the least morbidity. Morbidity was lower than with laser conisation, although the trials did not provide data for every outcome measure. There were not enough data to assess the effect on morbidity when compared with laser ablation.</P>
</ABS_RESULTS>
    <ABS_CONCLUSIONS>
<P>The evidence suggests that there is no obvious superior surgical technique for treating cervical intraepithelial neoplasia in terms of treatment failures or operative morbidity.</P>
</ABS_CONCLUSIONS>
  </ABSTRACT>
</DOC>
