<?xml version="1.0"?>
<DOC>
  <TITLE TRANSLATED="NO">Phenobarbital prior to preterm birth for preventing neonatal periventricular haemorrhage</TITLE>
  <SUMMARY>
    <SUMMARY_TITLE>Phenobarbital prior to preterm birth for preventing neonatal periventricular haemorrhage</SUMMARY_TITLE>
    <SUMMARY_BODY>
<P>Evidence does not support phenobarbital treatment to women giving birth before 34 weeks to decrease the risk of bleeding into the babies' brains.</P>
<P>Babies born very early (before 34 weeks) are at risk of bleeding in the brain (periventricular haemorrhage). This can be a cause of brain damage that might lead to disability including cerebral palsy. Phenobarbital may prevent injury to the brain by stabilising blood pressure and blood flow in the brain. Possible adverse effects of phenobarbital for the women include drowsiness, gastrointestinal upset and development of a rash.</P>
<P>Nine trials involving 1752 women were included in the review. The trials with low risk of bias found that phenobarbital given to women immediately prior to a very preterm birth did not decrease the risk of bleeding in the brains of the babies. No differences in child development were found on follow up at 18 to 24 months or at seven years.</P>
<P>Maternal sedation was more likely in women receiving phenobarbital. The use of prenatal corticosteroids, known to reduce rates of periventricular haemorrhage, varied between trials and may have influenced findings.</P>
</SUMMARY_BODY>
  </SUMMARY>
  <ABSTRACT>
    <ABS_BACKGROUND>
<P>Preterm infants are at risk of periventricular haemorrhage (PVH). Phenobarbital might prevent ischaemic injury or reduce fluctuations in blood pressure and blood flow in the brain.</P>
</ABS_BACKGROUND>
    <ABS_OBJECTIVES>
<P>To assess the benefits and harms of giving phenobarbital to women at risk of imminent very preterm birth with the primary aim of preventing PVH in the infant.</P>
</ABS_OBJECTIVES>
    <ABS_SEARCH_STRATEGY>
<P>We searched the Cochrane Pregnancy and Childbirth Group's Trials Register (20 December 2010).</P>
</ABS_SEARCH_STRATEGY>
    <ABS_SELECTION_CRITERIA>
<P>Randomised trials with reported data that compared neonatal and maternal outcomes following prenatal exposure to phenobarbital, with outcomes in controls with or without placebo.</P>
</ABS_SELECTION_CRITERIA>
    <ABS_DATA_COLLECTION>
<P>We independently assessed trial eligibility and quality and extracted data. We included eligible trials in the initial analysis and prespecified sensitivity analyses to evaluate the effect of trial quality.</P>
</ABS_DATA_COLLECTION>
    <ABS_RESULTS>
<P>Nine trials (1752 women) were included. Analyses of all included trials showed a significant reduction in the rates of all grades of PVH (risk ratio (RR) 0.65, 95% confidence interval (CI) 0.50 to 0.83; nine trials; 1591 women) and severe grades PVH (3 and 4) (RR 0.41, 95% CI 0.20 to 0.85; eight trials; 1527 women) in infants whose mothers had been given prenatal phenobarbital. These results were influenced by trials of poor quality which contributed excessive weight in the analysis due to their higher rates of severe PVH. When only the two higher quality trials were included, these beneficial effects disappeared for all grades of PVH (RR 0.90, 95% CI 0.75 to 1.08; two trials; 945 women), and severe grades of PVH (RR 1.05, 95% CI 0.60 to 1.83; two trials; 945 women).</P>
<P>No difference was found in the incidence of neurodevelopmental abnormalities at paediatric follow up at 18 to 24 months or seven years of age between children born to mothers given prenatal phenobarbital and children not so exposed.<BR/>
<BR/>Maternal sedation was more likely in women receiving phenobarbital (RR 2.06, 95% CI 1.79 to 2.37; one trial; 576 women).</P>
</ABS_RESULTS>
    <ABS_CONCLUSIONS>
<P>The evidence in this review does not support the use of prophylactic maternal phenobarbital administration to prevent PVH in preterm infants or to protect them from neurological disability in childhood. Phenobarbital administration may lead to maternal sedation. If any future trials are carried out, they should measure neurodevelopmental status at follow up.</P>
</ABS_CONCLUSIONS>
  </ABSTRACT>
</DOC>
