<?xml version="1.0"?>
<DOC>
  <TITLE TRANSLATED="NO">Chemotherapy for advanced ovarian cancer</TITLE>
  <SUMMARY>
    <SUMMARY_TITLE>Platinum-based chemotherapy shows small benefit over non-platinum for advanced ovarian cancer. Paclitaxel trials were not reviewed</SUMMARY_TITLE>
    <SUMMARY_BODY>
<P>Ovarian cancer is the seventh commonest female cancer worldwide. Single-drug or combination chemotherapy is used routinely to treat it. This review found a small benefit in platinum-based chemotherapy over non-platinum therapy. It also found that platinum combinations may offer improved survival over single platinum and that cisplatin and carboplatin are equally effective. The trials were done when paclitaxel (an effective new drug) was not used routinely. The results therefore, will need to be looked at in the light of new evidence from paclitaxel trials.</P>
</SUMMARY_BODY>
  </SUMMARY>
  <ABSTRACT>
    <ABS_BACKGROUND>
<P>Ovarian carcinoma is the seventh commonest female cancer worldwide and is responsible for the greatest number of deaths from gynaecological malignancy in Europe and North America. Although many studies have explored the use of chemotherapy in this disease, most individual trials have been too small to show clear benefit of any one type of chemotherapy. </P>
</ABS_BACKGROUND>
    <ABS_OBJECTIVES>
<P>The type and intensity of chemotherapy used routinely for women with advanced ovarian cancer has varied because of uncertainty about the effectiveness of the different regimens. The objective of this review was to compare single drugs versus combinations of drugs, platinum versus non-platinum, and carboplatin versus cisplatin-based chemotherapy in women with advanced ovarian cancer. </P>
</ABS_OBJECTIVES>
    <ABS_SEARCH_STRATEGY>
<P>We searched MEDLINE, and CancerLit bibliographic databases and the National Cancer Institute and the UK Co-ordinating Committee on Cancer Research registers of trials. We also handsearched the proceedings of meetings and contacted experts in the field and drug companies. </P>
</ABS_SEARCH_STRATEGY>
    <ABS_SELECTION_CRITERIA>
<P>Randomised trials of: <BR/>(1) single non-platinum versus non-platinum combination chemotherapy <BR/>(2) single non-platinum versus platinum combination chemotherapy <BR/>(3) non-platinum regimen versus the same regimen plus cisplatin <BR/>(4) single platinum versus platinum combination chemotherapy <BR/>(5) cisplatin versus carboplatin-based chemotherapy <BR/>in women with advanced ovarian cancer. </P>
</ABS_SELECTION_CRITERIA>
    <ABS_DATA_COLLECTION>
<P>Individual patient data were obtained from the trial investigators, checked by the reviewers and verified by the trial investigator. </P>
</ABS_DATA_COLLECTION>
    <ABS_RESULTS>
<P>Forty-nine trials involving 8763 women were included. The data were combined to calculate hazard ratios (HR) for survival on an intention-to-treat basis. For single non-platinum versus platinum combination chemotherapy the overall HR for survival was 0.93, 95% confidence interval (CI) 0.83 to1.05 favouring platinum-based combination chemotherapy. For non-platinum regimens compared with the same regimen plus cisplatin the survival HR was 0.88, 95% CI 0.79 to 0.98 in favour of adding platinum to drug regimens. Single platinum compared with platinum combination gave a HR of 0.91, 95% CI 0.79 to 1.05 favouring combination chemotherapy. Cisplatin versus carboplatin gave a HR of 1.02, 95% CI 0.93 to 1.12. Sub-group analyses for age, stage, grade, histology, resection, bulk of residual tumour and performance status were undertaken for cisplatin versus carboplatin only. No difference in effect was found. </P>
</ABS_RESULTS>
    <ABS_CONCLUSIONS>
<P>Available evidence, although not conclusive, suggests platinum-based chemotherapy is better than non-platinum therapy. There is some evidence that combination therapy improves survival compared with platinum alone. No difference in effect has been shown between cisplatin and carboplatin. </P>
</ABS_CONCLUSIONS>
  </ABSTRACT>
</DOC>
