<?xml version="1.0"?>
<DOC>
  <TITLE TRANSLATED="NO">Systemic treatments for metastatic cutaneous melanoma</TITLE>
  <SUMMARY>
    <SUMMARY_TITLE>Treatments for melanoma (an aggressive type of skin cancer) that has spread to other tissues.</SUMMARY_TITLE>
    <SUMMARY_BODY>
<P>There are no randomised trials comparing the effects of systemic therapies for metastatic cutaneous melanoma with best supportive care or placebo. Cutaneous melanoma is the most aggressive form of skin cancer. When it has spread (metastatic cutaneous melanoma), the prognosis is very poor. Current practice, based upon the results of non comparative studies, is to use different forms of chemotherapy (anti cancer drugs) as well as drugs that try to affect the immune system's response to the cancer. Combinations of these two types of therapy have improved the outcome in some forms of cancers, and are used for melanoma. However the review found no trials which compared the outcome of treatments, used alone or in combination, with the outcome of best supportive care or placebo.</P>
</SUMMARY_BODY>
  </SUMMARY>
  <ABSTRACT>
    <ABS_BACKGROUND>
<P>Systemic therapies for metastatic cutaneous melanoma, the most aggressive of all skin cancers, remain disappointing. Few lasting remissions are achieved and the therapeutic aim remains one of palliation.</P>
<P>Many agents are used alone or in combination with varying degrees of toxicity and cost. It is unclear whether evidence exists to support these complex regimens over best supportive care / placebo.</P>
</ABS_BACKGROUND>
    <ABS_OBJECTIVES>
<P>To review the benefits from the use of systemic therapies in metastatic cutaneous melanoma compared to best supportive care/placebo, and to establish whether a 'standard' therapy exists which is superior to other treatments.</P>
</ABS_OBJECTIVES>
    <ABS_SEARCH_STRATEGY>
<P>Randomised controlled trials were identified from the MEDLINE, EMBASE and CCTR/CENTRAL databases. References, conference proceedings, and Science Citation Index/Scisearch were also used to locate trials. Cancer registries and trialists were also contacted.</P>
</ABS_SEARCH_STRATEGY>
    <ABS_SELECTION_CRITERIA>
<P>Randomised controlled trials of adults with histologically proven metastatic cutaneous melanoma in which systemic anti-cancer therapy was compared with placebo or supportive care.</P>
</ABS_SELECTION_CRITERIA>
    <ABS_DATA_COLLECTION>
<P>Study selection was performed by two independent reviewers. Data extraction forms were used for studies which appeared to meet the selection criteria and, where appropriate, full text articles were retrieved and reviewed independently.</P>
</ABS_DATA_COLLECTION>
    <ABS_RESULTS>
<P>No randomised controlled trials were found comparing a systemic therapy with placebo or best supportive care in metastatic cutaneous melanoma.</P>
</ABS_RESULTS>
    <ABS_CONCLUSIONS>
<P>There is no evidence from randomised controlled clinical trials to show superiority of systemic therapy over best supportive care / placebo in the treatment of malignant cutaneous melanoma.<BR/>Given that patients with metastatic melanoma frequently receive systemic therapy, it is our pragmatic view that a future systematic review could compare any systemic treatment, or combination of treatments, to single agent dacarbazine.</P>
</ABS_CONCLUSIONS>
  </ABSTRACT>
</DOC>
