<?xml version="1.0"?>
<DOC>
  <TITLE TRANSLATED="NO">Mechanical bowel preparation for elective colorectal surgery</TITLE>
  <SUMMARY>
    <SUMMARY_TITLE>Mechanical bowel preparation for elective colorectal surgery may not improve outcome for patients</SUMMARY_TITLE>
    <SUMMARY_BODY>
<P>Until recently it was thought that vigorous preoperative mechanical cleansing of the bowel (mechanical bowel preparation), together with the use of oral antibiotics, reduced the risk of septic complications after non-emergency (elective) colorectal operations. Mechanical bowel preparation was performed routinely prior to colorectal surgery until 1972, when this procedure started to be questioned. Well designed clinical trials were published, and their results caused some colorectal surgeons to doubt this traditional belief.</P>
<P>This review has identified all known trials that compared any kind of mechanical bowel preparation with no preparation (<B>Comparison 1</B>) and mechanical bowel preparation with rectal enema (<B>Comparison 2</B>) in patients submitted to elective colorectal surgery.  Five new trials have been included in this third update of the review, bringing the total number of included trials to 18 (5805 participants). Analysis of these 18 trials showed no statistically significant differences in how well the three groups of patients (mechanical bowel preparation group, no preparation group and rectal enemas) did after surgery in terms of leakage at the surgical seam of the bowel ends, mortality rates, peritonitis, need for reoperation, wound infection, and other non-abdominal complications.  Consequently, there is no evidence that mechanical bowel preparation improves the outcome for patients. Further research on mechanical bowel preparation or enemas versus no preparation in patients submitted for elective rectal surgery and laparoscopic colorectal surgery is warranted.</P>
</SUMMARY_BODY>
  </SUMMARY>
  <ABSTRACT>
    <ABS_BACKGROUND>
<P>The presence of bowel contents during colorectal surgery has been related to anastomotic leakage, but the belief that mechanical bowel preparation (MBP) is an efficient agent against leakage and infectious complications is based on observational data and expert opinions only.</P>
<P>An enema before the rectal surgery to clean the rectum and facilitate the manipulation for the mechanical anastomosis is used for many surgeons. This is analysed separately</P>
</ABS_BACKGROUND>
    <ABS_OBJECTIVES>
<P>To determine the security and effectiveness of MBP on morbidity and mortality in colorectal surgery.</P>
</ABS_OBJECTIVES>
    <ABS_SEARCH_STRATEGY>
<P>Publications describing trials of MBP before elective colorectal surgery were sought through searches of MEDLINE, EMBASE, LILACS, IBECS and <I>The Cochrane Library</I>; by handsearching relevant medical journals and conference proceedings, and through personal communication with colleagues.</P>
<P>Searches were performed December 1, 2010.</P>
</ABS_SEARCH_STRATEGY>
    <ABS_SELECTION_CRITERIA>
<P>Randomised controlled trials (RCTs) including participants submitted for elective colorectal surgery. Eligible interventions included any type of MBP compared with no MBP. Primary outcomes included anastomosis leakage - both rectal and colonic - and combined figures. Secondary outcomes included mortality, peritonitis, reoperation, wound infection, extra-abdominal complications, and overall surgical site infections.</P>
</ABS_SELECTION_CRITERIA>
    <ABS_DATA_COLLECTION>
<P>Data were independently extracted and checked. The methodological quality of each trial was assessed. Details of randomisation, blinding, type of analysis, and number lost to follow up were recorded. For analysis, the Peto-Odds Ratio (OR) was used as the default (no statistical heterogeneity was observed).</P>
</ABS_DATA_COLLECTION>
    <ABS_RESULTS>
<P>At this update six trials and a new comparison (Mechanical bowel preparation versus enema) were added. Altogether eighteen trials were analysed, with 5805 participants; 2906 allocated to MBP (Group A), and 2899 to no preparation (Group B), before elective colorectal surgery.<BR/>
</P>
<P>For the comparison <B>Mechanical Bowel Preparation Versus No Mechanical Bowel Preparation</B> results were:</P>
<P>1. Anastomotic leakage for low anterior resection: 8.8% (38/431) of Group A, compared with 10.3% (43/415) of Group B; Peto OR 0.88 [0.55, 1.40].</P>
<P>2. Anastomotic leakage for colonic surgery: 3.0% (47/1559) of Group A, compared with 3.5% (56/1588) of Group B; Peto OR 0.85 [0.58, 1.26].</P>
<P>3. Overall anastomotic leakage: 4.4% (101/2275) of Group A, compared with 4.5% (103/2258) of Group B; Peto OR 0.99 [0.74, 1.31].</P>
<P>4. Wound infection: 9.6% (223/2305) of Group A, compared with 8.5% (196/2290) of Group B; Peto OR 1.16 [0.95, 1.42].</P>
<P>Sensitivity analyses did not produce any differences in overall results.</P>
<P>For the comparison <B>Mechanical Bowel Preparation (A) Versus Rectal Enema</B> <B>(B)</B> results were:</P>
<P>1. Anastomotic leakage after rectal surgery: 7.4% (8/107) of Group A, compared with 7.9% (7/88) of Group B; Peto OR 0.93 [0.34, 2.52].</P>
<P>2. Anastomotic leakage after colonic surgery: 4.0% (11/269) of Group A, compared with 2.0% (6/299) of Group B; Peto OR 2.15 [0.79, 5.84].</P>
<P>3. Overall anastomotic leakage: 4.4% (27/601) of Group A, compared with 3.4% (21/609) of Group B; Peto OR 1.32 [0.74, 2.36].</P>
<P>4. Wound infection: 9.9% (60/601) of Group A, compared with 8.0% (49/609) of Group B; Peto OR 1.26 [0.85, 1.88].</P>
</ABS_RESULTS>
    <ABS_CONCLUSIONS>
<P>Despite the inclusion of more studies with a total of 5805 participants, there is no statistically significant evidence that patients benefit from mechanical bowel preparation, nor the use of rectal enemas. In colonic surgery the bowel cleansing can be safely omitted and induces no lower complication rate. The few studies focused in rectal surgery suggested that mechanical bowel preparation could be used selectively, even though no significant effect was found. Further research on patients submitted for elective rectal surgery, below the peritoneal verge, in whom bowel continuity is restored, and studies with patients submitted to laparoscopic surgeries are still warranted.</P>
</ABS_CONCLUSIONS>
  </ABSTRACT>
</DOC>
