<?xml version="1.0"?>
<DOC>
  <TITLE TRANSLATED="NO">Mucolytic agents for chronic bronchitis or chronic obstructive pulmonary disease</TITLE>
  <SUMMARY>
    <SUMMARY_TITLE>Mucolytic agents for chronic bronchitis or chronic obstructive pulmonary disease</SUMMARY_TITLE>
    <SUMMARY_BODY>
<P>Mucolytics are a group of medications used in the treatment of people with chronic obstructive pulmonary disease (COPD) or chronic bronchitis. This review assessed how effective they were in these patients. Mucolytic medications are intended to break up or loosen sputum (or both) and make it easier to cough up. The review authors looked at 30 studies with a total of 7436 patients. The results showed that if the medication was taken on a regular basis there could be a small reduction in the number of exacerbations (worsening of disease/symptoms) experienced by the patient. The number was approximately one less patient exacerbating for every seven treated with a mucolytic over 10 months. However, the studies included in the review were a mix of small older ones and large newer ones with the newer ones not showing as much benefit. This fact reduces our confidence in the results found. The medicines appear to be safe and well-tolerated but they do not slow the worsening of lung function in people with COPD.</P>
</SUMMARY_BODY>
  </SUMMARY>
  <ABSTRACT>
    <ABS_BACKGROUND>
<P>Individuals with chronic bronchitis or chronic obstructive pulmonary disease (COPD) may suffer recurrent exacerbations with an increase in volume or purulence of sputum, or both. Because of the personal and healthcare costs associated with exacerbations, any therapy that reduces the number of exacerbations is useful. There is a marked difference among countries in terms of prescribing of mucolytics depending on whether or not they are perceived to be effective.</P>
</ABS_BACKGROUND>
    <ABS_OBJECTIVES>
<P>Primary objective: to determine if treatment with mucolytics reduces the frequency of exacerbations, days of disability, or both, in participants with chronic bronchitis or chronic obstructive pulmonary disease, or both.</P>
<P>Secondary objectives: to determine if mucolytics lead to an improvement in lung function or quality of life and to determine the frequency of adverse effects associated with mucolytics.</P>
</ABS_OBJECTIVES>
    <ABS_SEARCH_STRATEGY>
<P>We searched the Cochrane Airways Group Specialised Register and reference lists of articles on ten separate occasions, the most recent being in July 2012.</P>
</ABS_SEARCH_STRATEGY>
    <ABS_SELECTION_CRITERIA>
<P>We included randomised studies that compared oral mucolytic therapy with placebo for at least two months in adults with chronic bronchitis or COPD. We excluded studies of people with asthma and cystic fibrosis.</P>
</ABS_SELECTION_CRITERIA>
    <ABS_DATA_COLLECTION>
<P>The review analysed summary data only, the majority from published studies. For earlier versions, one author extracted data, which was rechecked in subsequent updates. In later versions, we double-checked data extraction. We then entered data into RevMan for analysis.</P>
</ABS_DATA_COLLECTION>
    <ABS_RESULTS>
<P>Two further trials have been added to the review for the 2012 update. There are now 30 trials in the review, recruiting a total of 7436 participants. Allocation concealment was not clearly described in the early trials, and selection bias may have inflated the results, which reduces our confidence in the findings of these trials.</P>
<P>The likelihood of being exacerbation-free during the study period (22 trials in 4886 participants with a mean duration of 10 months) was greater in the mucolytic group for the double-blind trials (Peto odds ratio (OR) 1.84; 95% confidence interval (CI) 1.63 to 2.07). However, the more recent trials show less benefit of treatment than the earlier trials included in this review. The overall number needed to treat with mucolytics to keep an additional participant free from exacerbations over 10 months was seven (NNTB 7; 95% CI 6 to 9). The use of mucolytics was associated with a reduction of 0.04 exacerbations per participant per month (95% CI -0.04 to -0.03) compared with placebo; that is about 0.48 per year, or one exacerbation every two years. There was very high heterogeneity in this outcome (I<SUP>2</SUP> = 87%) so results need to be interpreted with caution.</P>
<P>The number of days of disability per month also fell (mean difference (MD) -0.48; 95% CI -0.65 to -0.30) in 12 trials on 2305 participants. There was no clinically important improvement in lung function or consistent impact on quality of life with mucolytics. Mucolytic treatment was not associated with any significant increase in adverse effects, including mortality (Peto OR 0.75; 95% CI 0.35 to 1.64) in six trials on 1821 participants.</P>
</ABS_RESULTS>
    <ABS_CONCLUSIONS>
<P>In participants with chronic bronchitis or COPD, treatment with a mucolytic may produce a small reduction in acute exacerbations, but may have little or no effect on the overall quality of life. The effects on exacerbations shown in early trials were larger than those found in the more recent studies. This may be because the earlier smaller trials were at higher risk of selection or publication bias, so the benefits of treatment may not be as large as suggested by the previous evidence.<BR/>
</P>
</ABS_CONCLUSIONS>
  </ABSTRACT>
</DOC>
