<?xml version="1.0"?>
<DOC>
  <TITLE TRANSLATED="NO">Hypnotherapy for smoking cessation</TITLE>
  <SUMMARY>
    <SUMMARY_TITLE>Does hypnotherapy help people who are trying to stop smoking</SUMMARY_TITLE>
    <SUMMARY_BODY>
<P>Different types of hypnotherapy are used to try and help people quit smoking. Some methods try to weaken people's desire to smoke, strengthen their will to quit, or help them concentrate on a 'quit programme'. Trials have used different types and amounts of hypnotherapy and compared them with different control conditions, including no treatment, brief advice, or smoking cessation counselling. Although it is possible that hypnotherapy could be as effective as counselling treatment there is not enough good evidence to be certain of this.</P>
</SUMMARY_BODY>
  </SUMMARY>
  <ABSTRACT>
    <ABS_BACKGROUND>
<P>Hypnotherapy is widely promoted as a method for aiding smoking cessation. It is proposed to act on underlying impulses to weaken the desire to smoke or strengthen the will to stop. </P>
</ABS_BACKGROUND>
    <ABS_OBJECTIVES>
<P>To evaluate the efficacy of hypnotherapy for smoking cessation.</P>
</ABS_OBJECTIVES>
    <ABS_SEARCH_STRATEGY>
<P>We searched the Cochrane Tobacco Addiction Group Specialized Register and the databases MEDLINE, EMBASE, AMED, SCI, SSCI using the terms smoking cessation and hypnotherapy or hypnosis. Date of most recent searches July 2010. There were no language restrictions.</P>
</ABS_SEARCH_STRATEGY>
    <ABS_SELECTION_CRITERIA>
<P>We considered randomized controlled trials of hypnotherapy which reported smoking cessation rates at least six months after the beginning of treatment.</P>
</ABS_SELECTION_CRITERIA>
    <ABS_DATA_COLLECTION>
<P>Three authors independently extracted data on participant characteristics, the type and duration of the hypnotherapy, the nature of the control group, smoking status, method of randomization, and completeness of follow up. They also independently assessed the quality of the included studies.</P>
<P>The main outcome measure was abstinence from smoking after at least six months follow up. We used the most rigorous definition of abstinence in each trial, and biochemically validated rates where available. Those lost to follow up were considered to be smoking. We summarised effects as risk ratios (RR). Where possible, we performed meta-analysis using a fixed-effect model. We also noted any adverse events reported.</P>
</ABS_DATA_COLLECTION>
    <ABS_RESULTS>
<P>Eleven studies compared hypnotherapy with 18 different control interventions. There was significant heterogeneity between the results of the individual studies, with conflicting results for the effectiveness of hypnotherapy compared to no treatment, or to advice, or psychological treatment. We did not attempt to calculate pooled risk ratios for the overall effect of hypnotherapy. There was no evidence of a greater effect of hypnotherapy when compared to rapid smoking or psychological treatment. Direct comparisons of hypnotherapy with cessation treatments considered to be effective had confidence intervals that were too wide to infer equivalence.</P>
</ABS_RESULTS>
    <ABS_CONCLUSIONS>
<P>We have not shown that hypnotherapy has a greater effect on six-month quit rates than other interventions or no treatment. There is not enough evidence to show whether hypnotherapy could be as effective as counselling treatment. The effects of hypnotherapy on smoking cessation claimed by uncontrolled studies were not confirmed by analysis of randomized controlled trials.</P>
</ABS_CONCLUSIONS>
  </ABSTRACT>
</DOC>
