<?xml version="1.0"?>
<DOC>
  <TITLE TRANSLATED="NO">Percutaneous transluminal angioplasty and stenting for vertebral artery stenosis</TITLE>
  <SUMMARY>
    <SUMMARY_TITLE>Percutaneous transluminal angioplasty and stenting for vertebral artery stenosis</SUMMARY_TITLE>
    <SUMMARY_BODY>
<P>Currently there is insufficient evidence to support the use of endovascular treatment for vertebral artery stenosis in routine clinical practice. The vertebral arteries supply blood to the back of the brain and if narrowing (stenosis) of the artery occurs there is a risk of causing stroke. Because of difficulty accessing the vertebral artery, standard treatment has been conservative in most centres. The narrowing can also be treated by percutaneous transluminal balloon angioplasty. This involves passing a fine tube (catheter) through the skin (percutaneously) in to the arterial system. The catheter has a small balloon at its tip. The catheter is moved through the arterial system until the balloon reaches the point of arterial narrowing in the vertebral artery. The balloon is briefly inflated which stretches the artery (angioplasty) to reduce the degree of narrowing. Sometimes a device known as a stent is then placed inside the artery to prevent it narrowing again after the angioplasty. Angioplasty and stenting are called endovascular treatment. This review found results from one arm of a trial only involving a very small number of patients. The results suggest that endovascular treatment can be carried out with a high degree of technical success at the time of treatment but there is insufficient evidence to determine whether the risk benefit ratio favours endovascular intervention over conservative management. Randomised trials need to be designed to determine whether the endovascular treatment is more successful than conservative treatment at reducing the long term risk of stroke or death.</P>
</SUMMARY_BODY>
  </SUMMARY>
  <ABSTRACT>
    <ABS_BACKGROUND>
<P>Surgery for vertebral artery stenosis is technically difficult, potentially hazardous and is not considered in most centres. There is growing evidence from case series that vertebral artery stenosis may be treated endovascularly by percutaneous transluminal angioplasty and stenting. This may be a feasible alternative to surgery to relieve symptoms caused by significant stenosis.</P>
</ABS_BACKGROUND>
    <ABS_OBJECTIVES>
<P>To assess the safety and efficacy of vertebral artery percutaneous transluminal angioplasty, with or without stenting, combined with medical care, compared to medical care alone, in patients with vertebral artery stenosis.</P>
</ABS_OBJECTIVES>
    <ABS_SEARCH_STRATEGY>
<P>We searched the Cochrane Stroke Group's trials register (last searched 28 July 2004), the Cochrane Central Register of Controlled Trials (<I>The Cochrane Library </I>Issue 3, 2002), MEDLINE (1966 to July 2004), EMBASE (1980 to July 2004), and Science Citation Index (1981 to July 2004). We contacted researchers in the field, and balloon catheter and stent manufacturers.</P>
</ABS_SEARCH_STRATEGY>
    <ABS_SELECTION_CRITERIA>
<P>Randomised trials of endovascular treatment of vertebral artery stenosis combined with best medical therapy, compared with best medical therapy alone, in patients with symptomatic or asymptomatic vertebral artery stenosis.</P>
</ABS_SELECTION_CRITERIA>
    <ABS_DATA_COLLECTION>
<P>Two review authors independently applied the inclusion criteria, extracted data and assessed trial quality.</P>
</ABS_DATA_COLLECTION>
    <ABS_RESULTS>
<P>One completed randomised trial was found. In one subgroup of this trial, 16 patients with symptomatic severe vertebral artery stenosis were randomised to endovascular treatment (eight patients) or medical treatment alone (eight patients). There were no strokes in any arterial territory or deaths from any cause in either group within 30 days of treatment (endovascular group) or 30 days of randomisation (medical group). In the endovascular group, two patients had a posterior circulation transient ischaemic attack at the time of the procedure. In the endovascular group, the mean vessel stenosis at follow up was 47% (range 0% to 80%). Patients were followed up for a mean of 4.5 years in the endovascular group and 4.9 years in the medical group. There were no further vertebrobasilar territory strokes in either group for the duration of follow up. Morbidity and mortality was related to carotid and coronary artery disease in this study.<BR/>
</P>
</ABS_RESULTS>
    <ABS_CONCLUSIONS>
<P>There is currently insufficient evidence to assess the effects of percutaneous transluminal angioplasty with or without stenting or primary stenting for vertebral artery stenosis.</P>
</ABS_CONCLUSIONS>
  </ABSTRACT>
</DOC>
