<?xml version="1.0"?>
<DOC>
  <TITLE TRANSLATED="NO">Interventions for encouraging sexual behaviours intended to prevent cervical cancer</TITLE>
  <SUMMARY>
    <SUMMARY_TITLE>Interventions for encouraging sexual behaviours intended to prevent cervical cancer</SUMMARY_TITLE>
    <SUMMARY_BODY>
<P>Young women are at high risk of contracting sexually transmitted infections (STIs), including types of human papillomavirus (HPV) that can cause cervical cancer. High rates of STIs among young people highlight a need for effective strategies to prevent the spread of infections. Although behavioural approaches (e.g. using condoms consistently) could protect against STIs and cervical cancer, there is a lack of evidence on which strategies would be most effective in practice. This systematic literature review was conducted to identify which types of behavioural strategy have been tested and to assess their effectiveness.</P>
<P>Eight electronic bibliographic databases were searched up to the end of 2009. To be considered relevant, studies had to use a randomised controlled trial (RCTs) design; include young women up to the age of 25 years; report one or more behavioural interventions that aimed to prevent STIs or cervical cancer; and record outcomes which were either behavioural (e.g. condom use) or biological (incidence of STIs or cervical cancer).</P>
<P>Searches identified 5271 bibliographic records. Screening the records independently by two review authors identified 23 relevant randomised controlled trials (RCTs). The trials were mostly conducted in the USA (21 trials) and in health-care (e.g. family planning) clinics (14 trials), with only four in educational settings. Trial participants had mixed socio-economic and demographic characteristics and most were sexually experienced. The interventions mostly provided information about STIs and taught safer sex skills (e.g. communication with partners), occasionally supplemented with provision of resources (e.g. free sexual health services). Interventions varied considerably in duration, contact time, provider, behavioural aims and outcomes. A variety of STIs were addressed including HIV and chlamydia, but not explicitly HPV.</P>
<P>The most common behavioural outcome (measured in 19 trials) was condom use for vaginal intercourse. Sexual partners, sexual abstinence and STIs were reported in four, two and 12 trials respectively. In terms of statistically significant effects, some interventions improved condom-related behaviour and reduced the number of sexual partners, but none affected the frequency of sexual episodes. Effects of interventions on STIs were limited. None of the interventions appeared to be harmful. The methods used in the trials were not always well described making it difficult to tell whether their results may have been biased. In conclusion, although some behavioural interventions improve condom-related behaviour, trials have been predominantly in USA healthcare settings, did not specifically address HPV and were too different to enable a most effective type of intervention to be identified.</P>
</SUMMARY_BODY>
  </SUMMARY>
  <ABSTRACT>
    <ABS_BACKGROUND>
<P>Human papillomavirus (HPV) is the key risk factor for cervical cancer. Continuing high rates of HPV and other sexually transmitted infections (STIs) in young people demonstrate the need for effective behavioural interventions.</P>
</ABS_BACKGROUND>
    <ABS_OBJECTIVES>
<P>To assess the effectiveness of behavioural interventions for young women to encourage safer sexual behaviours to prevent transmission of STIs (including HPV) and cervical cancer. </P>
</ABS_OBJECTIVES>
    <ABS_SEARCH_STRATEGY>
<P>Systematic literature searches were performed on the following databases: Cochrane Central Register of Controlled Trials (CENTRAL Issue 4, 2009) Cochrane Gynaecological Cancer Review Group (CGCRG) Specialised Register, MEDLINE, EMBASE, CINAHL, PsychINFO, Social Science Citation Index and Trials Register of Promoting Health Interventions (TRoPHI) up to the end of 2009. All references were screened for inclusion against selection criteria.</P>
</ABS_SEARCH_STRATEGY>
    <ABS_SELECTION_CRITERIA>
<P>Randomised controlled trials (RCTs) of behavioural interventions for young women up to the age of 25 years that included, amongst other things, information provision about the transmission and prevention of STIs. Trials had to measure behavioural outcomes (e.g. condom use) and/or biological outcomes (e.g. incidence of STIs, cervical cancer).</P>
</ABS_SELECTION_CRITERIA>
    <ABS_DATA_COLLECTION>
<P>A narrative synthesis was conducted. Meta-analysis was not considered appropriate due to heterogeneity between the interventions and trial populations.</P>
</ABS_DATA_COLLECTION>
    <ABS_RESULTS>
<P>A total of 5271 references were screened and of these 23 RCTs met the inclusion criteria. Most were conducted in the USA and in health-care clinics (e.g. family planning).</P>
<P>The majority of interventions provided information about STIs and taught safer sex skills (e.g. communication), occasionally supplemented with provision of resources (e.g. free sexual health services). They were heterogeneous in duration, contact time, provider, behavioural aims and outcomes. A variety of STIs were addressed including HIV and chlamydia. None of the trials explicitly mentioned HPV or cervical cancer prevention.</P>
<P>Statistically significant effects for behavioural outcomes (e.g. increasing condom use) were common, though not universal and varied according to the type of outcome. There were no statistically significant effects of abstaining from or reducing sexual activity. There were few statistically significant effects on biological (STI) outcomes. Considerable uncertainty exists in the risk of bias due to incomplete or ambiguous reporting.</P>
</ABS_RESULTS>
    <ABS_CONCLUSIONS>
<P>Behavioural interventions for young women which aim to promote sexual behaviours protective of STI transmission can be effective, primarily at encouraging condom use. Future evaluations should include a greater focus on HPV and its link to cervical cancer, with long-term follow-up to assess impact on behaviour change, rates of HPV infection and progression to cervical cancer. Studies should use an RCT design where possible with integral process evaluation and cost-effectiveness analysis where appropriate. Given the predominance of USA studies in this systematic review evaluations conducted in other countries would be particularly useful.</P>
</ABS_CONCLUSIONS>
  </ABSTRACT>
</DOC>
