<?xml version="1.0"?>
<DOC>
  <TITLE TRANSLATED="NO">Planned hospital birth versus planned home birth</TITLE>
  <SUMMARY>
    <SUMMARY_TITLE>Benefits and harms of planned hospital birth compared with planned home birth for low-risk pregnant women</SUMMARY_TITLE>
    <SUMMARY_BODY>
<P>Most pregnancies among healthy women are normal, and most births could take place without unnecessary medical intervention. However, it is not possible to predict with certainty that absolutely no complications will occur in the course of a birth. Thus, in many countries it is believed that the safest option for all women is to give birth at hospital. In a few countries it is believed that as long as the woman is followed during pregnancy and assisted by a midwife during birth, transfer between home and hospital, if needed, is uncomplicated. In these countries home birth is an integrated part of maternity care. It seems increasingly clear that impatience and easy access to many medical procedures at hospital may lead to increased levels of intervention which in turn may lead to new interventions and finally to unnecessary complications. In a planned home birth assisted by an experienced midwife with collaborative medical back up in case transfer should be necessary these drawbacks are avoided while the benefit of access to medical intervention when needed is maintained. Increasingly better observational studies suggest that planned hospital birth is not any safer than planned home birth assisted by an experienced midwife with collaborative medical back up, but may lead to more interventions and more complications. However, there is no strong evidence from randomised trials to favour either planned hospital birth or planned home birth for low-risk pregnant women. Only two very small randomised trials have been performed. Only one trial (involving 11 women) contributed data to the review. They did not allow conclusions to be drawn except that women living in areas where they are not well informed about home birth may welcome ethically well-designed trials that would ensure an informed choice.<BR/>
</P>
</SUMMARY_BODY>
  </SUMMARY>
  <ABSTRACT>
    <ABS_BACKGROUND>
<P>Observational studies of increasingly better quality and in different settings suggest that planned home birth in many places can be as safe as planned hospital birth and with less intervention and fewer complications. This is an update of a Cochrane review first published in 1998.<BR/>
</P>
</ABS_BACKGROUND>
    <ABS_OBJECTIVES>
<P>To assess the effects of planned hospital birth compared with planned home birth in selected low-risk women, assisted by an experienced midwife with collaborative medical back up in case transfer should be necessary.</P>
</ABS_OBJECTIVES>
    <ABS_SEARCH_STRATEGY>
<P>We searched the Cochrane Pregnancy and Childbirth Group's Trials Register (30 March 2012) and contacted editors and authors involved with possible trials.</P>
</ABS_SEARCH_STRATEGY>
    <ABS_SELECTION_CRITERIA>
<P>Randomised controlled trials comparing planned hospital birth with planned home birth in low-risk women as described in the objectives.<BR/>
</P>
</ABS_SELECTION_CRITERIA>
    <ABS_DATA_COLLECTION>
<P>The two review authors as independently as possible assessed trial quality and extracted data. We contacted study authors for additional information.<BR/>
</P>
</ABS_DATA_COLLECTION>
    <ABS_RESULTS>
<P>Two trials met the inclusion criteria but only one trial involving 11 women provided some outcome data and was included. The evidence from this trial was of moderate quality and too small to allow conclusions to be drawn.</P>
</ABS_RESULTS>
    <ABS_CONCLUSIONS>
<P>There is no strong evidence from randomised trials to favour either planned hospital birth or planned home birth for low-risk pregnant women. However, the trials show that women living in areas where they are not well informed about home birth may welcome ethically well-designed trials that would ensure an informed choice. As the quality of evidence in favour of home birth from observational studies seems to be steadily increasing, it might be as important to prepare a regularly updated systematic review including observational studies as described in the <I>Cochrane Handbook for Systematic Reviews of Interventions</I> as to attempt to set up new randomised controlled trials.</P>
</ABS_CONCLUSIONS>
  </ABSTRACT>
</DOC>
