<?xml version="1.0"?>
<DOC>
  <TITLE TRANSLATED="NO">Cyclosporine for treating rheumatoid arthritis</TITLE>
  <SUMMARY>
    <SUMMARY_TITLE>Cyclosporine for treating rheumatoid arthritis</SUMMARY_TITLE>
    <SUMMARY_BODY>
<P>This review included three trials with a total of 318 patients. A statistically significant decrease in the number of tender and swollen joints was found for patients taking cyclosporine when compared to those taking placebo. Significant improvements in pain and function were also found for those patients taking cyclosporine. More side effects occurred in the cyclosporine group compared to the placebo group.</P>
<P>Cyclosporine has an important clinical benefit in the short-term (up to one year) treatment of patients with progressive rheumatoid arthritis.</P>
</SUMMARY_BODY>
  </SUMMARY>
  <ABSTRACT>
    <ABS_BACKGROUND>
<P>Rheumatoid arthritis (RA) is an autoimmune disease characterized by an activation of T lymphocyte and an increase in interleukine turnover. In RA, cyclosporine is known to be efficient as a Disease Modifying Anti-Rheumatic Agent (DMARD), especially when other treatments such as injectable gold, D-penicillamine or anti-malarials were not efficacious.<BR/> </P>
</ABS_BACKGROUND>
    <ABS_OBJECTIVES>
<P>To estimate the short-term (up to one year) effects of cyclosporine for rheumatoid arthritis.</P>
</ABS_OBJECTIVES>
    <ABS_SEARCH_STRATEGY>
<P>We searched the Cochrane Musculoskeletal Group trials register, and MEDLINE, up to 1997, using the search strategy developed by the Cochrane Collaboration (Dickersin 1994). The search was complemented with bibliography searching of the reference list of the trials retrieved from the electronic search. Key experts in the area were contacted for further published and unpublished articles.</P>
</ABS_SEARCH_STRATEGY>
    <ABS_SELECTION_CRITERIA>
<P>All randomized clinical trials (RCTs) and controlled clinical trials (CCTs) comparing cyclosporine against placebo in patients with rheumatoid arthritis.</P>
</ABS_SELECTION_CRITERIA>
    <ABS_DATA_COLLECTION>
<P>Two reviewers determined the trials to be included based on inclusion and exclusion criteria (GW, MSA). Data were independently abstracted by two reviewers (DH, GW),and checked by a third reviewer (BS) using a pre-developed form for the rheumatoid arthritis sub-group of the Cochrane Musculoskeletal Group. </P>
<P>Methodological quality of the RCTs and CCTs was assessed by two reviewers (BS, DH). Rheumatoid arthritis outcome measures were extracted from the publications for change from baseline endpoints. Sufficient data were obtained to include in the pooled analysis the number of swollen joints, physician global assessment, patient global assessment and erythrocyte sedimentation rate (ESR).</P>
</ABS_DATA_COLLECTION>
    <ABS_RESULTS>
<P>Three trials and 318 patients were included. A statistically significant decrease in the number of tender and swollen joints was observed for cyclosporine when compared to placebo. The standardized mean difference (SMD) for the change in the number of swollen joints was -0.969. Significant improvements in pain and the functional index were also found for cyclosporine. More side effects occurred in the cyclosporine group compared to placebo.</P>
</ABS_RESULTS>
    <ABS_CONCLUSIONS>
<P>Cyclosporine has an important clinical benefit in the short-term (up to one year) treatment of patients with progressive rheumatoid arthritis.</P>
</ABS_CONCLUSIONS>
  </ABSTRACT>
</DOC>
