<?xml version="1.0"?>
<DOC>
  <TITLE TRANSLATED="NO">Audit and feedback: effects on professional practice and health care outcomes</TITLE>
  <SUMMARY>
    <SUMMARY_TITLE>Audit and feedback: effects on professional practice and health care outcomes</SUMMARY_TITLE>
    <SUMMARY_BODY>
<P>Providing healthcare professionals with data about their performance (audit and feedback) may help improve their practice.<BR/>Audit and feedback can improve professional practice, but the effects are variable. When it is effective, the effects are generally small to moderate. The results of this review do not support mandatory or unevaluated use of audit and feedback as an intervention to change practice.</P>
</SUMMARY_BODY>
  </SUMMARY>
  <ABSTRACT>
    <ABS_BACKGROUND>
<P>Audit and feedback continues to be widely used as a strategy to improve professional practice. It appears logical that healthcare professionals would be prompted to modify their practice if given feedback that their clinical practice was inconsistent with that of their peers or accepted guidelines. Yet, audit and feedback has not consistently been found to be effective.</P>
</ABS_BACKGROUND>
    <ABS_OBJECTIVES>
<P>To assess the effects of audit and feedback on the practice of healthcare professionals and patient outcomes.</P>
</ABS_OBJECTIVES>
    <ABS_SEARCH_STRATEGY>
<P>We searched the Cochrane Effective Practice and Organisation of Care Group's register and pending file up to January 2004.</P>
</ABS_SEARCH_STRATEGY>
    <ABS_SELECTION_CRITERIA>
<P>Randomised trials of audit and feedback (defined as any summary of clinical performance over a specified period of time) that reported objectively measured professional practice in a healthcare setting or healthcare outcomes.</P>
</ABS_SELECTION_CRITERIA>
    <ABS_DATA_COLLECTION>
<P>Two reviewers independently extracted data and assessed study quality. Quantitative (meta-regression), visual and qualitative analyses were undertaken. For each comparison we calculated the risk difference (RD) and risk ratio (RR), adjusted for baseline compliance when possible, for dichotomous outcomes and the percentage and the percent change relative to the control group average after the intervention, adjusted for baseline performance when possible, for continuous outcomes. We investigated the following factors as possible explanations for the variation in the effectiveness of interventions across comparisons: the type of intervention (audit and feedback alone, audit and feedback with educational meetings, or multifaceted interventions that included audit and feedback), the intensity of the audit and feedback, the complexity of the targeted behaviour, the seriousness of the outcome, baseline compliance and study quality.</P>
</ABS_DATA_COLLECTION>
    <ABS_RESULTS>
<P>Thirty new studies were added to this update, and a total of 118 studies are included. In the primary analysis 88 comparisons from 72 studies were included that compared any intervention in which audit and feedback is a component compared to no intervention. For dichotomous outcomes the adjusted risk difference of compliance with desired practice varied from - 0.16 (a 16 % absolute decrease in compliance) to 0.70 (a 70% increase in compliance) (median = 0.05, inter-quartile range = 0.03 to 0.11) and the adjusted risk ratio varied from 0.71 to 18.3 (median = 1.08, inter-quartile range = 0.99 to 1.30). For continuous outcomes the adjusted percent change relative to control varied from -0.10 (a 10 % absolute decrease in compliance) to 0.68 (a 68% increase in compliance) (median = 0.16, inter-quartile range = 0.05 to 0.37). Low baseline compliance with recommended practice and higher intensity of audit and feedback were associated with larger adjusted risk ratios (greater effectiveness) across studies.</P>
</ABS_RESULTS>
    <ABS_CONCLUSIONS>
<P>Audit and feedback can be effective in improving professional practice. When it is effective, the effects are generally small to moderate. The relative effectiveness of audit and feedback is likely to be greater when baseline adherence to recommended practice is low and when feedback is delivered more intensively. </P>
</ABS_CONCLUSIONS>
  </ABSTRACT>
</DOC>
