<?xml version="1.0"?>
<DOC>
  <TITLE TRANSLATED="NO">Gastro-oesophageal reflux treatment for asthma in adults and children</TITLE>
  <SUMMARY>
    <SUMMARY_TITLE>Gastro-oesophageal reflux treatment for asthma in adults and children</SUMMARY_TITLE>
    <SUMMARY_BODY>
<P>People with asthma also often have gastro-oesophageal reflux (where acid from the stomach comes back up the gullet (esophagus)). Reflux is very common in people with asthma. It may be a trigger for asthma, or alternatively, asthma may trigger reflux. Treatments that can help reflux include antacids and drugs to suppress stomach acids or empty the stomach. This review of trials found that using reflux treatments does not generally help ease asthma symptoms. While asthma may be improved in some people, it was not possible to predict who might benefit.</P>
</SUMMARY_BODY>
  </SUMMARY>
  <ABSTRACT>
    <ABS_BACKGROUND>
<P>Asthma and gastro-oesophageal reflux are both common medical conditions and often co-exist. Studies have shown conflicting results concerning the effects of lower oesophageal acidification as a trigger of asthma. Furthermore, asthma might precipitate gastro-oesophageal reflux. Thus a temporal association between the two does not establish that gastro-oesophageal reflux triggers asthma. Randomised trials of a number of treatments for gastro-oesophageal reflux in asthma have been conducted to determine whether treatment of reflux improves asthma. </P>
</ABS_BACKGROUND>
    <ABS_OBJECTIVES>
<P>The objective of this review was to evaluate the effectiveness of treatments for gastro-oesophageal reflux in terms of their benefit on asthma.</P>
</ABS_OBJECTIVES>
    <ABS_SEARCH_STRATEGY>
<P>The Cochrane Airways Group trials register, review articles and reference lists of articles were searched.</P>
</ABS_SEARCH_STRATEGY>
    <ABS_SELECTION_CRITERIA>
<P>Randomised controlled trials of treatment for oesophageal reflux in adults and children with a diagnosis of both asthma and gastro-oesophageal reflux.</P>
</ABS_SELECTION_CRITERIA>
    <ABS_DATA_COLLECTION>
<P>Trial quality and data extraction were carried out by two independent reviewers. Authors were contacted for confirmation or more data.</P>
</ABS_DATA_COLLECTION>
    <ABS_RESULTS>
<P>Twelve trials met the inclusion criteria. Interventions included proton pump inhibitors (n=6), histamine antagonists (n=5), surgery (n=1) and conservative management (n=1). Treatment duration ranged from 1 week to 6 months. A temporal association between asthma and gastro-oesophageal reflux was investigated in 4 trials and found to be present in a proportion of participants in these trials. Anti-reflux treatment did not consistently improve lung function, asthma symptoms, nocturnal asthma or the use of asthma medications.</P>
</ABS_RESULTS>
    <ABS_CONCLUSIONS>
<P>In asthmatic subjects with gastro-oesophageal reflux, (but who were not recruited specifically on the basis of reflux-associated respiratory symptoms), there was no overall improvement in asthma following treatment for gastro-oesophageal reflux. Subgroups of patients may gain benefit, but it appears difficult to predict responders.</P>
</ABS_CONCLUSIONS>
  </ABSTRACT>
</DOC>
