<?xml version="1.0"?>
<DOC>
  <TITLE TRANSLATED="NO">Adjuvant progestagens for endometrial cancer</TITLE>
  <SUMMARY>
    <SUMMARY_TITLE>No evidence to support use of adjuvant progestagens to prevent recurrence of endometrial cancer after surgery</SUMMARY_TITLE>
    <SUMMARY_BODY>
<P>Endometrial (womb) cancer is the most common genital tract cancer in developed countries. Progestagen (a hormone) therapy is sometimes used following initial surgery to reduce the risk of recurrence. However, progestagens have been found to reduce one of the protective factors against heart disease and may also make tumours more resistant to radiotherapy. This review found no evidence to support the use of progestagen as an addition to surgery for newly diagnosed endometrial cancer. Progestagen can, however, prevent or delay recurrence of cancer in some patients.</P>
</SUMMARY_BODY>
  </SUMMARY>
  <ABSTRACT>
    <ABS_BACKGROUND>
<P>Endometrial cancer is the most common genital tract carcinoma among women in developed countries, with most women presenting with stage 1 disease. Adjuvant progestagen therapy has been advocated following primary surgery to reduce the risk of recurrence of disease.</P>
</ABS_BACKGROUND>
    <ABS_OBJECTIVES>
<P>To evaluate the effectiveness and safety of adjuvant progestagen therapy for the treatment of endometrial cancer.</P>
</ABS_OBJECTIVES>
    <ABS_SEARCH_STRATEGY>
<P>We searched the Cochrane Gynaecological Cancer Group Trials Specilaised Register, Cochrane Central Register of Controlled Trials (CENTRAL) Issue 2, 2009. MEDLINE and EMBASE up to April 2009.</P>
</ABS_SEARCH_STRATEGY>
    <ABS_SELECTION_CRITERIA>
<P>Randomised controlled trials (RCTs) of progestagen therapy in women who have had surgery for endometrial cancer.</P>
</ABS_SELECTION_CRITERIA>
    <ABS_DATA_COLLECTION>
<P>Two review authors independently abstracted data and assessed risk of bias. Risk ratios (RRs) comparing survival in women who did and did not receive progestagen were pooled in random effects meta-analyses. .<B>
<I> </I>
</B>
</P>
</ABS_DATA_COLLECTION>
    <ABS_RESULTS>
<P>Seven trials assessing 4556 women were identified. Three trials included women with stage one disease only, whereas four included women with more advanced disease. Meta-analysis of four trials showed that there was no significant difference in the risk of death at five years between adjuvant progestagen therapy and no further treatment (RR = 1.00, 95% CI 0.85 to 1.18). This conclusion is also robust to single trial analyses at 4 and 7 years and in one trial across all points in time using a hazard ratio (HR). There was also no significant difference between progestagen therapy and control in terms of the risk of death from endometrial cancer, cardiovascular disease and intercurrent disease. Relapse of disease appeared to be reduced by progestagen therapy in one trial (HR = 0.71, 95% CI 0.52 to 0.97 and 5 year RR = 0.74, 95% CI 0.58 to 0.96), but there was no evidence of a difference in disease recurrence in another trial at 7 years (RR = 1.34, 95% CI 0.79 to 2.27).</P>
</ABS_RESULTS>
    <ABS_CONCLUSIONS>
<P>There is no evidence to support the use of adjuvant progestagen therapy in the primary treatment of endometrial cancer.</P>
</ABS_CONCLUSIONS>
  </ABSTRACT>
</DOC>
