<?xml version="1.0"?>
<DOC>
  <TITLE TRANSLATED="NO">Vitamin C supplementation for asthma</TITLE>
  <SUMMARY>
    <SUMMARY_TITLE>Vitamin C supplementation for asthma</SUMMARY_TITLE>
    <SUMMARY_BODY>
<P>Asthma is a chronic inflammatory disease of the airways characterised by wheeze and breathlessness. One theory for the observed increase in the number of people with asthma is the 'western' diet with it's lack of nutrients from fresh food. We reviewed evidence from nine trials of the antioxidant vitamin C as a treatment for asthma. In general the trials were small, varied greatly in their design and the reporting was poor. From the available evidence it is not possible to recommend either the use or avoidance of vitamin C supplements in asthma.</P>
</SUMMARY_BODY>
  </SUMMARY>
  <ABSTRACT>
    <ABS_BACKGROUND>
<P>Vitamin C is one of the key antioxidant vitamins which is abundant in the extracellular fluid lining the lung and low vitamin C intake has been associated with pulmonary dysfunction.</P>
</ABS_BACKGROUND>
    <ABS_OBJECTIVES>
<P>To evaluate the evidence for the efficacy of vitamin C in the treatment of asthma.</P>
</ABS_OBJECTIVES>
    <ABS_SEARCH_STRATEGY>
<P>The Cochrane Airways Review Group asthma register was searched and bibliographies of studies identified were also checked for further trials. This review has been updated by searches to August 2008.<BR/>
</P>
</ABS_SEARCH_STRATEGY>
    <ABS_SELECTION_CRITERIA>
<P>Only randomised controlled trials were eligible for inclusion. Studies were considered for inclusion if they dealt with the treatment of asthma using vitamin C supplementation. Two independent reviewers identified potentially relevant studies using pre-defined criteria and selected studies for inclusion. </P>
</ABS_SELECTION_CRITERIA>
    <ABS_DATA_COLLECTION>
<P>Data were abstracted independently by two reviewers. Information on patients, methods, interventions, outcomes and results was extracted using standard forms.</P>
</ABS_DATA_COLLECTION>
    <ABS_RESULTS>
<P>Nine studies met the review entry criteria, randomising a total of 330 participants. Study design varied and the reporting was generally poor. Five trials contributed numerical data to the review. They provided outcome data on lung function, symptom scores, IgE levels and inhaled steroid use. One small study showed a significant difference in % drop in FEV1 post-exercise.</P>
</ABS_RESULTS>
    <ABS_CONCLUSIONS>
<P>At present, evidence from randomised-controlled trials is insufficient to recommend a specific role for vitamin C in the treatment of asthma. Further methodologically strong and large-scale randomised controlled trials are needed in order to address the question of the effectiveness of vitamin C in children with asthma.</P>
</ABS_CONCLUSIONS>
  </ABSTRACT>
</DOC>
