<?xml version="1.0"?>
<DOC>
  <TITLE TRANSLATED="NO">Expedited versus conservative approaches for vaginal delivery in breech presentation</TITLE>
  <SUMMARY>
    <SUMMARY_TITLE>Expedited versus conservative approaches for vaginal delivery in breech presentation</SUMMARY_TITLE>
    <SUMMARY_BODY>
<P>Not enough evidence to say if helping a breech baby to be born in one pushing contraction following the birth of the baby's umbilicus (navel) is of benefit.</P>
<P>Babies normally present head first during labour (called vertex presentation). Breech presentation is when the baby is coming bottom first, and this happens in about 4% of pregnancies. Breech babies have a higher incidence of problems during birth than babies coming head first. There is debate about whether it might be helpful for a breech baby during labour to be born quickly, that is in one pushing contraction once the umbilicus (navel) has been born. This is to try to avoid a possible shortage of oxygen for the baby once the cord is being compressed. The problem in trying to enable a fast birth is that there may be trauma or damage to the baby or the mother, or both. The review looked for trials which assessed a quick (or expedited) birth compared with the usual care. No good quality trials were identified. Hence, there is not enough evidence to support the intervention of helping a breech baby to be born in one pushing contraction following the birth of the baby's umbilicus.</P>
</SUMMARY_BODY>
  </SUMMARY>
  <ABSTRACT>
    <ABS_BACKGROUND>
<P>In a vaginal breech birth there may be benefit from rapid delivery of the baby to prevent progressive acidosis. However, this needs to be weighed against the potential trauma of a quick delivery. </P>
</ABS_BACKGROUND>
    <ABS_OBJECTIVES>
<P>The objective of this review was to assess the effects of expedited vaginal delivery (breech delivery from umbilicus to delivery of the head within one contraction) on perinatal outcomes.</P>
</ABS_OBJECTIVES>
    <ABS_SEARCH_STRATEGY>
<P>We searched the Cochrane Pregnancy and Childbirth Group's Trials Register (2 February 2012).</P>
</ABS_SEARCH_STRATEGY>
    <ABS_SELECTION_CRITERIA>
<P>Randomised trials of expedited vaginal breech delivery compared with delivery not routinely expedited in women undergoing vaginal breech delivery.</P>
</ABS_SELECTION_CRITERIA>
    <ABS_DATA_COLLECTION>
<P>Eligibility and trial quality were assessed by one reviewer.</P>
</ABS_DATA_COLLECTION>
    <ABS_RESULTS>
<P>No studies were included.</P>
</ABS_RESULTS>
    <ABS_CONCLUSIONS>
<P>There is not enough evidence to evaluate the effects of expedited vaginal breech delivery.</P>
</ABS_CONCLUSIONS>
  </ABSTRACT>
</DOC>
