<?xml version="1.0"?>
<DOC>
  <TITLE TRANSLATED="NO">Episiotomy for vaginal birth</TITLE>
  <SUMMARY>
    <SUMMARY_TITLE>Episiotomy for vaginal birth</SUMMARY_TITLE>
    <SUMMARY_BODY>
<P>Vaginal tears can occur during childbirth, most often at the vaginal opening as the baby's head passes through, especially if the baby descends quickly. Tears can involve the perineal skin or extend to the muscles and the anal sphincter and anus. The midwife or obstetrician may decide to make a surgical cut to the perineum with scissors or scalpel (episiotomy) to make the baby's birth easier and prevent severe tears that can be difficult to repair. The cut is repaired with stitches (sutures). Some childbirth facilities have a policy of routine episiotomy.</P>
<P>The review authors searched the medical literature for randomised controlled trials that compared episiotomy as needed (restrictive) compared with routine episiotomy to determine the possible benefits and harms for mother and baby. They identified eight trials involving more than 5000 women. For women randomly allocated to routine episiotomy 75.10% actually had an episiotomy whereas with a restrictive episiotomy policy 28.40% had an episiotomy. Restrictive episiotomy policies appeared to give a number of benefits compared with using routine episiotomy. Women experienced less severe perineal trauma, less posterior perineal trauma, less suturing and fewer healing complications at seven days (reducing the risks by from 12% to 31%); with no difference in occurrence of pain, urinary incontinence, painful sex or severe vaginal/perineal trauma after birth. Overall, women experienced more anterior perineal damage with restrictive episiotomy. Both restrictive compared with routine mediolateral episiotomy and restrictive compared with midline episiotomy showed similar results to the overall comparison with the limited data on episiotomy techniques available from the present trials.</P>
</SUMMARY_BODY>
  </SUMMARY>
  <ABSTRACT>
    <ABS_BACKGROUND>
<P>Episiotomy is done to prevent severe perineal tears, but its routine use has been questioned. The relative effects of midline compared with midlateral episiotomy are unclear. </P>
</ABS_BACKGROUND>
    <ABS_OBJECTIVES>
<P>The objective of this review was to assess the effects of restrictive use of episiotomy compared with routine episiotomy during vaginal birth.</P>
</ABS_OBJECTIVES>
    <ABS_SEARCH_STRATEGY>
<P>We searched the Cochrane Pregnancy and Childbirth Group's Trials Register (March 2008).</P>
</ABS_SEARCH_STRATEGY>
    <ABS_SELECTION_CRITERIA>
<P>Randomized trials comparing restrictive use of episiotomy with routine use of episiotomy; restrictive use of mediolateral episiotomy versus routine mediolateral episiotomy; restrictive use of midline episiotomy versus routine midline episiotomy; and use of midline episiotomy versus mediolateral episiotomy.</P>
</ABS_SELECTION_CRITERIA>
    <ABS_DATA_COLLECTION>
<P>The two review authors independently assessed trial quality and extracted the data.</P>
</ABS_DATA_COLLECTION>
    <ABS_RESULTS>
<P>We included eight studies (5541 women). In the routine episiotomy group, 75.15% (2035/2708) of women had episiotomies, while the rate in the restrictive episiotomy group was 28.40% (776/2733). Compared with routine use, restrictive episiotomy resulted in less severe perineal trauma (relative risk (RR) 0.67, 95% confidence interval (CI) 0.49 to 0.91), less suturing (RR 0.71, 95% CI 0.61 to 0.81) and fewer healing complications (RR 0.69, 95% CI 0.56 to 0.85). Restrictive episiotomy was associated with more anterior perineal trauma (RR 1.84, 95% CI 1.61 to 2.10). There was no difference in severe vaginal/perineal trauma (RR 0.92, 95% CI 0.72 to 1.18); dyspareunia (RR 1.02, 95% CI 0.90 to 1.16); urinary incontinence (RR 0.98, 95% CI 0.79 to 1.20) or several pain measures. Results for restrictive versus routine mediolateral versus midline episiotomy were similar to the overall comparison.</P>
</ABS_RESULTS>
    <ABS_CONCLUSIONS>
<P>Restrictive episiotomy policies appear to have a number of benefits compared to policies based on routine episiotomy. There is less posterior perineal trauma, less suturing and fewer complications, no difference for most pain measures and severe vaginal or perineal trauma, but there was an increased risk of anterior perineal trauma with restrictive episiotomy.</P>
</ABS_CONCLUSIONS>
  </ABSTRACT>
</DOC>
