<?xml version="1.0"?>
<DOC>
  <TITLE TRANSLATED="NO">Inositol for respiratory distress syndrome in preterm infants</TITLE>
  <SUMMARY>
    <SUMMARY_TITLE>Supplementing preterm babies who have respiratory distress with the nutrient inositol may reduce death and disability</SUMMARY_TITLE>
    <SUMMARY_BODY>
<P>Inositol is an essential nutrient for cells, with high concentrations in breast milk (particularly in the breast milk of mothers whose babies have been born early). A drop in inositol levels in babies with respiratory distress syndrome (RDS) can be a sign that their illness will be a severe one. The review found that the initial evidence regarding inositol supplementation in preterm babies with RDS is promising. Supplementation lowered rates of death, bleeding in the brain, and with an important reduction in eye problems as well. Inositol did not have serious adverse effects. Further research is warranted to confirm these preliminary findings. Such research is currently ongoing in the USA.</P>
</SUMMARY_BODY>
  </SUMMARY>
  <ABSTRACT>
    <ABS_BACKGROUND>
<P>Inositol is an essential nutrient required by human cells in culture for growth and survival. Inositol promotes maturation of several components of surfactant and may play a critical role in fetal and early neonatal life.</P>
</ABS_BACKGROUND>
    <ABS_OBJECTIVES>
<P>To assess the effectiveness/safety of supplementary inositol in preterm infants with respiratory distress syndrome (RDS) in reducing adverse neonatal outcomes.</P>
</ABS_OBJECTIVES>
    <ABS_SEARCH_STRATEGY>
<P>The Cochrane Central Register of Controlled Trials (<I>The Cochrane Library</I>), MEDLINE, EMBASE, CINAHL, Clinicaltrials.gov and Controlled-trials.com were searched in May, 2011. The reference lists of identified randomized controlled trials (RCTs), personal files and Web of Science were searched.</P>
</ABS_SEARCH_STRATEGY>
    <ABS_SELECTION_CRITERIA>
<P>All RCTs of inositol supplementation to preterm infants with a control group that received a placebo or no intervention were included. Outcomes of interest were neonatal death, infant death, bronchopulmonary dysplasia (BPD), retinopathy of prematurity (ROP), intraventricular hemorrhage (IVH), necrotizing enterocolitis (NEC), and sepsis.</P>
</ABS_SELECTION_CRITERIA>
    <ABS_DATA_COLLECTION>
<P>Data on neonatal outcomes were abstracted independently by the three review authors and any discrepancy was resolved through consensus. Outcomes were reported as relative risk (RR), risk difference (RD) and number needed to treat to benefit (NNT).</P>
</ABS_DATA_COLLECTION>
    <ABS_RESULTS>
<P>Four published and one ongoing randomized controlled trials were identified. Study quality varied and interim analyses had occurred in all trial that provided data for the outcomes. Neonatal death was found to be significantly reduced [three trials, 355 neonates, typical RR 0.53 (95% CI 0.31 to 0.91); RD -0.09 (95% CI -0.17 to -0.03); NNT 11 (95% CI 6 to 33). Infant deaths were reduced [three trials, 355 infants, typical RR 0.55 (95% CI 0.40 to 0.77); RD -0.18 (95% CI -0.27 to -0.08); NNT 6 (95% CI 4 to 13). ROP, stage ≥ 3 was significantly reduced [two trials, 262 infants, typical RR 0.09 (95% CI 0.01 to 0.67); typical RD -0.08 (95% CI -0.13 to -0.03); NNT 13 (95% CI 8 to 33)]. IVH grade &gt; II was significantly decreased [three trials, 355 infants typical RR 0.53 (95% CI 0.31 to 0.90; typical RD -0.09 (95% CI -0.16 to -0.02); NNT 11 (95% CI 6 to 50). Neither sepsis nor NEC differed significantly between groups. One ongoing pharmacokinetics study of inositol in preterm infants was identified.</P>
</ABS_RESULTS>
    <ABS_CONCLUSIONS>
<P>Inositol supplementation results in statistically significant and clinically important reductions in important short-term adverse neonatal outcomes. A multicenter randomized controlled trial of appropriate size is justified to confirm these findings.</P>
</ABS_CONCLUSIONS>
  </ABSTRACT>
</DOC>
