<?xml version="1.0"?>
<DOC>
  <TITLE TRANSLATED="NO">Hormones for suspected impaired fetal growth</TITLE>
  <SUMMARY>
    <SUMMARY_TITLE>Hormones for suspected impaired fetal growth</SUMMARY_TITLE>
    <SUMMARY_BODY>
<P>No evidence to show whether the unborn baby's growth improves when pregnant women take extra oestrogen.</P>
<P>Babies in the womb growing more slowly than expected (impaired fetal growth) may be receiving too few nutrients from their mother's blood. Hormones are chemicals produced by glands in the body for growth, metabolism (how the body uses food) and reproduction. Oestrogen (the female hormone) is thought to increase blood flow from pregnant women to their babies, thus potentially providing more nutrients. The review of trials has found no evidence to show whether the baby's growth improves when pregnant women take extra oestrogen. There is no evidence from trials on the effects of oestrogen supplementation on women and their babies.</P>
</SUMMARY_BODY>
  </SUMMARY>
  <ABSTRACT>
    <ABS_BACKGROUND>
<P>It has been suggested that oestrogens may improve fetal growth due to an increase in nutritional supply to the fetus from greater uterine blood flow. </P>
</ABS_BACKGROUND>
    <ABS_OBJECTIVES>
<P>The objective of this review was to assess the effects of hormone administration for suspected impaired fetal growth and perinatal outcome.</P>
</ABS_OBJECTIVES>
    <ABS_SEARCH_STRATEGY>
<P>We searched the Cochrane Pregnancy and Childbirth Group's Trials Register (June 2009).</P>
</ABS_SEARCH_STRATEGY>
    <ABS_SELECTION_CRITERIA>
<P>Acceptably controlled trials of hormone administration for suspected impaired fetal growth which report fetal, perinatal or maternal outcomes.</P>
</ABS_SELECTION_CRITERIA>
    <ABS_DATA_COLLECTION>
<P>Eligibility and trial quality were assessed.</P>
</ABS_DATA_COLLECTION>
    <ABS_RESULTS>
<P>No studies were included since none of the potentially relevant trials reported clinical outcomes.</P>
</ABS_RESULTS>
    <ABS_CONCLUSIONS>
<P>There is not enough evidence to evaluate the clinical use of hormone administration for suspected impaired fetal growth.</P>
</ABS_CONCLUSIONS>
  </ABSTRACT>
</DOC>
