<?xml version="1.0"?>
<DOC>
  <TITLE TRANSLATED="NO">Depot fluphenazine decanoate and enanthate for schizophrenia</TITLE>
  <SUMMARY>
    <SUMMARY_TITLE>Depot fluphenazine decanoate and enanthate for schizophrenia</SUMMARY_TITLE>
    <SUMMARY_BODY>
<P>For the November 2004 update we extended the scope of the review to include any comparison relevant to these common depot treatments. We subsequently looked for randomised controlled trials to determine the effects of depot fluphenazine decanoate and enanthate for schizophrenia when compared with placebo, other oral antipsychotics, other depot antipsychotics and studies comparing the depot fluphenazine esters. We included results of 70 trials. Fluphenazine decanoate reduces the rate of relapse when compared to placebo. Outcomes for fluphenazine decanoate and enanthate are similar to those of other oral and depot neuroleptics.</P>
</SUMMARY_BODY>
  </SUMMARY>
  <ABSTRACT>
    <ABS_BACKGROUND>
<P>Intramuscular injections (depot preparations) offer an advantage over oral medication for treating schizophrenia by reducing poor compliance. The benefits gained by long acting preparations, however, may be offset by a higher incidence of adverse effects.<BR/>
</P>
</ABS_BACKGROUND>
    <ABS_OBJECTIVES>
<P>To investigate the clinical effects of fluphenazine decanoate and enanthate.</P>
</ABS_OBJECTIVES>
    <ABS_SEARCH_STRATEGY>
<P>For this update we searched the Cochrane Schizophrenia Group's Register (May 2002).</P>
</ABS_SEARCH_STRATEGY>
    <ABS_SELECTION_CRITERIA>
<P>We considered all relevant randomised clinical controlled trials focusing on people with schizophrenia comparing fluphenazine decanoate or enanthate with placebo or oral anti-psychotics or other depot preparations.</P>
</ABS_SELECTION_CRITERIA>
    <ABS_DATA_COLLECTION>
<P>We reliably selected, quality rated and data extracted studies. For dichotomous data we estimated relative risk (RR) with 95% confidence intervals (CI), and, where possible, the number needed to treat/harm (NNT/H). Analysis was by intention-to-treat. We used the weighted mean difference (WMD) for normal continuous data. Tests of heterogeneity and for publication bias were undertaken.</P>
</ABS_DATA_COLLECTION>
    <ABS_RESULTS>
<P>This review now includes 70 randomised studies. Compared with placebo, fluphenazine decanoate did not reduce relapse over 6 months to 1 year, but one longer term study found that relapse was significantly reduced in the fluphenazine arm (n=54, RR 0.35, CI 0.2 to 0.6, NNT 2 CI 2 to 4). Fluphenazine decanoate does not reduce relapse more than oral neuroleptics (n=419, 6 RCTs, RR relapse 26-52 weeks 1.46 CI 0.8 to 2.8) or other depot antipsychotics (n=581, 11 RCTs, RR relapse 26-52 weeks 0.82 CI 0.6 to 1.2). Relapse rates over 6 months to 1 year were not significantly different between standard dosage of fluphenazine decanoate over a low dose group (n=523, 4 RCTs, RR 2.09 CI 0.6 to 7.1). Movement disorders were significantly less for people receiving fluphenazine decanoate compared with oral neuroleptics (n=259, 3 RCTs, RR 0.47 CI 0.2 to 0.9, NNT 14 CI 10 to 82). </P>
<P>For fluphenazine enanthate there were limited data but no clear difference in global change (0 to 5 weeks) when compared with oral neuroleptics (n=31, 1 RCTs, RR 0.67 CI 0.3 to 1.7), and in relapse rates over 6-26 weeks between fluphenazine enanthate and other depots. Compared with placebo, giving the enanthate caused no more people to need need anticholinergic drugs (n=25, 1 RCT, RR 9.69 CI 0.6 to 163.0) and movement disorders, tardive dyskinesia, tremor, blurred vision and dry mouth were equally prevalent when enanthate was compared with other depot neuroleptics.</P>
</ABS_RESULTS>
    <ABS_CONCLUSIONS>
<P>There are more data for fluphenazine decanoate than for the enanthate ester. Both are effective antipsychotic preparations. In the context of trials, there is little advantage of these depots over oral medications in terms of compliance but this is unlikely to be applicable to everyday clinical practice.</P>
</ABS_CONCLUSIONS>
  </ABSTRACT>
</DOC>
