<?xml version="1.0"?>
<DOC>
  <TITLE TRANSLATED="NO">Induction of labour for suspected fetal macrosomia</TITLE>
  <SUMMARY>
    <SUMMARY_TITLE>Induction of labour for suspected fetal macrosomia</SUMMARY_TITLE>
    <SUMMARY_BODY>
<P>No evidence of improved outcomes following induction of labour for non-diabetic women who are thought to be carrying large babies.</P>
<P>Babies who are very large (macrosomic - over 4500 g) can sometimes have difficult and, occasionally, traumatic births. One suggestion to try to reduce this trauma and to reduce operative births has been to induce labour before the baby grows too big. However, the estimation of the baby's weight in utero is difficult and not very accurate. Clinical estimations are based on feeling the uterus and measuring the height of the fundus of the uterus, and both are subject to considerable variation. Ultrasound scanning is also not accurate. Induction, if undertaken too early, can lead to babies being born prematurely and with immature organs. The review of trials, assessing induction of women when it was suspected that their baby was above 4 kg, found three trials involving 372 women, none of them with diabetes. There was no evidence of any benefit in terms of caesarean section or instrumental births, or in outcomes for the baby. However, these studies were too small to be sure of the outcomes. Further research is in progress.</P>
</SUMMARY_BODY>
  </SUMMARY>
  <ABSTRACT>
    <ABS_BACKGROUND>
<P>Women with a suspected macrosomic fetus are at risk of difficult operative delivery or caesarean section. Neonatal trauma may complicate the delivery. Induction of labour may reduce these risks by limiting the fetal growth and, therefore, decrease the birthweight. However, this intervention per se may be associated with an increased risk of caesarean section.</P>
</ABS_BACKGROUND>
    <ABS_OBJECTIVES>
<P>To assess the effects of a policy of labour induction for suspected fetal macrosomia on method of delivery and maternal or perinatal morbidity.</P>
</ABS_OBJECTIVES>
    <ABS_SEARCH_STRATEGY>
<P>We searched the Cochrane Pregnancy and Childbirth Group's Trials Register (January 2011).</P>
</ABS_SEARCH_STRATEGY>
    <ABS_SELECTION_CRITERIA>
<P>Randomised trials of induction of labour for suspected fetal macrosomia in non-diabetic women.</P>
</ABS_SELECTION_CRITERIA>
    <ABS_DATA_COLLECTION>
<P>Both review authors independently assessed trial quality and extracted the data. We contacted study authors for additional information.</P>
</ABS_DATA_COLLECTION>
    <ABS_RESULTS>
<P>We included three trials, involving 372 women. Compared to expectant management, induction of labour for suspected macrosomia has not been shown to reduce the risk of caesarean section (relative risk (RR) 0.96, 95% confidence interval (CI) 0.67 to 1.38) or instrumental delivery (RR 1.02, 95% CI 0.60 to 1.74). Perinatal morbidity was not statistically different between groups (shoulder dystocia: RR 1.06, 95% CI 0.44 to 2.56); one trial reported, however, two cases of brachial plexus injury and four cases of fracture in the expectant management group. </P>
</ABS_RESULTS>
    <ABS_CONCLUSIONS>
<P>Induction of labour for suspected fetal macrosomia in non-diabetic women has not been shown to alter the risk of maternal or neonatal morbidity, but the power of the included studies to show a difference in rare events is limited. Larger trials are needed to address this question.</P>
</ABS_CONCLUSIONS>
  </ABSTRACT>
</DOC>
