<?xml version="1.0"?>
<DOC>
  <TITLE TRANSLATED="NO">Slow advancement of enteral feed volumes to prevent necrotising enterocolitis in very low birth weight infants</TITLE>
  <SUMMARY>
    <SUMMARY_TITLE>No evidence to indicate that slowly advancing the volume of milk feeds given to very low birth weight infants reduces the incidence of necrotising enterocolitis.</SUMMARY_TITLE>
    <SUMMARY_BODY>
<P>Very low birth weight infants (birth weight less than 1500 grams) are at risk of developing a severe bowel disorder called "necrotising enterocolitis". It is thought that one possible way to prevent this condition is to limit the amount of milk feeds that infants receive each day for the first few weeks after birth. Four randomised controlled trials have assessed the effect of slowly (rather than more quickly) increasing the volume of milk feeds given to very low birth weight infants. Analysis of these trials did not reveal any effect on the risk of necrotising enterocolitis. Infants fed more slowly regained birth weight and attained full enteral feeding several days later than infants fed more quickly.</P>
</SUMMARY_BODY>
  </SUMMARY>
  <ABSTRACT>
    <ABS_BACKGROUND>
<P>The major modifiable risk factors for necrotising enterocolitis (NEC) in very low birth weight (VLBW) infants relate to enteral feeding practices. Observational studies suggest that conservative feeding regimens that include slowly advancing enteral feed volumes reduce the risk of NEC. However, slow feed advancement may delay establishment of full enteral feeding and so be associated with metabolic and infectious morbidities secondary to prolonged exposure to parenteral nutrition.</P>
</ABS_BACKGROUND>
    <ABS_OBJECTIVES>
<P>To determine the effect of slow rates of enteral feed advancement on the incidence of NEC, mortality and other morbidities in VLBW infants.</P>
</ABS_OBJECTIVES>
    <ABS_SEARCH_STRATEGY>
<P>We used the standard search strategy of the Cochrane Neonatal Group. We searched the Cochrane Central Register of Controlled Trials (CENTRAL, <I>The Cochrane Library</I>, 2010, Issue 4), MEDLINE (1966 to December 2010), EMBASE (1980 to December 2010), CINAHL (1982 to December 2010), conference proceedings, and previous reviews.</P>
</ABS_SEARCH_STRATEGY>
    <ABS_SELECTION_CRITERIA>
<P>Randomised or quasi-randomised controlled trials that assessed the effect of slow (up to 24 ml/kg/day) versus faster rates of advancement of enteral feed volumes upon the incidence of NEC in VLBW infants.</P>
</ABS_SELECTION_CRITERIA>
    <ABS_DATA_COLLECTION>
<P>Data collection and analysis was performed in accordance with the standard methods of the Cochrane Neonatal Review Group.</P>
</ABS_DATA_COLLECTION>
    <ABS_RESULTS>
<P>We identified four randomised controlled trials in which a total of 496 infants participated. Few participants were extremely low birth weight or growth restricted. The trials defined slow advancement as daily increments of 15 to 20 ml/kg and faster advancement as 30 to 35 ml/kg. Meta-analyses did not detect statistically significant effects on the risk of NEC (typical relative risk 0.91, 95% confidence interval 0.47 to 1.75) or all cause mortality (typical relative risk 1.43, 95% confidence interval 0.78 to 2.61). Infants who had slow rates of feed volume advancement took significantly longer to regain birth weight [reported median difference 2 to 6 days] and to establish full enteral feeding [reported median difference 2 to 5 days].</P>
</ABS_RESULTS>
    <ABS_CONCLUSIONS>
<P>Current data do not provide evidence that slow advancement of enteral feed volumes reduces the risk of NEC in VLBW infants. Increasing the volume of enteral feeds at slow rather than faster rates results in several days delay in regaining birth weight and establishing full enteral feeds but the long term clinical importance of these effects is unclear. Further randomised controlled trials are needed to determine how the rate of daily increment in enteral feed volumes affects clinical outcomes in VLBW infants.</P>
</ABS_CONCLUSIONS>
  </ABSTRACT>
</DOC>
