<?xml version="1.0"?>
<DOC>
  <TITLE TRANSLATED="NO">Interventions for treating psoriatic arthritis</TITLE>
  <SUMMARY>
    <SUMMARY_TITLE>Interventions for treating psoriatic arthritis</SUMMARY_TITLE>
    <SUMMARY_BODY>
<P>It has been estimated that arthritis occurs in 5-7 % of those with psoriasis, which can cause substantial disability in some patients.</P>
<P>The objective was to assess the benefits of the treatment [sulfasalazine, auranofin, etretinate, fumaric acid, IMI gold, azathioprine, methotrexate] for psoriatic arthritis and to assess the side effects. Parenteral methotrexate and sulfasalazine resulted in important benefit in over half the patients for psoriatic arthritis in these studies. There was insufficient data to evaluate other therapies and to examine toxicity. Further multicentre trials are required to establish the efficacy of azathioprine, oral methotrexate, etretinate, and colchicine.</P>
</SUMMARY_BODY>
  </SUMMARY>
  <ABSTRACT>
    <ABS_BACKGROUND>
<P>It has been estimated that arthritis occurs in 5-7% of those with psoriasis. Relatively few clinical trials of treatment are available for psoriatic arthritis and data presentation in these trials is far from uniform making comparison difficult. </P>
</ABS_BACKGROUND>
    <ABS_OBJECTIVES>
<P>To assess the effects of sulfasalazine, auranofin, etretinate, fumaric acid, IMI gold, azathioprine, efamol marine and methotrexate, in psoriatic arthritis.</P>
</ABS_OBJECTIVES>
    <ABS_SEARCH_STRATEGY>
<P>We searched MEDLINE up to February 2000, and Excerpta Medica (June 1974-95). Search terms were psoriasis, arthritis, therapy and/or controlled trial. This was supplemented by manually searching bibliographies of previously published reviews, conference proceedings, contacting drug companies and referring to the Cochrane Clinical Trials Register. All languages were included in the initial search.</P>
</ABS_SEARCH_STRATEGY>
    <ABS_SELECTION_CRITERIA>
<P>All randomized trials comparing sulfasalazine, auranofin, etretinate, fumaric acid, IMI gold, azathioprine, and methotrexate, in psoriatic arthritis. </P>
<P>Following a published a priori protocol, the main outcome measures included individual component variables derived from Outcome Measures in Rheumatology Clinical Trials (OMERACT). These include acute phase reactants, disability, pain, patient global assessment, physician global assessment, swollen joint count, tender joint count and radiographic changes of joints in any trial of one year or longer [Tugwell 1993], and the change in pooled disease index (DI).</P>
<P>Only English trials were included in the review.</P>
</ABS_SELECTION_CRITERIA>
    <ABS_DATA_COLLECTION>
<P>Data were independently extracted from the published reports by two of the reviewers (MC, GJ). An independent blinded quality assessment was also performed.</P>
</ABS_DATA_COLLECTION>
    <ABS_RESULTS>
<P>Twenty randomized trials were identified of which thirteen were included in the quantitative analysis with data from 1022 subjects. Although all agents were better than placebo, parenteral high dose methotrexate (not included), sulfasalazine, azathioprine and etretinate were the agents that achieved statistical significance in a global index of disease activity (although it should be noted that only one component variable was available for azathioprine and only one trial was available for etretinate suggesting some caution is necessary in interpreting these results). Analysis of response in individual disease activity markers was more variable with considerable differences between different medications and responses. In all trials the placebo group improved over baseline (pooled improvement 0.39 DI units, 95% CI 0.26-0.54). There was insufficient data to examine toxicity.</P>
</ABS_RESULTS>
    <ABS_CONCLUSIONS>
<P>Parenteral high dose methotrexate and sulfasalazine are the only two agents with well demonstrated published efficacy in psoriatic arthritis. The magnitude of the effect seen with azathioprine, etretinate, oral low dose methotrexate and perhaps colchicine suggests that they may be effective but that further multicentre clinical trials are required to establish their efficacy. Furthermore, the magnitude of the improvement observed in the placebo group strongly suggests that uncontrolled trials should not be used to guide management decisions in this condition.</P>
</ABS_CONCLUSIONS>
  </ABSTRACT>
</DOC>
