<?xml version="1.0"?>
<DOC>
  <TITLE TRANSLATED="NO">Allopurinol for chronic prostatitis</TITLE>
  <SUMMARY>
    <SUMMARY_TITLE>Allopurinol for chronic prostatitis</SUMMARY_TITLE>
    <SUMMARY_BODY>
<P>Allopurinol is a drug used to primarily to treat conditions arising from excess uric acid, such as gout. It is unclear that allopurinol is effective in treating chronic prostatitis. Only one small randomized trial of 54 men was included in this review. Based on the results of this trial, which used non-valid ways to measure symptom improvements, allopurinol cannot be recommended.  Further studies of allopurinol treatment, enrolling larger numbers of men and using standard and validated measures to measure symptom improvements, are necessary to determine whether allopurinol is an effective treatment for chronic prostatitis.</P>
</SUMMARY_BODY>
  </SUMMARY>
  <ABSTRACT>
    <ABS_BACKGROUND>
<P>Chronic prostatitis is a condition that causes men substantial morbidity through the associated constellation of urinary symptoms, sexual dysfunction, and pelvic pain. The etiology of chronic prostatitis is unknown, and the many and varied treatments for chronic prostatitis reflect in part this knowledge gap. One novel etiologic theory is that the reflux of urine into prostatic ducts causes prostatic inflammation via high concentrations of purine and pyrimidine base-containing metabolites in prostatic secretions. This theory has led to the use of allopurinol for treatment of chronic prostatitis in hopes of lowering prostatic levels of uric acid and improving symptoms. </P>
</ABS_BACKGROUND>
    <ABS_OBJECTIVES>
<P>To determine the effects of allopurinol in the treatment of chronic prostatitis</P>
</ABS_OBJECTIVES>
    <ABS_SEARCH_STRATEGY>
<P>Trials were searched in computerized general and specialized databases (MEDLINE, Cochrane Library, Cochrane Prostate Group database), bibliographies of obtained articles, and direct contact with authors.</P>
</ABS_SEARCH_STRATEGY>
    <ABS_SELECTION_CRITERIA>
<P>All randomized trials of allopurinol versus placebo used to treat patients with chronic prostatitis. Acute prostatitis, bacterial prostatitis, and asymptomatic prostatitis were excluded. The main outcome measure was the change in patient-reported discomfort.</P>
</ABS_SELECTION_CRITERIA>
    <ABS_DATA_COLLECTION>
<P>The reviewers extracted the data independently for the outcomes of change in patient-reported discomfort, investigator graded prostate pain, leukocyte counts, and biochemical indices.</P>
</ABS_DATA_COLLECTION>
    <ABS_RESULTS>
<P>In this update, no new trials were identified (08/2002).<BR/>Only one trial with 54 men lasting 240 days (with 330 days of follow up) met study inclusion criteria. There was a statistically significant change favoring allopurinol in patient-reported discomfort between the study and control groups at follow up. Between days 45 to 225, the mean score was -0.95 (SD 0.19) for the allopurinol group (seven men), compared with -0.47 (SD 0.21) for the placebo group (seven men). The weighted mean difference (WMD) was -0.48 (95% CI -0.690 to -0.270). The mean score between days 45-135 was -1.08 (SD 1.29) for the 25 men in the allopurinol group, compared with -0.21 (SD 0.97) for the 14 men in the control group. The WMD was -0.87 (95%CI -1.587 to -0.153). The allopurinol group had significantly less investigator graded prostate pain and had lower levels of serum urate, urine urate, and expressed prostatic secretion urate and xanthine. No significant differences between the two groups regarding leukocyte counts were found. No patient receiving allopurinol had any significant side effects. Three patients in the placebo group dropped out because of side effects.</P>
</ABS_RESULTS>
    <ABS_CONCLUSIONS>
<P>One small trial of allopurinol for treating chronic prostatitis showed improvements in patient-reported symptom improvement, investigator-graded prostate pain, and biochemical parameters. However, the data provided, the measures used, and the statistics presented do not make these findings convincing that changes in urine and prostatic secretion composition regarding purine and pyrimidine bases resulted in the relief of symptoms. Further studies of allopurinol treatment using standardized and validated outcomes measures and analyses are necessary to determine whether allopurinol is effective.</P>
</ABS_CONCLUSIONS>
  </ABSTRACT>
</DOC>
