<?xml version="1.0"?>
<DOC>
  <TITLE TRANSLATED="NO">The effects of on-screen, point of care computer reminders on processes and outcomes of care.</TITLE>
  <SUMMARY>
    <SUMMARY_TITLE>On screen point of care computer reminders to improve care and health</SUMMARY_TITLE>
    <SUMMARY_BODY>
<P>It is known that doctors do not always provide the care that is recommended or according to the latest research. Many strategies have been tried in an attempt to reduce this gap between what is recommended and what is done. A potentially low cost way to do this could be to use computer systems that remind physicians about important information while they make decisions. For example, a doctor could be ordering antibiotics for a child with an ear infection. At that point, the computer the doctor is working on displays a pop up window with a reminder about the evidence for the best dose and length of time the antibiotics should be prescribed. </P>
<P>This review found 28 studies that evaluated the effects of different on-screen computer reminders. The studies tested reminders to prescribe specific medications, to warn about drug interactions, to provide vaccinations, or to order tests.  The review found small to moderate benefits. The reminders improved physician practices by a median of 4%. In eight of the studies, patients' health improved by a median of 3%.   </P>
<P>Although some studies showed larger benefits than these median effects, no specific reminders or features of how they worked were consistently associated with these larger benefits. More research is needed to identify what types of reminders work and when.</P>
</SUMMARY_BODY>
  </SUMMARY>
  <ABSTRACT>
    <ABS_BACKGROUND>
<P>The opportunity to improve care by delivering decision support to clinicians at the point of care represents one of the main incentives for implementing sophisticated clinical information systems. Previous reviews of computer reminder and decision support systems have reported mixed effects, possibly because they did not distinguish point of care computer reminders from e-mail alerts, computer-generated paper reminders, and other modes of delivering ‘computer reminders’.</P>
</ABS_BACKGROUND>
    <ABS_OBJECTIVES>
<P>To evaluate the effects on processes and outcomes of care attributable to on-screen computer reminders delivered to clinicians at the point of care.</P>
</ABS_OBJECTIVES>
    <ABS_SEARCH_STRATEGY>
<P>We searched the Cochrane EPOC Group Trials register, MEDLINE, EMBASE and CINAHL and CENTRAL to July 2008, and scanned bibliographies from key articles.</P>
</ABS_SEARCH_STRATEGY>
    <ABS_SELECTION_CRITERIA>
<P>Studies of a reminder delivered via a computer system routinely used by clinicians, with a randomised or quasi-randomised design and reporting at least one outcome involving a clinical endpoint or adherence to a recommended process of care.</P>
</ABS_SELECTION_CRITERIA>
    <ABS_DATA_COLLECTION>
<P>Two authors independently screened studies for eligibility and abstracted data. For each study, we calculated the median improvement in adherence to target processes of care and also identified the outcome with the largest such improvement. We then calculated the median absolute improvement in process adherence across all studies using both the median outcome from each study and the best outcome. </P>
</ABS_DATA_COLLECTION>
    <ABS_RESULTS>
<P>Twenty-eight studies (reporting a total of thirty-two comparisons) were included. Computer reminders achieved a median improvement in process adherence of 4.2% (interquartile range (IQR): 0.8% to 18.8%) across all reported process outcomes, 3.3% (IQR: 0.5% to 10.6%) for medication ordering, 3.8% (IQR: 0.5% to 6.6%) for vaccinations, and 3.8% (IQR: 0.4% to 16.3%) for test ordering. In a sensitivity analysis using the best outcome from each study, the median improvement was 5.6% (IQR: 2.0% to 19.2%) across all process measures and 6.2% (IQR: 3.0% to 28.0%) across measures of medication ordering. </P>
<P>In the eight comparisons that reported dichotomous clinical endpoints, intervention patients experienced a median absolute improvement of 2.5% (IQR: 1.3% to 4.2%). Blood pressure was the most commonly reported clinical endpoint, with intervention patients experiencing a median reduction in their systolic blood pressure of 1.0 mmHg (IQR: 2.3 mmHg reduction to 2.0 mmHg increase).</P>
</ABS_RESULTS>
    <ABS_CONCLUSIONS>
<P>Point of care computer reminders generally achieve small to modest improvements in provider behaviour. A minority of interventions showed larger effects, but no specific reminder or contextual features were significantly associated with effect magnitude. Further research must identify design features and contextual factors consistently associated with larger improvements in provider behaviour if computer reminders are to succeed on more than a trial and error basis.</P>
</ABS_CONCLUSIONS>
  </ABSTRACT>
</DOC>
