<?xml version="1.0"?>
<DOC>
  <TITLE TRANSLATED="NO">Operative versus conservative management for 'fetal distress' in labour</TITLE>
  <SUMMARY>
    <SUMMARY_TITLE>Operative versus conservative management for 'fetal distress' in labour</SUMMARY_TITLE>
    <SUMMARY_BODY>
<P>Too little evidence to show whether relieving factors causing a baby's distress during labour is better than birth with caesarean, forceps or ventouse intervention.</P>
<P>Babies showing signs of distress during labour (unusual heart rates or the passing of a bowel motion) are at greater risk of complications following their birth. Operative management, such as surgery to remove the baby through the woman's abdomen (caesarean delivery) or the use of surgical instruments for vaginal delivery may be offered. The review of one study (350 women) found too little evidence to show whether operative management is more beneficial than treating factors which may be causing the baby's distress, such as too little fluid surrounding the baby, the woman's physical position or pain relief (conservative management). Further research is needed.</P>
</SUMMARY_BODY>
  </SUMMARY>
  <ABSTRACT>
    <ABS_BACKGROUND>
<P>Suspected fetal distress usually results in expedited delivery of a baby (often operatively). The potential harm to a mother and baby from operative delivery may not always be justified especially when fetal distress may be misdiagnosed. Even with a correct diagnosis it is not clear whether an operative or conservative approach is better. </P>
</ABS_BACKGROUND>
    <ABS_OBJECTIVES>
<P>The objective of this review was to assess the effects of operative management for fetal distress on maternal and perinatal morbidity.</P>
</ABS_OBJECTIVES>
    <ABS_SEARCH_STRATEGY>
<P>We searched the Cochrane Pregnancy and Childbirth Group's Trials Register (15 February 2012).</P>
</ABS_SEARCH_STRATEGY>
    <ABS_SELECTION_CRITERIA>
<P>Randomised trials of operative (caesarean section or expedited vaginal delivery) versus conservative management of suspected fetal distress.</P>
</ABS_SELECTION_CRITERIA>
    <ABS_DATA_COLLECTION>
<P>Trial quality assessment and data extraction were done by both review authors.</P>
</ABS_DATA_COLLECTION>
    <ABS_RESULTS>
<P>One study of 350 women was included. This trial was carried out in 1959. There was no difference in perinatal mortality (risk ratio 1.18, 95% confidence interval 0.56 to 2.48).</P>
</ABS_RESULTS>
    <ABS_CONCLUSIONS>
<P>There have been no contemporary trials of operative versus conservative management of suspected fetal distress. In settings without modern obstetric facilities, a policy of operative delivery in the event of meconium-stained liquor or fetal heart rate changes has not been shown to reduce perinatal mortality.</P>
</ABS_CONCLUSIONS>
  </ABSTRACT>
</DOC>
