<?xml version="1.0"?>
<DOC>
  <TITLE TRANSLATED="NO">Intravenous or enteral loop diuretics for preterm infants with (or developing) chronic lung disease</TITLE>
  <SUMMARY>
    <SUMMARY_TITLE>Intravenous or enteral loop diuretics for preterm infants with (or developing) chronic lung disease</SUMMARY_TITLE>
    <SUMMARY_BODY>
<P>There is no strong evidence of benefit from routine use of loop diuretics in preterm babies at risk of, or with, chronic lung disease. Lung disease in babies born early (preterm) is often complicated with excess of water. Medications that reduce body water (diuretics) might help the baby recover from lung disease. The review analysed the effects of diuretics working on the deep part of the small kidney tubes (loop diuretics). The review of trials found that diuretics, given from a single dose to one week's treatment, inconsistently improved lung function and oxygen levels in the blood. There was not enough evidence to show any improvement in long-term outcome.</P>
</SUMMARY_BODY>
  </SUMMARY>
  <ABSTRACT>
    <ABS_BACKGROUND>
<P>Lung disease in preterm infants is often complicated with lung edema.</P>
</ABS_BACKGROUND>
    <ABS_OBJECTIVES>
<P>To assess the risks and benefits of administration of a diuretic acting on the loop of Henle (loop diuretic) in preterm infants with or developing chronic lung disease (CLD).</P>
</ABS_OBJECTIVES>
    <ABS_SEARCH_STRATEGY>
<P>Standard search method of the Cochrane Neonatal Review Group was used. Initial search included the Cochrane Central Register of Controlled Trials (CENTRAL, The Cochrane Library, Issue 1, 2003), MEDLINE (1966 to April 2003), EMBASE (1974 to 1998). In addition, several abstract books of national and international American and European Societies were hand searched. The MEDLINE and the Cochrane Central searches were updated in March 2007 and December 2010.  The EMBASE search was completed in April 2007 and December 2010. Additional searches in CINAHL, clinicaltrials.gov and controlled-trials.com was completed in December 2010.</P>
</ABS_SEARCH_STRATEGY>
    <ABS_SELECTION_CRITERIA>
<P>Trials in which preterm infants with or developing chronic lung disease and at least five days of age were all randomly allocated to receive a loop diuretic either enterally or intravenously were included in this analysis.</P>
</ABS_SELECTION_CRITERIA>
    <ABS_DATA_COLLECTION>
<P>The standard method for the Cochrane Collaboration described in the Cochrane Collaboration Handbook were used. Two investigators extracted, assessed and coded separately all data for each study. Parallel and cross-over trials were combined and, whenever possible, transformed baseline and final outcome data measured on a continuous scale into change scores using Follmann's formula.</P>
</ABS_DATA_COLLECTION>
    <ABS_RESULTS>
<P>The only loop diuretic used in the six studies that met the selection criteria was furosemide. Most studies focused on pathophysiological parameters and did not assess effects on important clinical outcomes defined in this review, or the potential complications of diuretic therapy.<BR/>In preterm infants &lt; 3 weeks of age developing CLD, furosemide administration has either inconsistent effects or no detectable effect.<BR/>
<BR/>In infants &gt; 3 weeks of age with CLD, a single intravenous dose of 1 mg/kg of furosemide improves lung compliance and airway resistance for one hour. Chronic administration of furosemide improves both oxygenation and lung compliance.</P>
</ABS_RESULTS>
    <ABS_CONCLUSIONS>
<P>In view of the lack of data from randomized trials concerning effects on important clinical outcomes, routine or sustained use of systemic loop diuretics in infants with (or developing) CLD cannot be recommended based on current evidence.<BR/>
<BR/>Randomized trials are needed to assess the effects of furosemide administration on survival, duration of ventilatory support and oxygen administration, length of hospital stay, potential complications and long-term outcome.</P>
</ABS_CONCLUSIONS>
  </ABSTRACT>
</DOC>
