<?xml version="1.0"?>
<DOC>
  <TITLE TRANSLATED="NO">Calcium channel blockers for neuroleptic-induced tardive dyskinesia</TITLE>
  <SUMMARY>
    <SUMMARY_TITLE>Calcium channel blockers for neuroleptic-induced tardive dyskinesia</SUMMARY_TITLE>
    <SUMMARY_BODY>
<P>Antipsychotic medication is associated with adverse effects, including tardive dyskinesia which is characterised by abnormal, repetitive, involuntary facial movements. Calcium channel blockers, originally developed for use in cardiovascular disorders, have been experimentally used as a treatment for tardive dyskinesia. There is currently no good quality evidence to support their use.</P>
</SUMMARY_BODY>
  </SUMMARY>
  <ABSTRACT>
    <ABS_BACKGROUND>
<P>Schizophrenia and related disorders affect a sizable proportion of any population. Neuroleptic (antipsychotic) medications are the primary treatment for these disorders. Neuroleptic medications are associated with a variety of side effects including tardive dyskinesia. Dyskinesia is a disfiguring movement disorder of the orofacial region that can be tardive (having a slow or belated onset). Tardive dyskinesia is difficult to treat, despite experimentation with several treatments. Calcium channel blockers (diltiazem, nifedipine, nimodipine, verapamil) have been among these experimental treatments.</P>
</ABS_BACKGROUND>
    <ABS_OBJECTIVES>
<P>To determine the effects of calcium-channel blocker drugs (diltiazem, nifedipine, nimodipine, verapamil) for treatment of neuroleptic-induced tardive dyskinesia in people with schizophrenia, schizoaffective disorder or other chronic mental illnesses.</P>
</ABS_OBJECTIVES>
    <ABS_SEARCH_STRATEGY>
<P>We updated previous searches in May 2010 by searching the Cochrane Schizophrenia Group Register using the Cochrane Schizophrenia Group search strategy.</P>
</ABS_SEARCH_STRATEGY>
    <ABS_SELECTION_CRITERIA>
<P>Randomised clinical trials comparing calcium-channel blockers with placebo, no intervention or any other intervention for people with both tardive dyskinesia and schizophrenia or serious mental illness.</P>
</ABS_SELECTION_CRITERIA>
    <ABS_DATA_COLLECTION>
<P>We planned to extract and analyse data on an intention-to-treat (ITT) basis. We intended to calculate the relative risk (RR) and 95% confidence intervals (CI) of homogeneous dichotomous data using a random-effects model, and, where possible, calculate the number needed to treat. We planned to calculate mean differences (MD) for continuous data.</P>
</ABS_DATA_COLLECTION>
    <ABS_RESULTS>
<P>We did not include any trials in this review. We excluded 15 studies; eight were not randomised, one did not use calcium channel blockers, five small, randomised, studies reported no usable data and one did not include people with both tardive dyskinesia and schizophrenia.</P>
</ABS_RESULTS>
    <ABS_CONCLUSIONS>
<P>The effects of calcium-channel blockers for antipsychotic induced tardive dyskinesia are unknown. Their use is experimental and should only be given in the context of well designed randomised clinical trials.</P>
</ABS_CONCLUSIONS>
  </ABSTRACT>
</DOC>
