<?xml version="1.0"?>
<DOC>
  <TITLE TRANSLATED="NO">Prophylactic animal derived surfactant extract for preventing morbidity and mortality in preterm infants</TITLE>
  <SUMMARY>
    <SUMMARY_TITLE>Prophylactic animal derived surfactant extract for preventing morbidity and mortality in preterm infants</SUMMARY_TITLE>
    <SUMMARY_BODY>
<P>Animal derived surfactant extract improves outcomes for babies at risk of respiratory distress.</P>
<P>Surfactant is essential to normal lung function in babies. Respiratory distress syndrome (RDS) is caused by a lack of, or dysfunction in, surfactant, the chemicals that line the lung air spaces and help keep the lung expanded. A variety of animal derived and synthetic surfactants have been formulated and are given to babies at risk to prevent them developing RDS. The review found that animal derived surfactant given at birth lowers rates of death and many serious and disabling conditions for babies at risk of RDS.</P>
</SUMMARY_BODY>
  </SUMMARY>
  <ABSTRACT>
    <ABS_BACKGROUND>
<P>Respiratory distress syndrome (RDS) is caused by a deficiency or dysfunction of pulmonary surfactant. A variety of animal derived surfactant extracts have been formulated and given to infants at risk of developing RDS.</P>
</ABS_BACKGROUND>
    <ABS_OBJECTIVES>
<P>To assess the effect of prophylactic intratracheal administration of animal derived surfactant extract on mortality, bronchopulmonary dysplasia (BPD) and other morbidities in preterm newborns at risk for developing RDS. Subgroup analysis were planned according to the specific surfactant product and the degree of prematurity.</P>
</ABS_OBJECTIVES>
    <ABS_SEARCH_STRATEGY>
<P>Searches were made of MEDLINE and the Cochrane Central Register of Controlled Trials through January 2010.</P>
</ABS_SEARCH_STRATEGY>
    <ABS_SELECTION_CRITERIA>
<P>Randomized or quasi-randomized controlled trials that compared the effect of prophylactic animal derived surfactant extract administration (surfactant obtained from human, porcine or bovine sources, either modified with additional phospholipids or not) administered to high risk preterm newborns at or shortly after birth in order to prevent RDS, mortality and other complications of prematurity.</P>
</ABS_SELECTION_CRITERIA>
    <ABS_DATA_COLLECTION>
<P>Data extraction and analysis was done in accordance with the standards of the CNRG.</P>
</ABS_DATA_COLLECTION>
    <ABS_RESULTS>
<P>All nine of the included studies note an initial improvement in respiratory status and a decrease in the risk of RDS in infants who receive prophylactic animal derived surfactant extract. The meta-analysis supports a decrease in the risk of pneumothorax (typical relative risk 0.40, 95% CI 0.29, 0.54; typical risk difference -0.12, 95% CI -0.16, -0.09), a decrease in the risk pulmonary interstitial emphysema (PIE) (typical relative risk 0.46, 95% CI 0.36, 0.59; typical risk difference -0.16, 95% CI -0.21, -0.11), a decrease in the risk of neonatal mortality (typical relative risk 0.60, 95% CI 0.47, 0.77; typical risk difference -0.07, 95% CI -0.12, -0.03), and a decrease in the risk of BPD or death (typical relative risk 0.80, 95% CI 0.72, 0.88; typical risk difference -0.10, 95% CI -0.16, -0.04). No differences are reported in the risk of intraventricular hemorrhage, patent ductus arteriosus, necrotizing enterocolitis or retinopathy of prematurity. Few data are available on long-term follow-up of treated infants.</P>
</ABS_RESULTS>
    <ABS_CONCLUSIONS>
<P>Prophylactic intratracheal administration of animal derived surfactant extract to infants judged to be at risk of developing respiratory distress syndrome has been demonstrated to improve clinical outcome. Infants who receive prophylactic animal derived surfactant extract have a decreased risk of pneumothorax, a decreased risk of PIE, a decreased risk of mortality, and a decreased risk of BPD or death.</P>
</ABS_CONCLUSIONS>
  </ABSTRACT>
</DOC>
