<?xml version="1.0"?>
<DOC>
  <TITLE TRANSLATED="NO">Azathioprine or 6-mercaptopurine for induction of remission in Crohn's disease</TITLE>
  <SUMMARY>
    <SUMMARY_TITLE>Azathioprine or 6-mercaptopurine for the treatment of active Crohn's disease</SUMMARY_TITLE>
    <SUMMARY_BODY>
<P>Azathioprine and 6-mercaptopurine are immunosuppressive drugs that are thought to reduce inflammation by blocking the immune system. This review includes 13 randomized trials with a total of 1211 participants. Azathioprine and 6-mercaptopurine were found to be no more effective than placebo (fake medicine) for inducing remission in Crohn's disease. There is evidence to suggest that the combination of azathioprine and infliximab is superior to infliximab used as a single drug for induction of steroid-free remission in active Crohn's disease. Tumor necrosis factor (TNF) alpha blocking drugs like infliximab may provide an alternative treatment for patients who do not respond to corticosteroid or immunosuppressive drug treatment. Azathioprine and 6-mercaptopurine may reduce the need for steroid treatment and their use may therefore lead to a lower incidence of steroid related side effects. However, these drugs are slow acting and are associated with some rare, but serious side effects. In some patients they suppress formation of blood cells that fight off infection and allow blood to clot and they occasionally cause inflammation of the pancreas. These drugs have also been associated with an increased risk of lymphoma. For these reasons careful consideration needs to be given to the use of these drugs in patients with active Crohn's disease.</P>
</SUMMARY_BODY>
  </SUMMARY>
  <ABSTRACT>
    <ABS_BACKGROUND>
<P>The results from controlled clinical trials investigating the efficacy of azathioprine and 6-mercaptopurine for the treatment of active Crohn's disease have been conflicting and controversial. An updated meta-analysis was performed to assess the effectiveness of these drugs for the induction of remission in active Crohn's disease.</P>
</ABS_BACKGROUND>
    <ABS_OBJECTIVES>
<P>The primary objective was to determine the efficacy and safety of azathioprine and 6-mercaptopurine for induction of remission in active Crohn's disease.</P>
</ABS_OBJECTIVES>
    <ABS_SEARCH_STRATEGY>
<P>A literature search for relevant studies (inception to June 13, 2012) was performed using MEDLINE, EMBASE and the Cochrane Library. Review articles and conference proceedings were also searched to identify additional studies.</P>
</ABS_SEARCH_STRATEGY>
    <ABS_SELECTION_CRITERIA>
<P>Randomized controlled trials (RCTs) of oral azathioprine or 6-mercaptopurine compared to placebo or active therapy involving adult patients with active Crohn's disease were selected for inclusion.</P>
</ABS_SELECTION_CRITERIA>
    <ABS_DATA_COLLECTION>
<P>Data were extracted by two independent observers based on the intention-to-treat principle. Outcomes of interest included: clinical remission, clinical improvement, fistula improvement or healing, steroid sparing, adverse events, withdrawals due to adverse events and serious adverse events. We calculated the pooled relative risk (RR) and 95% confidence intervals (95% CI) for each outcome. The methodological quality of included studies was evaluated using the Cochrane risk of bias tool. The overall quality of the evidence supporting each outcome was assessed using the GRADE criteria.</P>
</ABS_DATA_COLLECTION>
    <ABS_RESULTS>
<P>Thirteen RCTs (n = 1211 patients) of azathioprine and 6-mercaptopurine therapy in adult patients were identified: nine included placebo comparators and six included active comparators. The majority of included studies were rated as low risk of bias. There was no statistically significant difference in clinical remission rates between azathioprine or 6-mercaptopurine and placebo. Forty-eight per cent (95/197) of patients receiving antimetabolites achieved remission compared to 37% (68/183) of placebo patients (5 studies, 380 patients; RR 1.23, 95% CI 0.97 to 1.55). There was no statistically significant difference in clinical improvement rates between azathioprine or 6-mercaptopurine and placebo. Forty-eight per cent (107/225) of patients receiving antimetabolites achieved clinical improvement or remission compared to 36% (75/209) of placebo patients (8 studies, 434 patients; RR 1.26, 95% CI 0.98 to 1.62). There was a statistically significant difference in steroid sparing (defined as prednisone dose &lt; 10 mg/day while maintaining remission) between azathioprine and placebo. Sixty-four per cent (47/163) of azathioprine patients were able to reduce their prednisone dose to &lt; 10 mg/day compared to 46% (32/70) of placebo patients (RR 1.34, 95% CI 1.02 to 1.77). GRADE analyses rated the overall quality of the evidence for the outcomes clinical remission, clinical improvement and steroid sparing as moderate due to sparse data. There was no statistically significant difference in withdrawals due to adverse events or serious adverse events between antimetabolites and placebo. Ten percent of patients in the antimetabolite group withdrew due to adverse events compared to 5% of placebo patients (8 studies, 510 patients; RR 1.70, 95% CI 0.94 to 3.08). Serious adverse events were reported in 14% of patients receiving azathioprine compared to 4% of placebo patients (2 studies, 216 patients; RR 2.57, 95% CI 0.92 to 7.13). Common adverse events reported in the placebo controlled studies included: allergic reactions. leukopenia, pancreatitis and nausea. Azathioprine was significantly inferior to infliximab for induction of steroid-free clinical remission. Thirty per cent (51/170) of azathioprine patients achieved steroid-free remission compared to 44% (75/169) of infliximab patients (1 study, 339 patients; RR 0.68, 95% CI 0.51 to 0.90). The combination of azathioprine and infliximab was significantly superior to infliximab alone for induction of steroid-free clinical remission. Sixty per cent (116/194) of patients in the combined azathioprine and infliximab group achieved steroid-free remission compared to 48% (91/189) of infliximab patients (2 studies, 383 patients; RR 1.23, 95% CI 1.02 to 1.47). Azathioprine or 6-mercaptopurine therapy was found to be no better at inducing steroid free clinical remission compared to methotrexate (RR 1.13, 95% CI 0.85 to 1.49) and 5-aminosalicylate or sulfasalazine (RR 1.24, 95% CI 0.80 to 1.91). There were no statistically significant differences in withdrawals due to adverse events between azathioprine or 6-mercaptopurine and methotrexate (RR 0.78, 95% CI 0.23 to 2.71); between azathioprine or 6-mercaptopurine and 5-aminosalicylate or sulfasalazine (RR 0.98, 95% CI 0.38 to 2.54); between azathioprine and infliximab (RR 1.47, 95% CI 0.96 to 2.23); or between the combination of azathioprine and infliximab and infliximab (RR 1.16, 95% CI 0.75 to 1.80). Common adverse events in the active comparator trials included nausea, abdominal pain, pyrexia and headache.</P>
</ABS_RESULTS>
    <ABS_CONCLUSIONS>
<P>Azathioprine and 6-mercaptopurine offer no advantage over placebo for induction of remission or clinical improvement in active Crohn's disease. Antimetaboilte therapy may allow patients to reduce steroid consumption. Adverse events were more common in patients receiving antimetabolites although differences with placebo were not statistically significant. Azathioprine therapy is inferior to infliximab for induction of steroid-free remission. However, the combination of azathioprine and infliximab was superior to infliximab alone for induction of steroid-free remission.</P>
</ABS_CONCLUSIONS>
  </ABSTRACT>
</DOC>
