<?xml version="1.0"?>
<DOC>
  <TITLE TRANSLATED="NO">Abdominal decompression in normal pregnancy</TITLE>
  <SUMMARY>
    <SUMMARY_TITLE>Abdominal decompression in normal pregnancy</SUMMARY_TITLE>
    <SUMMARY_BODY>
<P>Abdominal decompression is a procedure during which a negative pressure is applied intermittently to a pregnant woman's abdomen, enclosed within an airtight frame. It is thought to improve the mother's blood flow to the placenta, and during labour to relieve pain. The review of three studies of abdominal decompression used for healthy pregnant women found no benefits with respect to high blood pressure in the mother nor the newborn baby's condition and subsequent intellectual development. Avenues for further research remain.</P>
</SUMMARY_BODY>
  </SUMMARY>
  <ABSTRACT>
    <ABS_BACKGROUND>
<P>Abdominal decompression was developed as a means of pain relief during labour. It has also been used for complications of pregnancy, and in healthy pregnant women in an attempt to improve fetal wellbeing and intellectual development. </P>
</ABS_BACKGROUND>
    <ABS_OBJECTIVES>
<P>The objective of this review was to assess the effects of prophylactic abdominal decompression on pregnancy outcomes such as admission for pre-eclampsia, fetal growth, perinatal morbidity and mortality and childhood development.</P>
</ABS_OBJECTIVES>
    <ABS_SEARCH_STRATEGY>
<P>We searched the Cochrane Pregnancy and Childbirth Group's Trials Register (2 February 2012).</P>
</ABS_SEARCH_STRATEGY>
    <ABS_SELECTION_CRITERIA>
<P>Randomised trials comparing abdominal decompression with dummy decompression or no treatment in healthy pregnant women.</P>
</ABS_SELECTION_CRITERIA>
    <ABS_DATA_COLLECTION>
<P>Both review authors assessed eligibility and trial quality.</P>
</ABS_DATA_COLLECTION>
    <ABS_RESULTS>
<P>Three studies were included. There was no difference between the abdominal decompression groups and the control groups for low birthweight (risk ratio (RR) 0.69, 95% confidence interval (CI) 0.27 to 1.77) and perinatal mortality (RR 2.47, 95% CI 0.77 to 7.92). There were no differences in admission for pre-eclampsia, Apgar score and childhood development.</P>
</ABS_RESULTS>
    <ABS_CONCLUSIONS>
<P>There is no evidence to support the use of abdominal decompression in normal pregnancies. Future research should be directed towards the use of abdominal decompression during labour, and during complicated pregnancies.</P>
</ABS_CONCLUSIONS>
  </ABSTRACT>
</DOC>
