<?xml version="1.0"?>
<DOC>
  <TITLE TRANSLATED="NO">Glutamine supplementation to prevent morbidity and mortality in preterm infants</TITLE>
  <SUMMARY>
    <SUMMARY_TITLE>Glutamine supplementation to prevent morbidity and mortality in preterm infants</SUMMARY_TITLE>
    <SUMMARY_BODY>
<P>Glutamine is an important nutrient for growth and development and may be especially important in aiding recovery from critical illness. This review included several well-conducted randomised controlled trials that assessed the impact of providing extra glutamine to preterm infants. These trials did not find strong evidence that glutamine supplementation affected the risk of death, serious infection or bowel disease, or longer term development.</P>
</SUMMARY_BODY>
  </SUMMARY>
  <ABSTRACT>
    <ABS_BACKGROUND>
<P>Glutamine is a conditionally essential amino acid. Endogenous biosynthesis may be insufficient for tissue needs in states of metabolic stress. Evidence exists that glutamine supplementation improves clinical outcomes in critically ill adults. It has been suggested that glutamine supplementation may also benefit preterm infants.</P>
</ABS_BACKGROUND>
    <ABS_OBJECTIVES>
<P>To determine the effects of glutamine supplementation on mortality and morbidity in preterm infants.</P>
</ABS_OBJECTIVES>
    <ABS_SEARCH_STRATEGY>
<P>We used the standard search strategy of the Cochrane Neonatal Review Group. This included searches of the Cochrane Central Register of Controlled Trials (<I>The Cochrane Library</I>, 2011, Issue 4), MEDLINE, EMBASE and CINAHL (to November 2011), conference proceedings and previous reviews.</P>
</ABS_SEARCH_STRATEGY>
    <ABS_SELECTION_CRITERIA>
<P>Randomised or quasi-randomised controlled trials that compared glutamine supplementation versus no glutamine supplementation in preterm infants at any time from birth to discharge from hospital.</P>
</ABS_SELECTION_CRITERIA>
    <ABS_DATA_COLLECTION>
<P>We extracted data using the standard methods of the Cochrane Neonatal Review Group, with separate evaluation of trial quality and data extraction by two review authors. We synthesised data using a fixed-effect model and reported typical relative risk, typical risk difference and weighted mean difference.</P>
</ABS_DATA_COLLECTION>
    <ABS_RESULTS>
<P>We identified 11 randomised controlled trials in which a total of 2771 preterm infants participated. Five trials assessed enteral glutamine supplementation and six trials assessed parenteral glutamine supplementation. The trials were generally of good methodological quality. Meta-analysis did not detect a statistically significant effect of glutamine supplementation on mortality [typical relative risk 0.98 (95% confidence interval 0.80 to 1.18); risk difference 0.00 (95% confidence interval -0.03 to 0.02)] or major neonatal morbidities including the incidence of invasive infection or necrotising enterocolitis. Two trials that assessed neurodevelopmental outcomes at 18 to 24 months did not find any statistically significant differences in various assessments.</P>
</ABS_RESULTS>
    <ABS_CONCLUSIONS>
<P>The available trial data do not provide evidence that glutamine supplementation confers important benefits for preterm infants.</P>
</ABS_CONCLUSIONS>
  </ABSTRACT>
</DOC>
