<?xml version="1.0"?>
<DOC>
  <TITLE TRANSLATED="NO">Steroids for acute spinal cord injury</TITLE>
  <SUMMARY>
    <SUMMARY_TITLE>Steroids for acute spinal cord injury</SUMMARY_TITLE>
    <SUMMARY_BODY>
<P>Every year, about 40 million people worldwide suffer a spinal cord injury. Most of them are young men. The results are often devastating. Various drugs have been given to patients in attempts to reduce the extent of permanent paralysis. Steroids have probably been used more for this purpose than any other type of drug. The review looked for studies that examined the effectiveness of this treatment in improving movement and reducing the death rate. Nearly all the research, seven trials, has involved just one steroid, methylprednisolone. The results show that treatment with this steroid does improve movement but it must start soon after the injury has happened, within no more than eight hours. It should be continued for 24 to 48 hours. Different dose rates of the drug have been given and the so-called high-dose rate is the most effective. The treatment does not, however, give back the patient a normal amount of movement and more research is necessary with steroids, possibly combining them with other drugs.</P>
</SUMMARY_BODY>
  </SUMMARY>
  <ABSTRACT>
    <ABS_BACKGROUND>
<P>Acute spinal cord injury is a devastating condition typically affecting young people, mostly males. Steroid treatment in the early hours after the injury is aimed at reducing the extent of permanent paralysis during the rest of the patient's life.</P>
</ABS_BACKGROUND>
    <ABS_OBJECTIVES>
<P>To review randomized trials of steroids for human acute spinal cord injury.</P>
</ABS_OBJECTIVES>
    <ABS_SEARCH_STRATEGY>
<P>We searched the Cochrane Injuries Group Specialised Register (searched 02 Aug 2011), The Cochrane Central Register of Controlled Trials 2011, issue 3 (The Cochrane Library), MEDLINE (Ovid) 1948 to July Week 3 2011, EMBASE (Ovid) 1974 to 2011 week 17, ISI Web of Science: Science Citation Index Expanded (SCI-EXPANDED) 1970 to Aug 2011, ISI Web of Science: Conference Proceedings Citation Index- Science (CPCI-S) 1990 to Aug 2011 and PubMed [www.ncbi.nlm.nih.gov/sites/entrez/] (searched 04 Aug 2011) for records added to PubMed in the last 90 days). Files of the National Acute Spinal Cord Injury Study (NASCIS) were reviewed (NASCIS was founded in 1977 and has tracked trials in this area since that date). We also searched the reference lists of relevant studies and previously published reviews.</P>
</ABS_SEARCH_STRATEGY>
    <ABS_SELECTION_CRITERIA>
<P>All randomized controlled trials of steroid treatment for acute spinal cord injury in any language.</P>
</ABS_SELECTION_CRITERIA>
    <ABS_DATA_COLLECTION>
<P>One review author extracted data from trial reports. Japanese and French studies were found through NASCIS and additional data (e.g. SDs) were obtained from the original study authors.</P>
</ABS_DATA_COLLECTION>
    <ABS_RESULTS>
<P>Eight trials are included in this review, seven used methylprednisolone. Methylprednisolone sodium succinate has been shown to improve neurologic outcome up to one year post-injury if administered within eight hours of injury and in a dose regimen of: bolus 30mg/kg over 15 minutes, with maintenance infusion of 5.4 mg/kg per hour infused for 23 hours. The initial North American trial results were replicated in a Japanese trial but not in the one from France. Data was obtained from the latter studies to permit appropriate meta-analysis of all three trials. This indicated significant recovery in motor function after methylprednisolone therapy, when administration commenced within eight hours of injury. A more recent trial indicates that, if methylprednisolone therapy is given for an additional 24 hours (a total of 48 hours), additional improvement in motor neurologic function and functional status are observed. This is particularly observed if treatment cannot be started until between three to eight hours after injury. The same methylprednisolone therapy has been found effective in whiplash injuries. A modified regimen was found to improve recovery after surgery for lumbar disc disease. The risk of bias was low in the largest methyprednisolne trials. Overall, there was no evidence of significantly increased complications or mortality from the 23 or 48 hour therapy.</P>
</ABS_RESULTS>
    <ABS_CONCLUSIONS>
<P>High-dose methylprednisolone steroid therapy is the only pharmacologic therapy shown to have efficacy in a phase three randomized trial when administered within eight hours of injury. One trial indicates additional benefit by extending the maintenance dose from 24 to 48 hours, if start of treatment must be delayed to between three and eight hours after injury. There is an urgent need for more randomized trials of pharmacologic therapy for acute spinal cord injury.</P>
</ABS_CONCLUSIONS>
  </ABSTRACT>
</DOC>
