<?xml version="1.0"?>
<DOC>
  <TITLE TRANSLATED="NO">Interventions for treating constipation in pregnancy</TITLE>
  <SUMMARY>
    <SUMMARY_TITLE>Interventions for treating constipation in pregnancy</SUMMARY_TITLE>
    <SUMMARY_BODY>
<P>Mild laxatives help relieve constipation in pregnancy.</P>
<P>Constipation is a common problem in late pregnancy. The time taken for food to get through the gut to the bowel is increased in the second and third trimester and may be caused by an increase in the hormone, progesterone. Adding more fibre to the diet increases the frequency of defecation (bowel movement) and leads to softer stools. The review of trials found that laxatives which stimulate the bowel are more effective than those that add bulk but may cause more adverse effects such as diarrhoea and abdominal pain. Fibre supplements are effective and appear to have no adverse effects.</P>
</SUMMARY_BODY>
  </SUMMARY>
  <ABSTRACT>
    <ABS_BACKGROUND>
<P>Constipation is a common problem in late pregnancy. Circulating progesterone may be the cause of slower gastrointestinal movement in mid and late pregnancy. </P>
</ABS_BACKGROUND>
    <ABS_OBJECTIVES>
<P>The objective of this review was to assess the effects of different methods for treating constipation in pregnancy.</P>
</ABS_OBJECTIVES>
    <ABS_SEARCH_STRATEGY>
<P>We searched the Cochrane Pregnancy and Childbirth Group trials register, the Cochrane Controlled Trials Register and MEDLINE. Date of last search: January 2001.</P>
</ABS_SEARCH_STRATEGY>
    <ABS_SELECTION_CRITERIA>
<P>Randomised trials of any treatment for constipation in pregnancy.</P>
</ABS_SELECTION_CRITERIA>
    <ABS_DATA_COLLECTION>
<P>Trial quality assessments and data extraction were done independently by two reviewers.</P>
</ABS_DATA_COLLECTION>
    <ABS_RESULTS>
<P>Two suitable trials were identified. Fibre supplements increased the frequency of defecation (odds ratio 0.18, 95% confidence interval 0.05 to 0.67), and lead to softer stools. Stimulant laxatives are more effective than bulk-forming laxatives (odds ratio 0.30, 95% confidence interval 0.14 to 0.61), but may cause more side effects. </P>
</ABS_RESULTS>
    <ABS_CONCLUSIONS>
<P>Dietary supplements of fibre in the form of bran or wheat fibre are likely to help women experiencing constipation in pregnancy. If the problem fails to resolve, stimulant laxatives are likely to prove more effective. </P>
</ABS_CONCLUSIONS>
  </ABSTRACT>
</DOC>
