<?xml version="1.0"?>
<DOC>
  <TITLE TRANSLATED="NO">Doxapram for ventilatory failure due to exacerbations of chronic obstructive pulmonary disease</TITLE>
  <SUMMARY>
    <SUMMARY_TITLE>Doxapram for ventilatory failure due to exacerbations of chronic obstructive pulmonary disease</SUMMARY_TITLE>
    <SUMMARY_BODY>
<P>Some people with advanced COPD (chronic obstructive pulmonary disease) experience respiratory failure whereby blood oxygen levels fall and high levels of the waste gas carbon dioxide accumulate and cause worsening symptoms. In extreme cases this disturbance in the blood can cause coma and death. When respiratory failure is severe giving oxygen alone is no longer enough because an increase in carbon dioxide levels can make the situation worse by depressing the drive to breathe. Doxapram is a drug that may stimulate breathing. The review of trials found that it may be able to help, but some newer treatments may be more effective. Doxapram may be worthwhile as a short-term measure or when other treatments are not possible. </P>
</SUMMARY_BODY>
  </SUMMARY>
  <ABSTRACT>
    <ABS_BACKGROUND>
<P>COPD is a progressive illness and in the later stages, exacerbations may lead to ventilatory failure. The combination of hypoxia and hypercapnia can lead to coma and death. Correction of these blood gas abnormalities is a medical emergency. Doxapram is a respiratory stimulant used to stimulate respiration in this setting. </P>
</ABS_BACKGROUND>
    <ABS_OBJECTIVES>
<P>The objective of this review was to assess the effects of doxapram on gas exchange and clinical outcomes in people with ventilatory failure due to acute exacerbations of chronic obstructive pulmonary disease.</P>
</ABS_OBJECTIVES>
    <ABS_SEARCH_STRATEGY>
<P>We searched the Cochrane Airways Group trials register and reference lists of articles. We also contacted experts in the field, study authors and drug companies. An updated electronic search conducted in October 2003 did not yield any further studies. </P>
</ABS_SEARCH_STRATEGY>
    <ABS_SELECTION_CRITERIA>
<P>Randomised trials comparing doxapram with other treatments or placebo in people with ventilatory failure due to exacerbations of chronic obstructive pulmonary disease.</P>
</ABS_SELECTION_CRITERIA>
    <ABS_DATA_COLLECTION>
<P>Two reviewers assessed trial quality and extracted data.</P>
</ABS_DATA_COLLECTION>
    <ABS_RESULTS>
<P>Four trials involving 176 people were included. The trials were of variable quality. Doxapram was marginally superior to placebo in preventing blood gas deterioration. In the two studies comparing doxapram and non-invasive ventilation the results were conflicting: an early small study suggested non-invasive ventilation was superior. However, a subsequent larger study in severe participants suggested doxapram was equally effective in terms of blood gases changes, with no differences observed in mortality and frequent treatment failure. </P>
</ABS_RESULTS>
    <ABS_CONCLUSIONS>
<P>Doxapram can improve blood gas exchange over the first few hours of treatment. Newer techniques such as non-invasive ventilation may prove to be more effective, although there is no randomised trial evidence to this effect.</P>
</ABS_CONCLUSIONS>
  </ABSTRACT>
</DOC>
