<?xml version="1.0"?>
<DOC>
  <TITLE TRANSLATED="NO">Venepuncture versus heel lance for blood sampling in term neonates</TITLE>
  <SUMMARY>
    <SUMMARY_TITLE>Venepuncture versus heel lance for blood sampling in term neonates</SUMMARY_TITLE>
    <SUMMARY_BODY>
<P>In most countries, a blood sample from newborn babies is needed for screening tests. A heel lance is the standard way of taking blood, but it is a painful procedure with no optimal method of pain relief known. This review of trials found evidence that venepuncture, when done by a trained practitioner, caused less pain than heel lance. The use of a sweet tasting solution given to the baby prior to the event reduced pain further. The evidence included outcome measures using pain scales, how long the baby cried and how the mother rated their baby's pain.</P>
</SUMMARY_BODY>
  </SUMMARY>
  <ABSTRACT>
    <ABS_BACKGROUND>
<P>Heel lance has been the conventional method of blood sampling in neonates for screening tests. Neonates undergoing heel lance experience pain which cannot be completely alleviated.</P>
</ABS_BACKGROUND>
    <ABS_OBJECTIVES>
<P>To determine whether venepuncture or heel lance is less painful and more effective for blood sampling in term neonates.</P>
</ABS_OBJECTIVES>
    <ABS_SEARCH_STRATEGY>
<P>Randomized or quasi-randomised controlled trials comparing pain response to venepuncture versus heel lance were identified by searching the Cochrane Central Regsiter of Controlled Trials (CENTRAL, <I>The Cochrane Library),</I> MEDLINE, EMBASE, CINAHL, and clinical trials registries in May 2011.</P>
</ABS_SEARCH_STRATEGY>
    <ABS_SELECTION_CRITERIA>
<P>Trials comparing pain response to venepuncture versus heel lance with or with out the use of a sweet tasting solution as a co-intervention in term neonates.</P>
</ABS_SELECTION_CRITERIA>
    <ABS_DATA_COLLECTION>
<P>Outcomes included pain response to venepuncture versus heel lance with or without the use of a sweet tasting solution using validated pain measures, the need of repeat sampling and cry characteristics. Analyses included typical relative risk (RR), risk difference (RD), number needed to treat (NNT), weighted mean difference (WMD) and standardized mean difference (SMD) with their 95% confidence intervals (CI). Between study heterogeneity was reported including the I squared (I<SUP>2</SUP>) test.</P>
</ABS_DATA_COLLECTION>
    <ABS_RESULTS>
<P>Six studies (n = 478) of variable quality were included. A composite outcome of Infant Pain Scale (NIPS), Neonatal Facial Action Coding System (NFCS) and/or Premature Infant Pain Profile (PIPP) score was reported in 288 infants, who did not receive a sweet tasting solution. Meta-analysis showed a significant reduction in the venepuncture versus the heel lance group (SMD -0.76, 95% CI -1.00 to -0.52; I<SUP>2</SUP> = 0%). When a sweet tasting solution was provided the SMD remained significant favouring the venepuncture group (SMD - 0.38, 95% CI -0.69 to -0.07). The typical RD for requiring more than one skin puncture for venepuncture versus heel lance (reported in 4 studies; n = 254) was -0.34 (95% CI -0.43 to -0.25; I<SUP>2</SUP> = 97%). The NNT to avoid one repeat skin puncture was 3 (95% CI 2 to 4). Cry characteristics favoured the venepuncture group but the differences were reduced by the provision of sweet tasting solutions prior to either procedure.</P>
</ABS_RESULTS>
    <ABS_CONCLUSIONS>
<P>Venepuncture, when performed by a skilled phlebotomist, appears to be the method of choice for blood sampling in term neonates. The use of a sweet tasting solution further reduces the pain. </P>
<P>Further well designed randomised controlled trials should be conducted in settings where several individuals perform the procedures.</P>
</ABS_CONCLUSIONS>
  </ABSTRACT>
</DOC>
