<?xml version="1.0"?>
<DOC>
  <TITLE TRANSLATED="NO">Pharmacotherapy for Behcet's syndrome</TITLE>
  <SUMMARY>
    <SUMMARY_TITLE>Pharmacotherapy for Behcet's syndrome</SUMMARY_TITLE>
    <SUMMARY_BODY>
<P>Behcet's syndrome is a multisystemic disorder presenting with recurrent oral and genital ulcerations as well as ocular involvement. Treatment of Behcet's syndrome is symptomatic and empirical.</P>
<P>Ten trials and 679 patients were included. There is insufficient evidence either to support or to refute some of the classic treatments for Behcet's syndrome, including colchicine, cyclophosphamide and steroids for eye involvement, azapropazone and colchicine for arthritis and acyclovir, colchicine and topical interpheron for aphthas. The results confirm the protective effects of cyclosporine and azathioprine for eye involvement and benzathine-penicillin for arthritis.</P>
<P>We conclude that further randomized, placebo-controlled, double-blind trials should be carried out to compare cyclosporine, azathioprine and benzathine-penicillin versus placebo in order to make the results generalizable and comparable.</P>
</SUMMARY_BODY>
  </SUMMARY>
  <ABSTRACT>
    <ABS_BACKGROUND>
<P>Behcet's syndrome is a multisystemic disorder presenting with recurrent oral and genital ulcerations as well as ocular involvement. Treatment of Behcet's syndrome is symptomatic and empirical.</P>
</ABS_BACKGROUND>
    <ABS_OBJECTIVES>
<P>To determine the effects of available pharmacological interventions in treating the different clinical features of Behcet's syndrome.</P>
</ABS_OBJECTIVES>
    <ABS_SEARCH_STRATEGY>
<P>We searched the Cochrane Musculoskeletal Group's trials register, the Cochrane Controlled Trials Register, and Medline up to January 1998. The computer search was complemented by a hand search of all bibliographic references from the reference lists of included trials. Principal investigators were contacted to seek unpublished literature. All languages were included.</P>
</ABS_SEARCH_STRATEGY>
    <ABS_SELECTION_CRITERIA>
<P>Studies were eligible if they fulfilled all of the four following criteria:<BR/>1. Randomized controlled trials, single or double-blind;<BR/>2. Participants were patients with Behcet's Syndrome as defined by the International Study Group, 1990 (Int Study Group 1990);<BR/>3. Interventions included any pharmacological therapy compared to placebo or some other pharmacological intervention for the treatment of Behcet's syndrome. <BR/>4. Outcome measures included active ocular inflammatory processes, arthritis, mucocutaneous manifestations (oral ulcer, genital ulcer, erythema nodosum), laboratory changes and major events such as adverse effects and death.</P>
</ABS_SELECTION_CRITERIA>
    <ABS_DATA_COLLECTION>
<P>The 32 potentially relevant references were assessed by two independent reviewers (MA, AS) according to the inclusion criteria. Ten trials fit the inclusion criteria and were included in this review. From the 10 included trials, data were independently extracted by the same two observers and cross checked. The quality of the included trials was assessed independently by two observers (MA, AS) using a validated scale (Jadad 1996).<BR/> <BR/>For dichotomous measures, the treatment effect for each trial was calculated using a fixed effect model [Peto model (Petitti 1994)]. The weighted mean differences were based, if available, on end-of-trial results. The analysis was conducted separately for each different intervention. Since the trials could not be pooled it was not possible to carry out a sensitivity analysis by quality scores or a subgroup analysis by drug dosages. Because of this lack of comparability across trials and the small number of trials, we could not conduct a heterogeneity test or a funnel plot.</P>
</ABS_DATA_COLLECTION>
    <ABS_RESULTS>
<P>Ten trials and 679 patients were included. There is insufficient evidence either to support or to refute some of the classic treatments for Behcet's syndrome, including colchicine, cyclophosphamide and steroids for eye involvement, azapropazone and colchicine for arthritis and acyclovir, colchicine and topical interpheron for aphthas. The results confirm the protective effects of cyclosporine and azathioprine for eye involvement and benzathine-penicillin for arthritis.</P>
</ABS_RESULTS>
    <ABS_CONCLUSIONS>
<P>We conclude that further randomized, placebo-controlled, double-blind trials should be carried out to compare cyclosporine, azathioprine and benzathine-penicillin versus placebo in order to make the results generalizable and comparable.</P>
</ABS_CONCLUSIONS>
  </ABSTRACT>
</DOC>
