<?xml version="1.0"?>
<DOC>
  <TITLE TRANSLATED="NO">Antibiotics for preterm rupture of membranes</TITLE>
  <SUMMARY>
    <SUMMARY_TITLE>Antibiotics for preterm rupture of membranes</SUMMARY_TITLE>
    <SUMMARY_BODY>
<P>Certain antibiotics given to women with early broken waters will improve babies' health. Babies born too soon are more likely to suffer ill health in the early days and sometimes throughout life. Early labour and birth (before 37 weeks) may be due to undetected infection as well as the waters breaking early. The review of 22 trials, involving 6800 women and their babies, found that, in the short term, certain antibiotics given to women, when their waters break early, increase the time babies stay in the womb. They reduced infection, but did not save more babies. One antibiotic (co-amoxiclav) increased the number of babies with a rare condition of inflammation of the bowel (necrotising enterocolitis). The longer term (at seven years of age) antibiotics seem to have little effect on the health of children. It is not clear whether antibiotics should be prescribed for women whose waters break early, and if they are, which would be the antibiotic of choice.</P>
</SUMMARY_BODY>
  </SUMMARY>
  <ABSTRACT>
    <ABS_BACKGROUND>
<P>Premature birth carries substantial neonatal morbidity and mortality. Subclinical infection is associated with preterm rupture of membranes (PROM). Prophylactic maternal antibiotic therapy might lessen infectious morbidity and delay labour, but could suppress labour without treating underlying infection.</P>
</ABS_BACKGROUND>
    <ABS_OBJECTIVES>
<P>To evaluate the immediate and long-term effects of administering antibiotics to women with PROM before 37 weeks, on maternal infectious morbidity, neonatal morbidity and mortality, and longer-term childhood development.</P>
</ABS_OBJECTIVES>
    <ABS_SEARCH_STRATEGY>
<P>We searched the Cochrane Pregnancy and Childbirth Group's Trials Register (29 April 2010).</P>
</ABS_SEARCH_STRATEGY>
    <ABS_SELECTION_CRITERIA>
<P>Randomised controlled trials comparing antibiotic administration with placebo that reported clinically relevant outcomes were included as were trials of different antibiotics. Trials in which no placebo was used were included for the outcome of perinatal death alone.</P>
</ABS_SELECTION_CRITERIA>
    <ABS_DATA_COLLECTION>
<P>We extracted data from each report without blinding of either the results or the treatments that women received. We sought unpublished data from a number of authors.</P>
</ABS_DATA_COLLECTION>
    <ABS_RESULTS>
<P>We included 22 trials, involving 6800 women and babies.</P>
<P>The use of antibiotics following PROM is associated with statistically significant reductions in chorioamnionitis (average risk ratio (RR) 0.66, 95% confidence interval (CI) 0.46 to 0.96, and a reduction in the numbers of babies born within 48 hours (average RR 0.71, 95% CI 0.58 to 0.87) and seven days of randomisation (average RR 0.79, 95% CI 0.71 to 0.89). The following markers of neonatal morbidity were reduced: neonatal infection (RR 0.67, 95% CI 0.52 to 0.85), use of surfactant (RR 0.83, 95% CI 0.72 to 0.96), oxygen therapy (RR 0.88, 95% CI 0.81 to 0.96), and abnormal cerebral ultrasound scan prior to discharge from hospital (RR 0.81, 95% CI 0.68 to 0.98). Co-amoxiclav was associated with an increased risk of neonatal necrotising enterocolitis (RR 4.72, 95% CI 1.57 to 14.23).</P>
<P>One study evaluated the children's health at seven years of age (ORACLE Children Study) and found antibiotics seemed to have little effect on the health of children.</P>
</ABS_RESULTS>
    <ABS_CONCLUSIONS>
<P>The decision to prescribe antibiotics for women with PROM is not clearcut. Benefits in some short-term outcomes (prolongation of pregnancy, infection, less abnormal cerebral ultrasound before discharge from hospital) should be balanced against a lack of evidence of benefit for others, including perinatal mortality, and longer term outcomes. If antibiotics are prescribed it is unclear which would be the antibiotic of choice.</P>
<P>Co-amoxiclav should be avoided in women at risk of preterm delivery due to increased risk of neonatal necrotising enterocolitis.</P>
</ABS_CONCLUSIONS>
  </ABSTRACT>
</DOC>
