<?xml version="1.0"?>
<DOC>
  <TITLE TRANSLATED="NO">Vaccines for preventing influenza in people with asthma</TITLE>
  <SUMMARY>
    <SUMMARY_TITLE>Vaccines for preventing influenza in people with asthma</SUMMARY_TITLE>
    <SUMMARY_BODY>
<P>Influenza (flu) is a highly infectious disease, caused by viruses. Influenza has been thought to cause asthma attacks. Few trials have been carried out in a way that tests whether asthma attacks following influenza infection (as opposed to following the vaccination) are significantly reduced by having influenza vaccination, so uncertainty remains in terms of how much difference vaccination makes to people with asthma. The included studies suggest that the vaccine against influenza is unlikely to precipitate asthma attacks immediately after the vaccine is used. </P>
</SUMMARY_BODY>
  </SUMMARY>
  <ABSTRACT>
    <ABS_BACKGROUND>
<P>Influenza vaccination is recommended for asthmatic patients in many countries as observational studies have shown that influenza infection can be associated with asthma exacerbations, but influenza vaccination itself has the potential to adversely affect pulmonary function. A recent overview concluded that there was no clear benefit of influenza vaccination in patients with asthma but this conclusion was not based on a systematic search of the literature.</P>
</ABS_BACKGROUND>
    <ABS_OBJECTIVES>
<P>Whilst influenza may cause asthma exacerbations, there is controversy about the use of influenza vaccinations, since they may precipitate an asthma attack in some people. The objective of this review was to assess the efficacy of influenza vaccination in children and adults with asthma.</P>
</ABS_OBJECTIVES>
    <ABS_SEARCH_STRATEGY>
<P>We searched the Cochrane Airways Group trials register and checked reference lists of articles. The last search was carried out in December 2007.</P>
</ABS_SEARCH_STRATEGY>
    <ABS_SELECTION_CRITERIA>
<P>Randomised trials of influenza vaccination in children (over two years of age) and adults with asthma. Studies involving people with chronic obstructive pulmonary disease were excluded.</P>
</ABS_SELECTION_CRITERIA>
    <ABS_DATA_COLLECTION>
<P>Inclusion criteria and assessment of trial quality were applied by two reviewers independently. Data extraction was done by two reviewers independently. Study authors were contacted for missing information.</P>
</ABS_DATA_COLLECTION>
    <ABS_RESULTS>
<P>Nine trials were initially included. Four of these trials were of high quality. Six further articles have been included in three updates (Bueving 2003; Castro 2001; Fleming 2006; Redding 2002; Reid 1998). The included studies covered a wide diversity of people, settings and types of influenza vaccination, but data from the more recent studies that used similar vaccines have been pooled. <BR/>
<B>Benefits</B>: Bueving 2003 studied 696 children with asthma and did not demonstrate a significant reduction in influenza related asthma exacerbations (Risk Difference 0.01; 95% confidence interval -0.02 to 0.04). <BR/>
<B>Harms</B>: The pooled results of two trials involving 2306 people with asthma did not demonstrate a significant increase in asthma exacerbations in the two weeks following influenza vaccination (Risk Difference 0.00; 95% confidence interval -0.02 to 0.02). </P>
</ABS_RESULTS>
    <ABS_CONCLUSIONS>
<P>Uncertainty remains about the degree of protection vaccination affords against asthma exacerbations that are related to influenza infection. Evidence from recently published trials indicates that there is no significant increase in asthma exacerbations immediately after vaccination (at least with inactivated influenza vaccination). There is concern regarding possible increased wheezing and hospital admissions in infants given live intranasal vaccination.</P>
</ABS_CONCLUSIONS>
  </ABSTRACT>
</DOC>
