<?xml version="1.0"?>
<DOC>
  <TITLE TRANSLATED="NO">Single dose oral dextropropoxyphene, alone and with paracetamol (acetaminophen), for postoperative pain</TITLE>
  <SUMMARY>
    <SUMMARY_TITLE>Dextropropoxyphene in a single dose taken on its own and also with paracetamol to treat postoperative pain</SUMMARY_TITLE>
    <SUMMARY_BODY>
<P>This review assessed the analgesic efficacy and adverse effects that single dose oral dextropropoxyphene taken alone or in combination with paracetamol had in treating moderate to severe postoperative pain. The combination of dextropropoxyphene 65 mg with paracetamol 650 mg showed similar efficacy to that of tramadol 100 mg for single dose studies in postoperative pain but with a lower incidence of side effects. This review also highlighted that Ibuprofen 400 mg was yet more effective than both tramadol 100 mg and dextropropoxyphene 65 mg.<BR/>
</P>
</SUMMARY_BODY>
  </SUMMARY>
  <ABSTRACT>
    <ABS_BACKGROUND>
<P>This is an updated version of the original Cochrane review published in Issue 1, 1999. Patient surveys have shown that postoperative pain is often not managed well, and there is a need to assess the efficacy and safety of commonly used analgesics as newer treatments become available. Dextropropoxyphene is one example of an opioid analgesic that used to be widely prescribed for pain relief in combination with paracetamol under names such as Co-proxamol and Distalgesic. This drug is now only available on a named patient basis in the UK. For this group there is a provision for the supply of unlicensed co-proxamol on the responsibility of the prescriber.</P>
</ABS_BACKGROUND>
    <ABS_OBJECTIVES>
<P>To determine the analgesic efficacy and adverse effects of single dose oral dextropropoxyphene alone and in combination with paracetamol (acetaminophen) for moderate to severe postoperative pain.</P>
</ABS_OBJECTIVES>
    <ABS_SEARCH_STRATEGY>
<P>Published studies were identified from: MEDLINE, EMBASE, Cochrane CENTRAL up to December 2007, and the Oxford Pain Relief Database (1954 to 1994).</P>
</ABS_SEARCH_STRATEGY>
    <ABS_SELECTION_CRITERIA>
<P>The inclusion criteria used were: full journal publication, postoperative pain, postoperative oral administration, adult participants, baseline pain of moderate to severe intensity, double-blind design, and random allocation to treatment groups which included dextropropoxyphene and placebo or a combination of dextropropoxyphene plus paracetamol and placebo.</P>
</ABS_SELECTION_CRITERIA>
    <ABS_DATA_COLLECTION>
<P>Data were extracted by two review authors, and studies were quality scored.</P>
<P>Summed pain intensity and pain relief data were extracted and converted into dichotomous information to yield the number of participants with at least 50% pain relief. This was used to calculate the relative benefit and number-needed-to-treat-to-benefit (NNT) for one participant to achieve at least 50% pain relief.</P>
</ABS_DATA_COLLECTION>
    <ABS_RESULTS>
<P>Eleven studies met the inclusion criteria. Six studies (440 participants) compared dextropropoxyphene with placebo, four studies (325 participants) and one individual patient meta-analysis (638 participant) compared dextropropoxyphene plus paracetamol 650 mg with placebo.</P>
<P>For a single dose of dextropropoxyphene 65 mg in postoperative pain the NNT for at least 50% pain relief was 7.7 (95% confidence interval (CI) 4.6 to 22) when compared with placebo over four to six hours. There was no significant difference between the proportion of participants remedicating within four to eight hours with dextroporpoxyphene 65 mg (35%) and placebo (43%), relative risk 0.8 (0.7 to 1.03).</P>
<P>For the equivalent dose of dextropropoxyphene combined with paracetamol 650 mg the NNT was 4.4 (3.5 to 5.6) when compared with placebo. These results were compared with those for other analgesics obtained from equivalent systematic reviews. Significantly fewer participants remedicated within four to eight hours with dextropropoxyphene 65 mg combined with paracetamol 650 mg (34%) than with placebo (57%), relative risk 0.7 (0.5 to 0.8).</P>
<P>Pooled data showed increased incidence of central nervous system adverse effects for dextropropoxyphene plus paracetamol compared with placebo.</P>
</ABS_RESULTS>
    <ABS_CONCLUSIONS>
<P>Since the last version of this review no new relevant studies have been identified. The combination of dextropropoxyphene 65 mg with paracetamol 650 mg shows similar efficacy to tramadol 100 mg for single dose studies in postoperative pain but with a lower incidence of adverse effects. The same dose of paracetamol combined with 60 mg codeine appears more effective but, with the slight overlap in the 95% CI, this conclusion is not robust. Adverse effects of both combinations were similar.</P>
<P>Ibuprofen 400 mg has a lower (better) NNT than both dextropropoxyphene 65 mg plus paracetamol 650 mg and tramadol 100 mg.</P>
</ABS_CONCLUSIONS>
  </ABSTRACT>
</DOC>
