<?xml version="1.0"?>
<DOC>
  <TITLE TRANSLATED="NO">Pneumococcal conjugate vaccines for preventing otitis media</TITLE>
  <SUMMARY>
    <SUMMARY_TITLE>Pneumococcal conjugate vaccines for preventing otitis media</SUMMARY_TITLE>
    <SUMMARY_BODY>
<P>Acute otitis media (AOM) is the infection of the middle ear and is one of the most common diseases in childhood. Infection with pneumococci (a type of bacterium) is a frequent cause of AOM. Pneumococcal conjugate vaccines (PCVs) aim to immunise young children against pneumococcal infections. This review of seven trials with 46,885 participating children aimed to assess the effects of PCV in preventing AOM. The only currently licensed 7-valent PCV given in infancy reduced the occurrence of AOM episodes by 6% to 7%. This means only a marginal decrease in AOM episodes for the individual, but this may have a substantial impact on the healthcare burden of AOM. Children with a history of AOM do not seem to benefit from 7-valent PCV when immunised at an older age (outside infancy).</P>
</SUMMARY_BODY>
  </SUMMARY>
  <ABSTRACT>
    <ABS_BACKGROUND>
<P>Acute otitis media (AOM) is a very common early infancy and childhood disease. The marginal benefits of antibiotics on AOM, the increasing problem of bacterial resistance to antibiotics, and the huge estimated direct and indirect annual costs associated with otitis media (OM) have prompted a search for effective vaccines to prevent AOM.</P>
</ABS_BACKGROUND>
    <ABS_OBJECTIVES>
<P>To assess the effect of pneumococcal conjugate vaccines (PCVs) in preventing AOM in children up to 12 years of age.</P>
</ABS_OBJECTIVES>
    <ABS_SEARCH_STRATEGY>
<P>We searched the Cochrane Central Register of Controlled Trials (CENTRAL) (<I>The Cochrane Library</I> 2007, issue 2), which contains the Cochrane Acute Respiratory Infections Group's Specialised Register; MEDLINE (January 1995 to November 2007); and EMBASE (January 1995 to November 2007). </P>
</ABS_SEARCH_STRATEGY>
    <ABS_SELECTION_CRITERIA>
<P>Randomised controlled trials of PCVs to prevent AOM in children aged 12 years or younger, with a follow up of at least six months after vaccination.</P>
</ABS_SELECTION_CRITERIA>
    <ABS_DATA_COLLECTION>
<P>Three review authors independently assessed trial quality and two review authors extracted data.</P>
</ABS_DATA_COLLECTION>
    <ABS_RESULTS>
<P>We included seven trials on 7- to 11-valent PCV (with different carrier proteins). There was large heterogeneity regarding study population, type of conjugate vaccine, and outcome measures between trials, therefore, results were not pooled. The only currently licensed 7-valent PCV Prevenar® with CRM197 as carrier protein (CRM197-PCV7) administered during infancy was in two studies associated with a 6% (95% confidence interval (CI) -4% to 16%) and 7% (95% CI 4% to 9%) relative reduction in risk of AOM episodes. Another 7-valent PCV with the outer membrane protein complex of <I>Neisseria meningitidis</I> (<I>N. meningitidis</I>) serogroup B as carrier protein, administered in infancy, did not reduce overall AOM episodes, while an 11-valent PCV with <I>Haemophilus influenzae</I> (<I>H. influenzae)</I> protein D as carrier protein was associated with a relative reduction in risk of AOM episodes of 34% (95% CI 21% to 44%). 9-valent PCV (with CRM197 carrier protein) administered in healthy toddlers was associated with a 17% (95% CI -2% to 33%) relative reduction in risk of OM episodes. CRM197-PCV7 followed by 23-valent pneumococcal polysaccharide vaccination administered after infancy in older children with a history of AOM showed no beneficial effect on further AOM episodes.</P>
</ABS_RESULTS>
    <ABS_CONCLUSIONS>
<P>Based on current evidence of the effectiveness of PCVs for the prevention of AOM, the currently licensed 7-valent PCV administered during infancy has marginal beneficial effects. Discrete reductions of 6% to 7% may mean substantial reductions from a public health perspective. Administering PCV7 in older children with a history of AOM appears to have no benefit in preventing further episodes.</P>
</ABS_CONCLUSIONS>
  </ABSTRACT>
</DOC>
