<?xml version="1.0"?>
<DOC>
  <TITLE TRANSLATED="NO">Vaccines for preventing infection with Pseudomonas aeruginosa in cystic fibrosis</TITLE>
  <SUMMARY>
    <SUMMARY_TITLE>Vaccines for preventing infection with <I>Pseudomonas aeruginosa</I> in cystic fibrosis</SUMMARY_TITLE>
    <SUMMARY_BODY>
<P>Cystic fibrosis is a hereditary disease where thick mucus is produced in the lungs. <I>Pseudomonas aeruginosa</I> and other bacteria cause long-lasting lung infections which result in permanent lung damage. Vaccines aimed at reducing infection with <I>Pseudomonas aeruginosa</I> have been developed, and it is important to know whether vaccination can prevent lung infection. We searched for randomised controlled trials and included three trials with 483, 476 and 37 patients respectively. No data are available from one of the large trials, which is unpublished. In the other large trial and in the small trial, the risk of getting a chronic infection was not decreased. In the large trial, one patient was reported to have died in the observation period. In that trial, 227 adverse events (four severe) were registered in the vaccine group and 91 (one severe) in the control group. We cannot recommend the use of vaccines against <I>Pseudomonas aeruginosa</I>.</P>
</SUMMARY_BODY>
  </SUMMARY>
  <ABSTRACT>
    <ABS_BACKGROUND>
<P>Chronic pulmonary infection in cystic fibrosis results in progressive lung damage. Once colonisation of the lungs with <I>Pseudomonas aeruginosa </I>occurs, it is almost impossible to eradicate. Vaccines, aimed at reducing infection with <I>Pseudomonas aeruginosa</I>, have been developed.</P>
</ABS_BACKGROUND>
    <ABS_OBJECTIVES>
<P>To assess the effectiveness of vaccination against <I>Pseudomonas aeruginosa</I> in cystic fibrosis.</P>
</ABS_OBJECTIVES>
    <ABS_SEARCH_STRATEGY>
<P>We searched the Cochrane Cystic Fibrosis and Genetic Disorders Group Trials Register using the terms vaccines AND pseudomonas (last search 19 April 2011) and PubMed using the terms vaccin* AND cystic fibrosis (last search 25 May 2011).</P>
</ABS_SEARCH_STRATEGY>
    <ABS_SELECTION_CRITERIA>
<P>Randomised trials (published or unpublished) comparing <I>Pseudomonas aeruginosa</I> vaccines (oral, parenteral or intranasal) with control vaccines or no intervention in cystic fibrosis.</P>
</ABS_SELECTION_CRITERIA>
    <ABS_DATA_COLLECTION>
<P>The authors independently selected trials, assessed them and extracted data.</P>
</ABS_DATA_COLLECTION>
    <ABS_RESULTS>
<P>Six trials were identified. Two trials were excluded since they were not randomised and one old, small trial because it was not possible to assess whether is was randomised. The three included trials comprised 483, 476 and 37 patients, respectively. No data have been published from one of the large trials, but the company stated in a press release that the trial failed to confirm the results from an earlier study and that further clinical development was suspended. In the other large trial, relative risk for chronic infection was 0.91 (95% confidence interval 0.55 to 1.49), and in the small trial, the risk was also close to one. In the large trial, one patient was reported to have died in the observation period. In that trial, 227 adverse events (4 severe) were registered in the vaccine group and 91 (1 severe) in the control group. There was a marked rise in flagella antibody titres in the vaccine group and no change in the placebo group (P &lt; 0.0001).</P>
</ABS_RESULTS>
    <ABS_CONCLUSIONS>
<P>Vaccines against <I>Pseudomonas aeruginosa</I> cannot be recommended.</P>
</ABS_CONCLUSIONS>
  </ABSTRACT>
</DOC>
