<?xml version="1.0"?>
<DOC>
  <TITLE TRANSLATED="NO">Thrombolysis for acute ischaemic stroke</TITLE>
  <SUMMARY>
    <SUMMARY_TITLE>Thrombolysis for acute ischaemic stroke</SUMMARY_TITLE>
    <SUMMARY_BODY>
<P>Thrombolytic therapy is one of the most promising treatments for acute ischaemic stroke. The majority of strokes are due to blockage of an artery in the brain by a blood clot. Prompt treatment with clot dissolving (thrombolytic) drugs can restore blood flow before major brain damage has occurred. Successful treatment could mean the patient is more likely to make a good recovery from their stroke. Thrombolytic drugs can also, however, cause serious bleeding in the brain, which can be fatal. Thrombolytic therapy has now been evaluated in several randomised trials in acute ischaemic stroke. The thrombolytic drug alteplase (rt-PA) has been licensed for use within three hours of stroke in the USA, Canada, and most European countries but only few patients receive the treatment. This review of 26 trials involving 7152 patients confirmed that thrombolytic treatment can reduce the risk of disability, despite the bleeding risks. However, there was not enough evidence to answer several questions. How big is the overall benefit? What is the latest time window in which the treatment is still beneficial? Which grades of stroke severity and which types of stroke, as judged clinically and on brain imaging, are more likely to respond favourably to treatment? Should patients aged over 80 years receive thrombolysis? Which types of patients are most likely to be harmed by, and which to benefit from, treatment (e.g. with or without other major medical conditions like cardiac arrhythmias, diabetes, hypertension, or other disorders and concomitant medication)? To answer these questions reliably, and in particular to be able to tailor treatment to the individual patient, more data are needed from new randomised controlled trials.</P>
</SUMMARY_BODY>
  </SUMMARY>
  <ABSTRACT>
    <ABS_BACKGROUND>
<P>The majority of strokes are due to blockage of an artery in the brain by a blood clot. Prompt treatment with thrombolytic drugs can restore blood flow before major brain damage has occurred and could improve recovery after stroke. Thrombolytic drugs, however, can also cause serious bleeding in the brain, which can be fatal. One drug, recombinant tissue plasminogen activator (rt-PA), is licensed for use in highly selected patients within three hours of stroke.</P>
</ABS_BACKGROUND>
    <ABS_OBJECTIVES>
<P>To assess the safety and efficacy of thrombolytic agents in patients with acute ischaemic stroke.</P>
</ABS_OBJECTIVES>
    <ABS_SEARCH_STRATEGY>
<P>We searched the Cochrane Stroke Group Trials Register (last searched October 2008), MEDLINE (1966 to October 2008) and EMBASE (1980 to October 2008). We contacted researchers and pharmaceutical companies, attended relevant conferences and handsearched pertinent journals.</P>
</ABS_SEARCH_STRATEGY>
    <ABS_SELECTION_CRITERIA>
<P>Randomised trials of any thrombolytic agent compared with control in patients with definite ischaemic stroke.</P>
</ABS_SELECTION_CRITERIA>
    <ABS_DATA_COLLECTION>
<P>Two review authors applied the inclusion criteria and extracted data. We assessed trial quality. We verified the extracted data with the principal investigators of all major trials. We obtained both published and unpublished data if available.</P>
</ABS_DATA_COLLECTION>
    <ABS_RESULTS>
<P>We included 26 trials involving 7152 patients. Not all trials contributed data to each outcome. The trials tested urokinase, streptokinase, recombinant tissue plasminogen activator, recombinant pro-urokinase or desmoteplase. Four trials used intra-arterial administration, the rest used the intravenous route. Most data come from trials that started treatment up to six hours after stroke; three trials started treatment up to nine hours and one small trial up to 24 hours after stroke. About 55% of the data (patients and trials) come from trials testing intravenous tissue plasminogen activator. Very few of the patients (0.5%) were aged over 80 years. Many trials had some imbalances in key prognostic variables. Several trials did not have complete blinding of outcome assessment. Thrombolytic therapy, mostly administered up to six hours after ischaemic stroke, significantly reduced the proportion of patients who were dead or dependent (modified Rankin 3 to 6) at three to six months after stroke (odds ratio (OR) 0.81, 95% confidence interval (CI) 0.73 to 0.90). Thrombolytic therapy increased the risk of symptomatic intracranial haemorrhage (OR 3.49, 95% CI 2.81 to 4.33) and death by three to six months after stroke (OR 1.31, 95% CI 1.14 to 1.50). Treatment within three hours of stroke appeared more effective in reducing death or dependency (OR 0.71, 95% CI 0.52 to 0.96) with no statistically significant adverse effect on death (OR 1.13, 95% CI 0.86 to 1.48). There was heterogeneity between the trials in part attributable to concomitant antithrombotic drug use (P = 0.02), stroke severity and time to treatment. Antithrombotic drugs given soon after thrombolysis may increase the risk of death.</P>
</ABS_RESULTS>
    <ABS_CONCLUSIONS>
<P>Overall, thrombolytic therapy appears to result in a significant net reduction in the proportion of patients dead or dependent in activities of daily living. This overall benefit was apparent despite an increase both in deaths (evident at seven to 10 days and at final follow up) and in symptomatic intracranial haemorrhages. Further trials are needed to identify which patients are most likely to benefit from treatment and the environment in which thrombolysis may best be given in routine practice.</P>
</ABS_CONCLUSIONS>
  </ABSTRACT>
</DOC>
