<?xml version="1.0"?>
<DOC>
  <TITLE TRANSLATED="NO">Membrane sweeping for induction of labour</TITLE>
  <SUMMARY>
    <SUMMARY_TITLE>Membrane sweeping for induction of labour</SUMMARY_TITLE>
    <SUMMARY_BODY>
<P>Sweeping the membranes is effective in bringing on labour but causes discomfort, some bleeding and irregular contractions.</P>
<P>Sweeping the membranes during a cervical examination is done to bring on labour in women at term. The review of trials found that sweeping brings on labour and is generally safe where there are no other complications. Sweeping reduces the need for other methods of labour induction such as oxytocin or prostaglandins. The review also found that sweeping can cause discomfort during the procedure, some bleeding and irregular contractions.</P>
</SUMMARY_BODY>
  </SUMMARY>
  <ABSTRACT>
    <ABS_BACKGROUND>
<P>Sweeping of the membranes, also named stripping of the membranes, is a relatively simple technique usually performed without admission to hospital. During vaginal examination, the clinician's finger is introduced into the cervical os. Then, the inferior pole of the membranes is detached from the lower uterine segment by a circular movement of the examining finger. This intervention has the potential to initiate labour by increasing local production of prostaglandins and, thus, reduce pregnancy duration or pre-empt formal induction of labour with either oxytocin, prostaglandins or amniotomy. This is one of a series of reviews of methods of cervical ripening and labour induction using standardised methodology. </P>
</ABS_BACKGROUND>
    <ABS_OBJECTIVES>
<P>To determine the effects of membrane sweeping for third trimester induction of labour.</P>
</ABS_OBJECTIVES>
    <ABS_SEARCH_STRATEGY>
<P>We searched the Cochrane Pregnancy and Childbirth Group trials register (6 July 2004) and bibliographies of relevant papers.</P>
<P>We updated this search on 31 July 2009 and added the results to the awaiting classification section.</P>
</ABS_SEARCH_STRATEGY>
    <ABS_SELECTION_CRITERIA>
<P>Clinical trials comparing membrane sweeping used for third trimester cervical ripening or labour induction with placebo/no treatment or other methods listed above it on a predefined list of labour induction methods.</P>
</ABS_SELECTION_CRITERIA>
    <ABS_DATA_COLLECTION>
<P>A strategy was developed to deal with the large volume and complexity of trial data relating to labour induction. This involved a two-stage method of data extraction. </P>
</ABS_DATA_COLLECTION>
    <ABS_RESULTS>
<P>Twenty-two trials (2797 women) were included, 20 comparing sweeping of membranes with no treatment, three comparing sweeping with prostaglandins and one comparing sweeping with oxytocin (two studies reported more than one comparison). Risk of caesarean section was similar between groups (relative risk (RR) 0.90, 95% confidence interval (CI) 0.70 to 1.15). Sweeping of the membranes, performed as a general policy in women at term, was associated with reduced duration of pregnancy and reduced frequency of pregnancy continuing beyond 41 weeks (RR 0.59, 95% CI 0.46 to 0.74) and 42 weeks (RR 0.28, 95% CI 0.15 to 0.50). To avoid one formal induction of labour, sweeping of membranes must be performed in eight women (NNT = 8). There was no evidence of a difference in the risk of maternal or neonatal infection. Discomfort during vaginal examination and other adverse effects (bleeding, irregular contractions) were more frequently reported by women allocated to sweeping. Studies comparing sweeping with prostaglandin administration are of limited sample size and do not provide evidence of benefit.</P>
</ABS_RESULTS>
    <ABS_CONCLUSIONS>
<P>Routine use of sweeping of membranes from 38 weeks of pregnancy onwards does not seem to produce clinically important benefits. When used as a means for induction of labour, the reduction in the use of more formal methods of induction needs to be balanced against women's discomfort and other adverse effects. </P>
<P>[Note: The 11 citations in the awaiting classification section of the review may alter the conclusions of the review once assessed.]</P>
</ABS_CONCLUSIONS>
  </ABSTRACT>
</DOC>
