<?xml version="1.0"?>
<DOC>
  <TITLE TRANSLATED="NO">Caffeine versus theophylline for apnea in preterm infants</TITLE>
  <SUMMARY>
    <SUMMARY_TITLE>
<I>Caffeine versus theophylline for apnea in preterm infants</I>
</SUMMARY_TITLE>
    <SUMMARY_BODY>
<P>There is some evidence that caffeine is as effective as theophylline in the short-term for reducing apnea in premature babies, is better tolerated and is easier to give.</P>
<P>Apnea is a pause in breathing of greater than 20 seconds. It may occur repeatedly in preterm babies (born before 34 weeks gestation). Persistent apnea may be harmful to the developing brain or organs. Methylxanthines (such as theophylline and caffeine) are drugs that are believed to stimulate breathing efforts and have been used to reduce apnea. This review of trials found that caffeine has similar effects to theophylline but has a larger gap between levels that are therapeutic and those with toxic effects. Caffeine is more easily absorbed and has a longer half-life that allows for once daily dosing.</P>
</SUMMARY_BODY>
  </SUMMARY>
  <ABSTRACT>
    <ABS_BACKGROUND>
<P>Recurrent apnea is common in preterm infants, particularly at very early gestational ages. These episodes of loss of effective breathing can lead to hypoxemia and bradycardia, which may be severe enough to require resuscitation including use of positive pressure ventilation. Two forms of methylxanthine (caffeine and theophylline) have been used to stimulate breathing in order to prevent apnea and its consequences.</P>
</ABS_BACKGROUND>
    <ABS_OBJECTIVES>
<P>To evaluate the effect of caffeine compared with theophylline treatment on the risk of apnea and use of mechanical ventilation in preterm infants with recurrent apnea.</P>
</ABS_OBJECTIVES>
    <ABS_SEARCH_STRATEGY>
<P>The standard search strategy of the Cochrane Neonatal Review Group was used. This included searches of electronic databases in August 2009: Oxford Database of Perinatal Trials; Cochrane Central Register of Controlled Trials (CENTRAL, <I>The Cochrane Library</I>, Issue 2, 2009); MEDLINE (1966 to April 2009); and EMBASE Drugs and Pharmacology (1990 to April 2009), previous reviews including cross references.</P>
</ABS_SEARCH_STRATEGY>
    <ABS_SELECTION_CRITERIA>
<P>Randomized and quasi-randomized trials comparing caffeine to theophylline for treating apnea in preterm infants and reporting effects on apnea event rates.</P>
</ABS_SELECTION_CRITERIA>
    <ABS_DATA_COLLECTION>
<P>Each author assessed eligibility and trial quality, extracted data separately and compared and resolved differences. Study authors were contacted for additional information.</P>
</ABS_DATA_COLLECTION>
    <ABS_RESULTS>
<P>Five trials involving a total of 108 infants were included. The quality of most of these small trials was fair to good. No difference in treatment failure rate (less than 50% reduction in apnea/bradycardia) was found between caffeine and theophylline after one to three days treatment (based on two studies) or five to seven days treatment (based on one study). There was no difference in mean apnea rate between caffeine and theophylline groups after one to three days treatment (based on five trials) and five to seven days treatment (based on four trials).</P>
<P>Adverse effects, indicated by tachycardia or feed intolerance leading to change in dosing, were lower in the caffeine group (summary relative risk 0.17, 95% CI 0.04 to 0.72). This was reported and consistent in three studies.</P>
<P>No trial reported the use of ventilation and no data were available to assess effects on growth and development.</P>
</ABS_RESULTS>
    <ABS_CONCLUSIONS>
<P>Caffeine appears to have similar short-term effects on apnea/bradycardia as does theophylline although caffeine has certain therapeutic advantages over theophylline. Theophylline is associated with higher rates of toxicity. The possibility that higher doses of caffeine might be more effective in extremely preterm infants needs further evaluation in randomized clinical trials.</P>
</ABS_CONCLUSIONS>
  </ABSTRACT>
</DOC>
