<?xml version="1.0"?>
<DOC>
  <TITLE TRANSLATED="NO">Colloids versus crystalloids for fluid resuscitation in critically ill patients</TITLE>
  <SUMMARY>
    <SUMMARY_TITLE>Are colloids more effective than crystalloids in reducing mortality in people who are critically ill or injured</SUMMARY_TITLE>
    <SUMMARY_BODY>
<P>Trauma, burns or surgery can cause people to lose large amounts of blood. Fluid replacement, giving fluids intravenously (into a vein) to replace lost blood, is used to try to maintain blood pressure and reduce the risk of dying. Blood products, non-blood products or combinations are used, including colloid or crystalloid solutions. Colloids are increasingly used but they are more expensive than crystalloids. The review of trials found no evidence that colloids reduce the risk of dying compared with crystalloids.</P>
</SUMMARY_BODY>
  </SUMMARY>
  <ABSTRACT>
    <ABS_BACKGROUND>
<P>Colloid solutions are widely used in fluid resuscitation of critically ill patients. There are several choices of colloid and there is ongoing debate about the relative effectiveness of colloids compared to crystalloid fluids.</P>
</ABS_BACKGROUND>
    <ABS_OBJECTIVES>
<P>To assess the effects of colloids compared to crystalloids for fluid resuscitation in critically ill patients.</P>
</ABS_OBJECTIVES>
    <ABS_SEARCH_STRATEGY>
<P>We searched the Cochrane Injuries Group Specialised Register (searched 16 March 2012), Cochrane Central Register of Controlled Trials 2011, issue 3 (<I>The Cochrane Library</I>), MEDLINE (Ovid) 1946 to March 2012, Embase (Ovid) 1980 to March 2012, ISI Web of Science: Science Citation Index Expanded (1970 to March 2012), ISI Web of Science: Conference Proceedings Citation Index-Science (1990 to March 2012), PubMed (searched 16 March 2012), <A HREF="http://www.clinical trials.gov">www.clinical trials.gov</A> and <A HREF="http://www.controlled-trials.com">www.controlled-trials.com</A>. We also searched the bibliographies of relevant studies and review articles.</P>
</ABS_SEARCH_STRATEGY>
    <ABS_SELECTION_CRITERIA>
<P>Randomised controlled trials (RCTs) of colloids compared to crystalloids, in patients requiring volume replacement. We excluded cross-over trials and trials in pregnant women and neonates.</P>
</ABS_SELECTION_CRITERIA>
    <ABS_DATA_COLLECTION>
<P>Two authors independently extracted data and rated quality of allocation concealment. We analysed trials with a 'double-intervention', such as those comparing colloid in hypertonic crystalloid to isotonic crystalloid, separately. We stratified the analysis according to colloid type and quality of allocation concealment.</P>
</ABS_DATA_COLLECTION>
    <ABS_RESULTS>
<P>We identified 74 eligible trials; 66 of these presented mortality data.</P>
<P>
<B>Colloids compared to crystalloids</B>
<BR/>
</P>
<P>
<I>
<B>Albumin or plasma protein fraction</B>
</I> <I>-</I> 24 trials reported data on mortality, including a total of 9920 patients. The pooled relative risk (RR) from these trials was 1.01 (95% confidence interval (CI) 0.93 to 1.10). When we excluded the trial with poor quality allocation concealment, pooled RR was 1.00 (95% CI 0.92 to 1.09). <I>
<B>Hydroxyethyl starch</B>
</I> - 21 trials compared hydroxyethyl starch with crystalloids, n = 1385 patients. The pooled RR was 1.10 (95% CI 0.91 to 1.32). <I>
<B>Modified gelatin</B>
</I> - 11 trials compared modified gelatin with crystalloid, n = 506 patients. The pooled RR was 0.91 (95% CI 0.49 to 1.72). (When the trials by Boldt et al were removed from the three preceding analyses, the results were unchanged.)<BR/>
<I>
<B>Dextran</B>
</I> - nine trials compared dextran with a crystalloid, n = 834 patients. The pooled RR was 1.24 (95% CI 0.94 to 1.65).</P>
<P>
<B>Colloids in hypertonic crystalloid compared to isotonic crystalloid</B>
<I>
<BR/>
</I>
</P>
<P>Nine trials compared dextran in hypertonic crystalloid with isotonic crystalloid, including 1985 randomised participants. Pooled RR was 0.91 (95% CI 0.71 to 1.06).</P>
</ABS_RESULTS>
    <ABS_CONCLUSIONS>
<P>There is no evidence from RCTs that resuscitation with colloids reduces the risk of death, compared to resuscitation with crystalloids, in patients with trauma, burns or following surgery. As colloids are not associated with an improvement in survival, and as they are more expensive than crystalloids, it is hard to see how their continued use in these patients can be justified outside the context of RCTs.</P>
</ABS_CONCLUSIONS>
  </ABSTRACT>
</DOC>
