<?xml version="1.0"?>
<DOC>
  <TITLE TRANSLATED="NO">Prophylactic versus selective use of surfactant in preventing morbidity and mortality in preterm infants</TITLE>
  <SUMMARY>
    <SUMMARY_TITLE>Prophylactic versus selective use of surfactant in preventing morbidity and mortality in preterm infants</SUMMARY_TITLE>
    <SUMMARY_BODY>
<P>Surfactant is essential to normal lung function in babies. Surfactant is deficient in the lungs of many babies born prematurely, and is one aspect of lung immaturity leading to a lung disease known a respiratory distress syndrome (RDS).</P>
<P>Surfactant can be given both to prevent and treat this respiratory problem. Although the initial studies suggested that infants intubated and treated with prophylactic surfactant had improved clinical outcome, more recent studies suggest that stabilization with using continuous "back pressure" [using a device known a continuous positive airway pressure (CPAP)] and surfactant treatment of only those infants who develop breathing problems may be more effective than the more aggressive approach. Prophylactic use of surfactant in babies at high risk of developing RDS does not lead to clinical improvement and may increase the risk of lung injury or death, especially when compared to an approach that incorporates early stabilization on continuous distending pressure.</P>
</SUMMARY_BODY>
  </SUMMARY>
  <ABSTRACT>
    <ABS_BACKGROUND>
<P>Surfactant therapy is effective in improving the outcome of very preterm infants. Trials have studied a wide variety of surfactant preparations used either to prevent or treat respiratory distress syndrome (RDS). In animal models, prophylactic surfactant leads to more homogeneous distribution and less evidence of lung damage. However, administration requires intubation and treatment of infants who will not go on to develop RDS. This is of particular concern with the advent of improved approaches to providing continuous distending pressure, particularly in the form of nasal continuous positive airway pressure (CPAP).</P>
</ABS_BACKGROUND>
    <ABS_OBJECTIVES>
<P>To compare the effect of prophylactic surfactant administration to surfactant treatment of established RDS in very preterm infants at risk of RDS.</P>
</ABS_OBJECTIVES>
    <ABS_SEARCH_STRATEGY>
<P>We updated the search of the Cochrane Central Register of Controlled Trials (<I>The Cochrane Library</I>), MEDLINE, EMBASE, CINAHL, and clinical trials.gov register in December 13, 2011.</P>
</ABS_SEARCH_STRATEGY>
    <ABS_SELECTION_CRITERIA>
<P>Randomized and quasi-randomized controlled trials that compared the effects of prophylactic surfactant administration to surfactant treatment of established RDS in preterm infants at risk of RDS.</P>
</ABS_SELECTION_CRITERIA>
    <ABS_DATA_COLLECTION>
<P>Data regarding clinical outcomes were extracted from the reports of the clinical trials by the reviewers. Data analysis was done in accordance with the standards of the Cochrane Neonatal Review Group.</P>
</ABS_DATA_COLLECTION>
    <ABS_RESULTS>
<P>Eleven studies were identified that met inclusion criteria [nine without routine application of continuous positive air way pressure (CPAP) in the selective treatment group; two with routine application of CPAP in the selective treatment group]</P>
<P>The meta-analysis of studies conducted prior to the routine application of CPAP demonstrated a decrease in the risk of air leak and neonatal mortality associated with prophylactic administration of surfactant. However, the analyses of studies that allowed for routine stabilization on CPAP demonstrated a decrease in the risk of chronic lung disease or death in infants stabilized on CPAP. When all studies were evaluated together, the benefits of prophylactic surfactant could no longer be demonstrated.</P>
</ABS_RESULTS>
    <ABS_CONCLUSIONS>
<P>Although the early trials of prophylactic surfactant administration to infants judged to be at risk of developing RDS compared to selective use of surfactant in infants with established RDS demonstrated a decreased risk of air leak and mortality, recent large trials that reflect current practice (including greater utilization of maternal steroids and routine post delivery stabilization on CPAP) do not support these differences and demonstrate less risk of chronic lung disease or death when using early stabilization on CPAP with selective surfactant administration to infants requiring intubation.</P>
</ABS_CONCLUSIONS>
  </ABSTRACT>
</DOC>
