<?xml version="1.0"?>
<DOC>
  <TITLE TRANSLATED="NO">Antioxidant vitamin and mineral supplements for preventing age-related macular degeneration</TITLE>
  <SUMMARY>
    <SUMMARY_TITLE>Antioxidant vitamins and mineral supplements to prevent the development of age-related macular degeneration</SUMMARY_TITLE>
    <SUMMARY_BODY>
<P>Age-related macular degeneration (AMD) is a condition affecting the central area of the retina (back of the eye). The retina can deteriorate with age and some people get lesions that can lead to loss of central vision. Some studies have suggested that people who eat a diet rich in antioxidant vitamins (carotenoids, vitamins C and E) or minerals (selenium and zinc) may be less likely to get AMD. The authors identified four large, high-quality randomised controlled trials which included 62,520 people. The trials were conducted in Australia, Finland and the USA and investigated the effects of vitamin E and beta-carotene supplementation. These trials provide evidence that taking vitamin E and beta-carotene supplements is unlikely to prevent the onset of AMD. There was no evidence for other antioxidant supplements and commonly marketed combinations. Although generally regarded as safe, vitamin supplements may have harmful effects and clear evidence of benefit is needed before they can be recommended.</P>
</SUMMARY_BODY>
  </SUMMARY>
  <ABSTRACT>
    <ABS_BACKGROUND>
<P>There is inconclusive evidence from observational studies to suggest that people who eat a diet rich in antioxidant vitamins (carotenoids, vitamins C and E) or minerals (selenium and zinc) may be less likely to develop age-related macular degeneration (AMD).</P>
</ABS_BACKGROUND>
    <ABS_OBJECTIVES>
<P>To examine the evidence as to whether or not taking antioxidant vitamin or mineral supplements prevents the development of AMD.</P>
</ABS_OBJECTIVES>
    <ABS_SEARCH_STRATEGY>
<P>We searched CENTRAL (which contains the Cochrane Eyes and Vision Group Trials Register) (<I>The Cochrane Library</I> 2011, Issue 12), MEDLINE (January 1950 to January 2012), EMBASE (January 1980 to January 2012), Open Grey (System for Information on Grey Literature in Europe) (<A HREF="http://www.opengrey.eu/">www.opengrey.eu/</A>), the <I>meta</I>Register of Controlled Trials (<I>m</I>RCT) (<A HREF="http://www.controlled-trials.com/">www.controlled-trials.com</A>), ClinicalTrials.gov (<A HREF="http://www.clinicaltrials.gov/">www.clinicaltrials.gov</A>) and the WHO International Clinical Trials Registry Platform (ICTRP) (<A HREF="http://www.who.int/ictrp/search/en">www.who.int/ictrp/search/en</A>). There were no date or language restrictions in the electronic searches for trials. The electronic databases were last searched on 26 January 2012.<BR/>
</P>
</ABS_SEARCH_STRATEGY>
    <ABS_SELECTION_CRITERIA>
<P>We included all randomised controlled trials (RCTs) comparing an antioxidant vitamin and/or mineral supplement (alone or in combination) to control.</P>
</ABS_SELECTION_CRITERIA>
    <ABS_DATA_COLLECTION>
<P>Both review authors independently assessed risk of bias in the included studies and extracted data. One author entered data into RevMan 5 and the other author checked the data entry. We pooled data using a fixed-effect model.</P>
</ABS_DATA_COLLECTION>
    <ABS_RESULTS>
<P>We included four RCTs in this review; 62,520 people were included in the analyses. The trials were conducted in Australia, Finland and the USA and investigated vitamin E and beta-carotene supplements. Overall the quality of the evidence was high. People who took these supplements were not at decreased (or increased) risk of developing AMD. The pooled risk ratio for any antioxidant supplement in the prevention of any AMD was 0.98 (95% confidence interval 0.89 to 1.08) and for advanced AMD was 1.05 (95% CI 0.80 to 1.39). Similar results were seen when the analyses were restricted to beta-carotene and alpha-tocopherol alone.</P>
</ABS_RESULTS>
    <ABS_CONCLUSIONS>
<P>There is accumulating evidence that taking vitamin E or beta-carotene supplements will not prevent or delay the onset of AMD. There is no evidence with respect to other antioxidant supplements, such as vitamin C, lutein and zeaxanthin, or any of the commonly marketed multivitamin combinations. Although generally regarded as safe, vitamin supplements may have harmful effects and clear evidence of benefit is needed before they can be recommended. People with AMD should see the related Cochrane review 'Antioxidant vitamin and mineral supplements for slowing the progression of age-related macular degeneration' written by the same review team.</P>
</ABS_CONCLUSIONS>
  </ABSTRACT>
</DOC>
