<?xml version="1.0"?>
<DOC>
  <TITLE TRANSLATED="NO">Laparoscopic surgery for pelvic pain associated with endometriosis</TITLE>
  <SUMMARY>
    <SUMMARY_TITLE>Laparoscopic surgery reduces pelvic pain caused by endometriosis.</SUMMARY_TITLE>
    <SUMMARY_BODY>
<P>Endometriosis is the presence of tissue that normally lines the uterus in inappropriate sites (usually within the pelvic cavity). It can cause fertility problems, painful menstruation and painful sexual intercourse. Hormonal drugs such as the oral contraceptive pill are used but may have adverse effects and are not suitable for women wishing to become pregnant. Laparoscopic surgery (where small incisions are made in the abdomen) is performed to remove visible areas of endometriosis. The review of trials found that laparoscopic surgery is effective in treating pelvic pain associated with endometriosis. More research is needed.</P>
</SUMMARY_BODY>
  </SUMMARY>
  <ABSTRACT>
    <ABS_BACKGROUND>
<P>Endometriosis is the presence of endometrial glands or stroma in sites other than the uterine cavity. It is variable in both its surgical appearance and clinical manifestation often with poor correlation between the two. Surgical treatment of endometriosis aims to remove visible areas of endometriosis and restore anatomy by division of adhesions and relieve painful symptoms.</P>
</ABS_BACKGROUND>
    <ABS_OBJECTIVES>
<P>To assess the efficacy of laparoscopic surgery in the treatment of pelvic pain associated with endometriosis. </P>
</ABS_OBJECTIVES>
    <ABS_SEARCH_STRATEGY>
<P>For the update in July 2009 we searched the Cochrane Menstrual Disorders and Subfertility Group's specialised register of trials (searched July 2009), the Cochrane Controlled Trials Register (The Cochrane Library, Issue 2, 2009), MEDLINE (1966 July 2009), EMBASE (1980 July 2009), and reference lists of articles.</P>
</ABS_SEARCH_STRATEGY>
    <ABS_SELECTION_CRITERIA>
<P>Randomised controlled trials were selected comparing the effectiveness of laparoscopic surgery used to treat pelvic pain associated with endometriosis, with other treatment modalities or diagnostic laparoscopy only.</P>
</ABS_SELECTION_CRITERIA>
    <ABS_DATA_COLLECTION>
<P>Assessment of trial quality and extraction of relevant data was performed independently by two reviewers.</P>
</ABS_DATA_COLLECTION>
    <ABS_RESULTS>
<P>Five studies were included in the meta-analysis, including three full papers and two conference reports. All the randomised controlled trials with the exception of <A HREF="Lalchandani 2003">Lalchandani 2003</A> compared different laparoscopic surgical techniques with diagnotic laparoscopy only. <A HREF="Lalchandani 2003">Lalchandani 2003</A> compared laparoscopic coagulation therapy with diagnostic laparoscopy and medical treatment. Three studies (<A HREF="Abbott 2004">Abbott 2004</A>; <A HREF="Sutton 1994">Sutton 1994</A>; <A HREF="Tutunaru 2006">Tutunaru 2006</A>) reported the pain scores six months post operatively. Meta-analysis demonstrated an advantage of laparoscopic surgery when compared to diagnostic laparoscopy only (OR of 5.72 95%Cl 3.09 to 10.60 ; 171 participants, three trials, <A HREF="001.01">Analysis 1.1</A>). A single study (<A HREF="Tutunaru 2006">Tutunaru 2006</A>) reported pain scores twelve months after the procedure. Analysis demonstrated an advantage of laparoscopic surgery when compared to diagnostic laparoscopy only (OR of 7.72 95%Cl 2.97 to 20.06 ; 33 participants, one trial, <A HREF="001.01">Analysis 1.1</A>).</P>
</ABS_RESULTS>
    <ABS_CONCLUSIONS>
<P>Laparoscopic surgery results in improved pain outcomes when compared to diagnostic laparoscopy alone. There were few women diagnosed with severe endometriosis included in the meta-analysis and therefore any conclusions from this meta-analysis regarding treatment of severe endometriosis should be made with caution. It is not possible to draw conclusions from the meta-analysis which specific laparoscopic surgical intervention is most effective.</P>
</ABS_CONCLUSIONS>
  </ABSTRACT>
</DOC>
