<?xml version="1.0"?>
<DOC>
  <TITLE TRANSLATED="NO">Aerobic exercise for women during pregnancy</TITLE>
  <SUMMARY>
    <SUMMARY_TITLE>Aerobic exercise for women during pregnancy</SUMMARY_TITLE>
    <SUMMARY_BODY>
<P>Regular aerobic exercise during pregnancy appears to improve physical fitness, but the evidence is insufficient to infer important risks or benefits for the mother or baby.</P>
<P>Aerobic exercise is physical activity that stimulates a person's breathing and blood circulation. The review of 14 trials, involving 1014 pregnant women, found that pregnant women who engage in vigorous exercise at least two to three times per week improve (or maintain) their physical fitness, and there is some evidence that these women have pregnancies of the same duration as those who maintain their usual activities. There is too little evidence from trials to show whether there are other effects on the woman and her baby. The trials reviewed included non-contact exercise such as swimming, static cycling and general floor exercise programs. Most of the trials were small and of insufficient methodologic quality, and larger, better trials are needed before confident recommendations can be made about the benefits and risks of aerobic exercise in pregnancy.</P>
</SUMMARY_BODY>
  </SUMMARY>
  <ABSTRACT>
    <ABS_BACKGROUND>
<P>Physiological responses of the fetus (especially increase in heart rate) to single, brief bouts of maternal exercise have been documented frequently. Many pregnant women wish to engage in aerobic exercise during pregnancy, but are concerned about possible adverse effects on the outcome of pregnancy.</P>
</ABS_BACKGROUND>
    <ABS_OBJECTIVES>
<P>To assess the effects of advising healthy pregnant women to engage in regular aerobic exercise (at least two to three times per week), or to increase or reduce the intensity, duration, or frequency of such exercise, on physical fitness, the course of labour and delivery, and the outcome of pregnancy.</P>
</ABS_OBJECTIVES>
    <ABS_SEARCH_STRATEGY>
<P>We searched the Cochrane Pregnancy and Childbirth Group's Trials Register (31 August 2009), MEDLINE (1966 to August 2009), EMBASE (1980 to August 2009), Conference Papers Index (earliest to August 2009), contacted researchers in the field and searched reference lists of retrieved articles.</P>
</ABS_SEARCH_STRATEGY>
    <ABS_SELECTION_CRITERIA>
<P>Acceptably controlled trials of prescribed exercise programs in healthy pregnant women. </P>
</ABS_SELECTION_CRITERIA>
    <ABS_DATA_COLLECTION>
<P>Both review authors independently assessed trial quality and extracted data. We contacted study authors for additional information.</P>
</ABS_DATA_COLLECTION>
    <ABS_RESULTS>
<P>We included 14 trials involving 1014 women. The trials were small and not of high methodologic quality. Of the nine trials reporting on physical fitness, six reported significant improvement in physical fitness in the exercise group, although inconsistencies in summary statistics and measures used to assess fitness prevented quantitative pooling of results. Eleven trials reported on pregnancy outcomes. A pooled increased risk of preterm birth (risk ratio 1.82, 95% confidence interval (CI) 0.35 to 9.57) with exercise, albeit statistically non-significant, does not cohere with the absence of effect on mean gestational age (mean difference +0.10, 95% CI -0.11 to +0.30 weeks), while the results bearing on growth of the fetus are inconsistent. One small trial reported that physically fit women who increased the duration of exercise bouts in early pregnancy and then reduced that duration in later pregnancy gave birth to larger infants with larger placentas.</P>
</ABS_RESULTS>
    <ABS_CONCLUSIONS>
<P>Regular aerobic exercise during pregnancy appears to improve (or maintain) physical fitness. Available data are insufficient to infer important risks or benefits for the mother or infant. Larger and better trials are needed before confident recommendations can be made about the benefits and risk of aerobic exercise in pregnancy.</P>
</ABS_CONCLUSIONS>
  </ABSTRACT>
</DOC>
