<?xml version="1.0"?>
<DOC>
  <TITLE TRANSLATED="NO">Support for mothers, fathers and families after perinatal death</TITLE>
  <SUMMARY>
    <SUMMARY_TITLE>Support for mothers, fathers and families after perinatal death</SUMMARY_TITLE>
    <SUMMARY_BODY>
<P>Not enough information about what types of interventions and the possible benefits of interventions when providing support for mothers, fathers and their families after a baby dies at birth.</P>
<P>The death of a baby at, or around, the time of birth is devastating for the parents and the family. It is thought that about one in five families suffer excessively in terms of more intense and prolonged grief, and other psychological adverse outcomes, if their baby dies. The review looked for trials assessing different kinds of support and counselling in such situations for parents and families, but no trials were identified. More research is needed.</P>
</SUMMARY_BODY>
  </SUMMARY>
  <ABSTRACT>
    <ABS_BACKGROUND>
<P>Provision of an empathetic caring environment, and strategies to enable the mother, father and family to accept the reality of perinatal death, are now an accepted part of standard nursing and social support in most of the developed world. Provision of interventions such as psychological support or counselling, or both, has been suggested to improve outcomes for families after a perinatal death.</P>
</ABS_BACKGROUND>
    <ABS_OBJECTIVES>
<P>The objective of this review was to assess the effects of the provision of any form of medical, nursing, social or psychological support or counselling, or both, to mother, father and families after perinatal death.</P>
</ABS_OBJECTIVES>
    <ABS_SEARCH_STRATEGY>
<P>We searched the Cochrane Pregnancy and Childbirth Group's Trials Register (30 October 2007) and reference lists of articles.</P>
</ABS_SEARCH_STRATEGY>
    <ABS_SELECTION_CRITERIA>
<P>Randomised trials of any form of general support aimed at encouraging acceptance of loss, specific bereavement counselling, or specialised psychological support/counselling including psychotherapy for mother, father and families experiencing perinatal death.</P>
</ABS_SELECTION_CRITERIA>
    <ABS_DATA_COLLECTION>
<P>Two review authors independently assessed eligibility of trials; a third person subsequently assessed the quality of the identified trials as a part of this review update.</P>
</ABS_DATA_COLLECTION>
    <ABS_RESULTS>
<P>No trials were included.</P>
</ABS_RESULTS>
    <ABS_CONCLUSIONS>
<P>There is currently insufficient information available from randomised trials to indicate whether there is or is not a benefit from interventions which aim to provide psychological support or counselling for mothers, fathers or families after perinatal death. Methodologically rigorous trials are needed.</P>
</ABS_CONCLUSIONS>
  </ABSTRACT>
</DOC>
