<?xml version="1.0"?>
<DOC>
  <TITLE TRANSLATED="NO">Aspirin for vascular dementia</TITLE>
  <SUMMARY>
    <SUMMARY_TITLE>There is no evidence that aspirin improves the symptoms of vascular dementia</SUMMARY_TITLE>
    <SUMMARY_BODY>
<P>Low-dose aspirin can improve the prognosis of heart disease and stroke, possibly by reducing clot formation within the blood vessels and helping to maintain or improve blood flow to the heart and brain. Many doctors assume that aspirin will also provide some benefit for people with vascular dementia.</P>
<P>This systematic review shows that there is no evidence to suggest that aspirin is useful for people with vascular dementia. It is possible that vascular dementia and stroke are caused by different pathological processes. Practitioners need to be aware of the risks of aspirin, such as haemorrhages, which can be fatal.</P>
<P> </P>
</SUMMARY_BODY>
  </SUMMARY>
  <ABSTRACT>
    <ABS_BACKGROUND>
<P>Aspirin is widely prescribed for patients with a diagnosis of vascular dementia. In a survey of UK geriatricians and psychiatrists 80% of patients with clinical diagnoses of vascular dementia were prescribed aspirin. However, a number of queries remain unanswered. Is there convincing evidence that aspirin benefits patients with vascular dementia? Does aspirin affect cognition and behaviour, or improve prognosis? Does the risk of cerebral or gastric haemorrhage outweigh any benefit?</P>
</ABS_BACKGROUND>
    <ABS_OBJECTIVES>
<P>To assess the randomised trial evidence for efficacy and safety of aspirin in the treatment of vascular dementia.</P>
</ABS_OBJECTIVES>
    <ABS_SEARCH_STRATEGY>
<P>We searched ALOIS: the Cochrane Dementia and Cognitive Improvement Group's Specialized Register on 12 March 2012 using the terms: aspirin OR "acetylsalicylic acid". ALOIS contains records of clinical trials identified from monthly searches of a number of major healthcare databases, numerous trial registries and grey literature sources.</P>
<P>In addition, relevant websites were searched and some journals were handsearched. Specialists in the field were approached for unpublished material and any publications found were searched for additional references.</P>
</ABS_SEARCH_STRATEGY>
    <ABS_SELECTION_CRITERIA>
<P>Randomised controlled trials investigating the effect of aspirin for vascular dementia were eligible for inclusion.</P>
</ABS_SELECTION_CRITERIA>
    <ABS_DATA_COLLECTION>
<P>Retrieved studies were analysed independently by both review authors. Methodology and results were critically appraised and outcomes scanned included cognition, behavioural change, mortality and institutionalisation.</P>
</ABS_DATA_COLLECTION>
    <ABS_RESULTS>
<P>No trials were eligible for inclusion in this review.</P>
</ABS_RESULTS>
    <ABS_CONCLUSIONS>
<P>The most recent search for references to relevant research was carried out in March 2012. No trials were found for inclusion in this systematic review.</P>
<P>Low-dose aspirin is frequently used as 'treatment as normal' in control groups and as a baseline treatment in pharmacological trials.</P>
<P>There is still no good evidence that aspirin is effective in treating patients with a diagnosis of vascular dementia.</P>
<P>There is increasing concern that low-dose aspirin is associated with increased risk of haemorrhages.</P>
<P>Further research is needed to assess the effect of aspirin on cognition, and on other outcomes such as haemorrhages, mortality, institutionalisation and behaviour.</P>
<P>However, the feasibility of such research is limited by a number of factors, including the widespread use of low-dose aspirin for secondary prevention of cerebrovascular and cardiovascular conditions, and its low cost and lack of patent, which limit commercial interest in investing in these studies. In addition, there is increasing evidence of its potential to cause harm from haemorrhages, especially gastric and cerebral haemorrhages that can be fatal.</P>
<P> </P>
</ABS_CONCLUSIONS>
  </ABSTRACT>
</DOC>
