<?xml version="1.0"?>
<DOC>
  <TITLE TRANSLATED="NO">Family therapy for asthma in children</TITLE>
  <SUMMARY>
    <SUMMARY_TITLE>Family therapy for asthma in children</SUMMARY_TITLE>
    <SUMMARY_BODY>
<P>Psychological factors may have an effect on asthma in children, or its severity. As some children with families who are having problems have severe asthma, family therapy has been tried. The aim is to resolve any problems there might be in a family, in case they are causing the child stress and then making asthma worse. The review found some evidence from two trials that family therapy (in addition to standard asthma treatments) might help reduce a child's asthma symptoms, but more research is needed to be certain.</P>
</SUMMARY_BODY>
  </SUMMARY>
  <ABSTRACT>
    <ABS_BACKGROUND>
<P>Psychosocial and emotional factors are important in childhood asthma. Nevertheless, drug therapy alone continues to be the main treatment. Treatment programmes that include behavioural or psychological interventions have been developed to improve disturbed family relations in the families of children with severe asthma. These approaches have been extended to examine the efficacy of family therapy to treat childhood asthma in a wider group of patients. This review systematically examines these studies.</P>
</ABS_BACKGROUND>
    <ABS_OBJECTIVES>
<P>Recognition that asthma can be associated with emotional disturbances has led to the investigation of the role of family therapy in reducing the symptoms and impact of asthma in children. The objective of this review was to assess the effects of family therapy as an adjunct to medication for the treatment of asthma in children.</P>
</ABS_OBJECTIVES>
    <ABS_SEARCH_STRATEGY>
<P>We searched the Cochrane Airways Group Specialised Register of trials, and checked the reference lists in trial reports and review articles. The most recent search was carried out in January 2007.</P>
</ABS_SEARCH_STRATEGY>
    <ABS_SELECTION_CRITERIA>
<P>Randomised trials comparing children undergoing systematic therapy focusing on the family in conjunction with asthma medication, with children taking asthma medication only.</P>
</ABS_SELECTION_CRITERIA>
    <ABS_DATA_COLLECTION>
<P>Two reviwers (JY and CS) applied the study inclusion criteria.</P>
</ABS_DATA_COLLECTION>
    <ABS_RESULTS>
<P>Two trials with a total of 55 children were included. It was not possible to combine the findings of these two studies because of differences in outcome measures used. In one study, gas volume, peak expiratory flow rate and daytime wheeze showed improvement in family therapy patients compared to controls. In the other study, there was an improvement in overall clinical assessment and number of functionally impaired days in the patients receiving family therapy. There was no difference in forced expiratory volume or medication use in both studies.</P>
</ABS_RESULTS>
    <ABS_CONCLUSIONS>
<P>There is some indication that family therapy may be a useful adjunct to medication for children with asthma. This conclusion is limited by small study sizes and lack of standardisation in the choice of outcome measures.</P>
</ABS_CONCLUSIONS>
  </ABSTRACT>
</DOC>
