<?xml version="1.0"?>
<DOC>
  <TITLE TRANSLATED="NO">Patient education for preventing diabetic foot ulceration</TITLE>
  <SUMMARY>
    <SUMMARY_TITLE>Educating people with diabetes about foot care to help reduce foot ulcers and amputations</SUMMARY_TITLE>
    <SUMMARY_BODY>
<P>Foot ulcers (open sores) are common in people with diabetes, especially those with problems in the nerves (peripheral neuropathy), the blood supply to their legs (peripheral vascular disease (PVD)), or both. People with ulcers due to diabetes sometimes need an amputation (surgical removal of part of the limb). Foot ulcers not only lead to physical disability and loss of quality of life but also to economic burden (healthcare costs, industrial disability). The aim is therefore to prevent foot ulcers occurring. This review of high-level studies found that educating people with diabetes about the need to look after their feet seems to improve people's foot care knowledge and behaviour in the short term. There is insufficient evidence that education alone, without any additional preventive measures, will effectively reduce the occurrence of ulcers and amputations.</P>
</SUMMARY_BODY>
  </SUMMARY>
  <ABSTRACT>
    <ABS_BACKGROUND>
<P>Ulceration of the feet, which can result in loss of limbs and even death, is one of the major health problems for people with diabetes mellitus. </P>
</ABS_BACKGROUND>
    <ABS_OBJECTIVES>
<P>To assess the effects of patient education on the prevention of foot ulcers in patients with diabetes mellitus.</P>
</ABS_OBJECTIVES>
    <ABS_SEARCH_STRATEGY>
<P>Eligible studies were identified by searching The Cochrane Wounds Group Specialised Register (searched 1 August 2012); The Cochrane Central Register of Controlled Trials (CENTRAL) (<I>The Cochrane Library</I> 2012, Issue 7); Ovid MEDLINE (2009 to July Week 3 2012); Ovid MEDLINE (In-Process &amp; Other Non-Indexed Citations, July 31, 2012); Ovid EMBASE (2009 to 2012 Week 30); and EBSCO CINAHL (2009 to 26 July 2012).</P>
</ABS_SEARCH_STRATEGY>
    <ABS_SELECTION_CRITERIA>
<P>Prospective randomised controlled trials (RCTs) that evaluated educational programmes for preventing foot ulcers in people with diabetes mellitus.</P>
</ABS_SELECTION_CRITERIA>
    <ABS_DATA_COLLECTION>
<P>Two review authors independently undertook data extraction and assessment of risk of bias. Primary end points were foot ulceration or ulcer recurrence and amputation.</P>
</ABS_DATA_COLLECTION>
    <ABS_RESULTS>
<P>Of the 12 RCTs included, the effect of patient education on primary end points was reported in only five. Pooling of outcome data was precluded by marked, mainly clinical, heterogeneity. One of the RCTs showed reduced incidence of foot ulceration (risk ratio (RR) 0.31, 95% confidence interval (CI) 0.14 to 0.66) and amputation (RR 0.33, 95% CI 0.15 to 0.76) during one-year follow-up of diabetes patients at high risk of foot ulceration after a one-hour group education session. However, one similar study, with lower risk of bias, did not confirm this finding (RR amputation 0.98, 95% CI 0.41 to 2.34; RR ulceration 1.00, 95% CI 0.70 to 1.44). Three other studies, also did not demonstrate any effect of education on the primary end points, but were most likely underpowered. Patients' foot care knowledge was improved in the short term in five of eight RCTs in which this outcome was assessed, as was patients' self-reported self-care behaviour in the short term in seven of nine RCTs. Callus, nail problems and fungal infections improved in only one of five RCTs. Only one of the included RCTs was at low risk of bias.</P>
</ABS_RESULTS>
    <ABS_CONCLUSIONS>
<P>In some trials, foot care knowledge and self reported patient behaviour seem to be positively influenced by education in the short term. Yet, based on the only two sufficiently powered studies reporting the effect of patient education on primary end points, we conclude that there is insufficient robust evidence that limited patient education alone is effective in achieving clinically relevant reductions in ulcer and amputation incidence.</P>
</ABS_CONCLUSIONS>
  </ABSTRACT>
</DOC>
