<?xml version="1.0"?>
<DOC>
  <TITLE TRANSLATED="NO">Antenatal education for self-diagnosis of the onset of active labour at term</TITLE>
  <SUMMARY>
    <SUMMARY_TITLE>Antenatal education for self-diagnosis of the onset of active labour at term</SUMMARY_TITLE>
    <SUMMARY_BODY>
<P>Not enough evidence to prove the benefit of a specific set of criteria to self-diagnose active labour.</P>
<P>Sometimes it is difficult to tell when active labour has begun. A false diagnosis can mean multiple visits to the hospital, frustration and discomfort for the mother, decreased confidence in caregivers and additional financial burdens. Antenatal education of women has been developed to increase their confidence and decrease their anxiety. Providing a specific set of criteria to women may be an effective way of helping them recognise the onset of active labour. The review of trials found there was not enough evidence to show whether specific criteria are more beneficial than general guidelines in helping women determine their stage of labour.</P>
</SUMMARY_BODY>
  </SUMMARY>
  <ABSTRACT>
    <ABS_BACKGROUND>
<P>A specific program designed to teach women to recognise active labour may be beneficial through potentially decreasing the incidence of early admission to hospital, increasing women's confidence, feelings of control and empowerment, and decreasing their anxiety.</P>
</ABS_BACKGROUND>
    <ABS_OBJECTIVES>
<P>The objective of this review was to assess the effects of teaching pregnant women specific criteria for self-diagnosis of active labour onset in term pregnancy.</P>
</ABS_OBJECTIVES>
    <ABS_SEARCH_STRATEGY>
<P>We searched the Cochrane Pregnancy and Childbirth Group's Trials Register (October 2007).</P>
</ABS_SEARCH_STRATEGY>
    <ABS_SELECTION_CRITERIA>
<P>Randomised trials comparing a structured antenatal education intervention for the identification of symptoms for self-diagnosis of active labour with usual care.</P>
</ABS_SELECTION_CRITERIA>
    <ABS_DATA_COLLECTION>
<P>Trial quality was assessed.</P>
</ABS_DATA_COLLECTION>
    <ABS_RESULTS>
<P>One study involving 245 women was included. Method of randomisation was unclear and 15% of the sample was lost to follow up in this trial. A specific antenatal education program was associated with a reduction in the mean number of visits to the labour suite before the onset of labour (weighted mean difference -0.29, 95% confidence interval -0.47 to -0.11). It is unclear whether this resulted in fewer women being sent home because they were not in labour.</P>
</ABS_RESULTS>
    <ABS_CONCLUSIONS>
<P>There is not enough evidence to evaluate the use of a specific set of criteria for self-diagnosis of active labour.</P>
</ABS_CONCLUSIONS>
  </ABSTRACT>
</DOC>
