<?xml version="1.0"?>
<DOC>
  <TITLE TRANSLATED="NO">Bisphosphonates for steroid induced osteoporosis</TITLE>
  <SUMMARY>
    <SUMMARY_TITLE>Bisphosphonates for treating osteoporosis caused by the use of steroids</SUMMARY_TITLE>
    <SUMMARY_BODY>
<P>Corticosteroids are widely used to treat inflammation. Bone loss (osteoporosis) is a serious side effect of this therapy. We reviewed a total of 13 trials which included 842 patients. We found that the bone mineral density of the lumbar spine of patients taking bisphosphonate therapy improved 4.3% more than patients who had no treatment. At the femoral neck (top of the thigh bone), the bone mineral density improved 2.1% more in the treatment group. There was no difference in the number of spinal fractures between the the two groups. We found that bisphosphonates are effective at preventing and treating corticosteroid-induced bone loss at the lumbar spine and femoral neck. We do not have enough evidence to say whether or not bisphosphonates prevent fractures. </P>
</SUMMARY_BODY>
  </SUMMARY>
  <ABSTRACT>
    <ABS_BACKGROUND>
<P>Corticosteroids are widely used in inflammatory conditions as an immunosuppressive agent. Diseases treated with corticosteroids include connective tissue diseases, asthma, inflammatory bowel disease and organ transplantation. Bone loss is a serious side effect of this therapy. Several studies have examined the use of bisphosphonates as a treatment for corticosteroid-induced osteoporosis and have reported varying magnitudes of effect. The best estimate of the magnitude of efficacy regarding bisphosphonate prevention of corticosteroid-induced bone loss is needed, before their use is advocated.</P>
</ABS_BACKGROUND>
    <ABS_OBJECTIVES>
<P>To assess the effects of bisphosphonates for the prevention and treatment of corticosteroid-induced osteoporosis.</P>
</ABS_OBJECTIVES>
    <ABS_SEARCH_STRATEGY>
<P>We searched the Cochrane Musculoskeletal Group trials register, MEDLINE up to 1997 and EMBASE 1988-1997), and selected hand searching of reference lists was conducted. Hand searching of scientific abstracts from relevant meetings for the last five years was also done. An electronic search in Current Contents was done for the last six months. The Cochrane Controlled Trials Register (CCTR) will be searched for future updates.</P>
<P>All languages were included in the search. For practical reasons only those in English were included, but all languages will be retrieved and translated for future updates.</P>
</ABS_SEARCH_STRATEGY>
    <ABS_SELECTION_CRITERIA>
<P>All controlled clinical trials (CCTs) dealing with prevention or treatment of corticosteroid-induced osteoporosis with bisphosphonates of any type and reporting the outcomes of interest were assessed. Trials had to involve adults only, and subjects had to be taking a mean steroid dose of 7.5 mg/day or more.</P>
</ABS_SELECTION_CRITERIA>
    <ABS_DATA_COLLECTION>
<P>All data extraction was performed by two independent reviewers. Outcomes of interest included change in bone mineral density (BMD) at the lumbar spine and femoral neck at six and 12 months. If present, data on number of new fractures and withdrawals due to adverse effects were also extracted. All data extraction was performed by two independent reviewers.<BR/>Both continuous and dichotomous data were analyzed using fixed effects models. When significant heterogeneity was present, a random effects model was used.</P>
</ABS_DATA_COLLECTION>
    <ABS_RESULTS>
<P>A total of 13 trials, including 842 patients are included in this meta-analysis. Results are reported as a weighted mean difference of the percent change in BMD between the treatment and placebo groups, with trials being weighted by the inverse of their variance. The 95% confidence intervals (95% CI) are presented. At the lumbar spine, the weighted mean difference of BMD between the treatment and placebo groups was 4.3% (95% CI 2.7, 5.9). At the femoral neck, the weighted mean difference was 2.1% (95%CI 0.01, 3.8). Although there was a 24% reduction in odds of spinal fractures [OR 0.76 (95%CI 0.37, 1.53)], this result was not statistically significant.</P>
</ABS_RESULTS>
    <ABS_CONCLUSIONS>
<P>Bisphosphonates are effective at preventing and treating corticosteroid-induced bone loss at the lumbar spine and femoral neck. Efficacy regarding fracture prevention cannot be concluded from this analysis, although bone density changes are correlated with fracture risk.</P>
</ABS_CONCLUSIONS>
  </ABSTRACT>
</DOC>
