<?xml version="1.0"?>
<DOC>
  <TITLE TRANSLATED="NO">Zinc supplementation for improving pregnancy and infant outcome</TITLE>
  <SUMMARY>
    <SUMMARY_TITLE>Zinc supplementation for improving pregnancy and infant outcome</SUMMARY_TITLE>
    <SUMMARY_BODY>
<P>Taking zinc during pregnancy helps to slightly reduce preterm births, but does not prevent other problems such as low birthweight babies.</P>
<P>Many women of childbearing age may have mild to moderate zinc deficiency. Low zinc concentrations may cause preterm birth or they may even prolong labour. It is also possible that zinc deficiency may affect infant growth as well. This review of 20 randomised controlled trials, involving over 15,000 women and their babies, found that although zinc supplementation has a small effect on reducing preterm births, it does not help to prevent low birthweight babies compared with not giving zinc supplements before 27 weeks' of pregnancy. No clear differences were seen for development of pregnancy hypertension or pre-eclampsia. The 14% relative reduction in preterm birth for zinc compared with placebo was primarily represented by trials of women with low incomes. In some trials all women were also given iron, folate or vitamins or combinations of these. UNICEF is already promoting antenatal use of multiple-micronutrient supplementation, including zinc, to all pregnant women in developing countries. Finding ways to improve women's overall nutritional status, particularly in low-income areas, will do more to improve the health of mothers and babies than supplementing pregnant women with zinc alone. In low-to-middle income countries, addressing anaemia and infections, such as malaria and hookworm, is also necessary.</P>
</SUMMARY_BODY>
  </SUMMARY>
  <ABSTRACT>
    <ABS_BACKGROUND>
<P>It has been suggested that low serum zinc levels may be associated with suboptimal outcomes of pregnancy such as prolonged labour, atonic postpartum haemorrhage, pregnancy-induced hypertension, preterm labour and post-term pregnancies, although many of these associations have not yet been established. </P>
</ABS_BACKGROUND>
    <ABS_OBJECTIVES>
<P>To assess the effects of zinc supplementation in pregnancy on maternal, fetal, neonatal and infant outcomes.</P>
</ABS_OBJECTIVES>
    <ABS_SEARCH_STRATEGY>
<P>We searched the Cochrane Pregnancy and Childbirth Group's Trials Register (30 September 2011) and reference lists of retrieved studies.</P>
</ABS_SEARCH_STRATEGY>
    <ABS_SELECTION_CRITERIA>
<P>Randomised trials of zinc supplementation in pregnancy. We excluded quasi-randomised controlled trials.</P>
</ABS_SELECTION_CRITERIA>
    <ABS_DATA_COLLECTION>
<P>Three review authors applied the study selection criteria, assessed trial quality and extracted data. When necessary, we contacted study authors for additional information.</P>
</ABS_DATA_COLLECTION>
    <ABS_RESULTS>
<P>We included 20 randomised controlled trials (RCTs) reported in 51 papers involving over 15,000 women and their babies. Trials were generally at low risk of bias. Zinc supplementation resulted in a small but significant reduction in preterm birth (risk ratio (RR) 0.86, 95% confidence interval (CI) 0.76 to 0.97 in 16 RCTs; 16 trials of 7637 women). This was not accompanied by a similar reduction in numbers of babies with low birthweight (RR 0.93, 95% CI 0.78 to 1.12; 14 trials of 5643 women). No significant differences were seen between the zinc and no zinc groups for any of the other primary maternal or neonatal outcomes, except for induction of labour in a single trial. No differing patterns were evident in the subgroups of women with low versus normal zinc and nutrition levels or in women who complied with their treatment versus those who did not.</P>
</ABS_RESULTS>
    <ABS_CONCLUSIONS>
<P>The evidence for a 14% relative reduction in preterm birth for zinc compared with placebo was primarily represented by trials involving women of low income and this has some relevance in areas of high perinatal mortality. There was no convincing evidence that zinc supplementation during pregnancy results in other useful and important benefits. Since the preterm association could well reflect poor nutrition, studies to address ways of improving the overall nutritional status of populations in impoverished areas, rather than focusing on micronutrient and or zinc supplementation in isolation, should be an urgent priority.</P>
</ABS_CONCLUSIONS>
  </ABSTRACT>
</DOC>
