<?xml version="1.0"?>
<DOC>
  <TITLE TRANSLATED="NO">Interventions for primary vesicoureteric reflux</TITLE>
  <SUMMARY>
    <SUMMARY_TITLE>Interventions for primary vesicoureteric reflux</SUMMARY_TITLE>
    <SUMMARY_BODY>
<P>Vesicoureteric reflux (VUR) is the backflow of urine from the bladder up the ureters to the kidney. People with VUR are thought to be more likely to get urinary tract infections (UTIs) involving the kidney tissue, which may cause permanent kidney damage. Current treatment options include reimplantation of the ureters or endoscopic surgery, long-term antibiotics, endoscopic correction (injection of a substance around the entry of the ureter into the bladder) using different materials, or a combination of interventions. This review found no strong evidence that long-term antibiotic prophylaxis prevented repeat UTIs in children with VUR. Associated side effects were infrequent and minor, but prophylaxis was associated with a threefold increased risk of bacterial resistance to the treatment drug in subsequent infections. Surgery decreased the number of UTIs with fever, but did not change the number of children developing symptomatic UTI or kidney damage.</P>
</SUMMARY_BODY>
  </SUMMARY>
  <ABSTRACT>
    <ABS_BACKGROUND>
<P>Vesicoureteric reflux (VUR) results in urine passing retrograde up the ureter. Urinary tract infections (UTI) associated with VUR have been considered a cause of permanent renal parenchymal damage in children with VUR. Management of these children has been directed at preventing UTI by antibiotic prophylaxis and/or surgical correction of VUR. The optimum strategy is not clear.</P>
</ABS_BACKGROUND>
    <ABS_OBJECTIVES>
<P>To evaluate the benefits and harms of different treatment options for primary VUR.</P>
</ABS_OBJECTIVES>
    <ABS_SEARCH_STRATEGY>
<P>In August 2010 we searched CENTRAL, MEDLINE and EMBASE and screened reference lists of papers and abstracts from conference proceedings.</P>
</ABS_SEARCH_STRATEGY>
    <ABS_SELECTION_CRITERIA>
<P>RCTs in any language comparing any treatment of VUR including surgical or endoscopic correction, antibiotic prophylaxis, non-invasive non-pharmacological techniques and any combination of therapies.</P>
</ABS_SELECTION_CRITERIA>
    <ABS_DATA_COLLECTION>
<P>Two authors independently searched the literature, determined study eligibility, assessed quality, extracted and entered data. We expressed dichotomous outcomes as risk ratios (RR) and their 95% confidence intervals (CI) and continuous data as mean differences (MD) and their 95% CI's Data were pooled using the random effects model.</P>
</ABS_DATA_COLLECTION>
    <ABS_RESULTS>
<P>Twenty RCTs (2324 children) were included. Long-term low-dose antibiotic prophylaxis compared to no treatment/placebo did not significantly reduce repeat symptomatic UTI (846 children: RR 0.68, 95% CI 0.39 to 1.17) or febrile UTI (946 children: RR 0.77, 95% CI 0.47 to 1.24) at two years. There was considerable heterogeneity in the analyses and only one study was adequately blinded. At one to three years, antibiotic prophylaxis reduced the risk of new or progressive renal damage on DMSA scan (446 children: RR 0.35, 95% CI 0.15 to 0.80). Side effects were infrequent when reported, but antibiotics increased the likelihood of bacterial drug resistance threefold (132 UTIs: RR 2.94, 95% CI 1.39 to 6.25).</P>
<P>When long-term antibiotic prophylaxis was compared with surgical or endoscopic correction of VUR plus antibiotics for one to 24 months (10 studies, 1141 children), the risk of symptomatic UTI was not significantly different at any time point. Combined surgical and antibiotic treatment caused a 57% reduction in febrile UTI by five years (2 studies, 449 children: RR 0.43, 95% CI 0.27 to 0.70) but did not decrease the risk of new or progressive renal damage at any time point. Postoperative obstruction was seen in 0% and 7% of children in two surgical studies and 0% in one endoscopic study.</P>
</ABS_RESULTS>
    <ABS_CONCLUSIONS>
<P>Compared with no treatment, use of long-term, low-dose antibiotics did not significantly reduce the number of repeat symptomatic and febrile UTIs in children with VUR. Considerable heterogeneity in the analyses and inclusion of only one adequately blinded study, made drawing firm conclusions challenging. Antibiotic prophylaxis significantly reduced the risk of developing new or progressive renal damage, but assuming an 8% baseline risk, 33 children would need long-term antibiotic prophylaxis to prevent one more child developing kidney damage over the course of two to three years.</P>
<P>The added benefit of surgical or endoscopic correction of VUR over antibiotic treatment alone remains unclear. Eight children would require combined surgical and antibiotic treatment to prevent one additional child developing febrile UTI by five years, but it would not cause fewer children developing renal damage.</P>
</ABS_CONCLUSIONS>
  </ABSTRACT>
</DOC>
