<?xml version="1.0"?>
<DOC>
  <TITLE TRANSLATED="NO">Anticholinergic medication for neuroleptic-induced tardive dyskinesia</TITLE>
  <SUMMARY>
    <SUMMARY_TITLE>Anticholinergic medication for neuroleptic-induced tardive dyskinesia</SUMMARY_TITLE>
    <SUMMARY_BODY>
<P>Synopsis pending.</P>
</SUMMARY_BODY>
  </SUMMARY>
  <ABSTRACT>
    <ABS_BACKGROUND>
<P>Neuroleptic medication is used extensively to treat people with chronic mental illnesses. However, it is associated with a wide range of adverse effects, including movement disorders. Because of this, many acutely psychotic patients being treated with neuroleptic medication also receive anticholinergic drugs in order to reduce some of the associated movement side-effects. </P>
</ABS_BACKGROUND>
    <ABS_OBJECTIVES>
<P>To determine whether the use or the withdrawal of anticholinergic drugs (benzhexol or benztropine or biperiden or orphenadrine or procyclidine or scopolamine or trihexylphenidyl) were clinically effective for the treatment of people with both neuroleptic-induced TD and schizophrenia or other chronic mental illnesses.</P>
</ABS_OBJECTIVES>
    <ABS_SEARCH_STRATEGY>
<P>Electronic searches of Biological Abstracts (1982-2000), Cochrane Schizophrenia Group's Register of trials (2000), EMBASE (1980-2000), LILACS (1982-1996), MEDLINE (1966-2000), PsycLIT (1974-2000), and SCISEARCH (1995) were undertaken. References of all identified studies were searched for further trial citations. Principal authors of trials were contacted.</P>
</ABS_SEARCH_STRATEGY>
    <ABS_SELECTION_CRITERIA>
<P>Reports identified in the search were included if they were controlled trials dealing with people with neuroleptic-induced TD and schizophrenia or other chronic mental illness who had been randomly allocated to either an anticholinergic agent or to a placebo (or no intervention).</P>
</ABS_SELECTION_CRITERIA>
    <ABS_DATA_COLLECTION>
<P>No data could be extracted from the seven randomised controlled trials identified.</P>
</ABS_DATA_COLLECTION>
    <ABS_RESULTS>
<P>No data were synthesized. The authors have been contacted to provide the relevant information. Two studies were excluded because no data are available and six others are still awaiting further information from the authors.</P>
</ABS_RESULTS>
    <ABS_CONCLUSIONS>
<P>Based on currently available information, no confident statement can be made about the effectiveness of anticholinergics to treat people with neuroleptic-induced tardive dyskinesia. The same applies for the withdrawal of such medications. Whether the withdrawal of anticholinergics may benefit people with neuroleptic-induced TD, this should be evaluated in a parallel-group, placebo-controlled randomised trial, with adequate sample size and at least 6 weeks of follow up.</P>
</ABS_CONCLUSIONS>
  </ABSTRACT>
</DOC>
