<?xml version="1.0"?>
<DOC>
  <TITLE TRANSLATED="NO">Injectable vaccines for preventing pneumococcal infection in patients with chronic obstructive pulmonary disease</TITLE>
  <SUMMARY>
    <SUMMARY_TITLE>Injectable vaccines for preventing pneumococcal infection in patients with chronic obstructive pulmonary disease</SUMMARY_TITLE>
    <SUMMARY_BODY>
<P>There is evidence that vaccines can protect healthy persons against invasive disease (bacteraemia, meningitis) and some evidence for prevention of community acquired pneumonia but little is known about the effectiveness of the vaccine in persons with chronic obstructive pulmonary disease (COPD). The results from seven randomised controlled trials involving 1709 people included in this review suggest that pneumococcal vaccination may provide some protection against disease caused by the bacteria but this needs to be confirmed by further studies.</P>
</SUMMARY_BODY>
  </SUMMARY>
  <ABSTRACT>
    <ABS_BACKGROUND>
<P>As chronic obstructive pulmonary disease (COPD) progresses, exacerbations can occur with increasing frequency. One goal of therapy is to prevent these exacerbations, thereby reducing morbidity and associated healthcare costs. Pneumococcal vaccinations are one strategy for reducing the risk of infective exacerbations.</P>
</ABS_BACKGROUND>
    <ABS_OBJECTIVES>
<P>To determine the safety and efficacy of pneumococcal vaccination in COPD. The primary outcomes assessed were episodes of pneumonia and acute exacerbations. Secondary outcomes of interest included hospital admissions, adverse events related to treatment, disability, change in lung function, mortality, and cost effectiveness.</P>
</ABS_OBJECTIVES>
    <ABS_SEARCH_STRATEGY>
<P>We searched the Cochrane Airways Group COPD trials register and the databases CENTRAL, MEDLINE and EMBASE using pre-specified terms. The latest searches were performed in March 2010.</P>
</ABS_SEARCH_STRATEGY>
    <ABS_SELECTION_CRITERIA>
<P>Randomised controlled trials assessing the effects of injectable pneumococcal vaccine in people with COPD were included.</P>
</ABS_SELECTION_CRITERIA>
    <ABS_DATA_COLLECTION>
<P>Two review authors independently extracted data and three review authors independently assessed trial quality. </P>
</ABS_DATA_COLLECTION>
    <ABS_RESULTS>
<P>Seven studies were identified that met the inclusion criteria for this review and were included in the 2010 review update. Two older trials used a 14-valent vaccine and five more recent trials used a 23-valent injectable vaccine.</P>
<P>In six studies involving 1372 people, the reduction in likelihood of developing pneumonia with pneumococcal vaccination compared to control did not achieve statistical significance, the odds ratio (OR) was 0.72 (95% confidence interval (CI) 0.51 to 1.01), with moderate heterogeneity present between studies. The reduction in likelihood of acute exacerbations of COPD from two studies involving 216 people was not statistically significant (Peto OR 0.58; 95% CI 0.30 to 1.13).</P>
<P>Of the secondary outcomes for which data were available there was no statistically significant effect for reduction in hospital admissions (two studies) or emergency department visits (one study). There was no significant reduction in pooled results from three studies involving 888 people for odds of all-cause mortality for periods up to 48 months post-vaccination (OR 0.94; 95% CI 0.67 to 1.33), or for death from cardiorespiratory causes (OR 1.07; 95% CI 0.69 to 1.66).</P>
</ABS_RESULTS>
    <ABS_CONCLUSIONS>
<P>The limited evidence from randomised controlled trials (RCTs) included in this review suggests that, while it is possible that injectable polyvalent pneumococcal vaccines may provide some protection against morbidity in persons with COPD, no significant effect on any of the outcomes was shown. Further large RCTs in this population would be needed to confirm effectiveness of the vaccine suggested by results from longitudinal studies.</P>
</ABS_CONCLUSIONS>
  </ABSTRACT>
</DOC>
