<?xml version="1.0"?>
<DOC>
  <TITLE LABEL="Review Title">Restricted versus liberal water intake for preventing morbidity and mortality in preterm infants</TITLE>
  <SUMMARY>
    <SUMMARY_TITLE>Restricted versus liberal water intake for preventing morbidity and mortality in preterm infants</SUMMARY_TITLE>
    <SUMMARY_BODY>
<P>Most babies born before 37 weeks of pregnancy (preterm babies) are not developed enough to take all the water and nutrients they need by mouth. As a result, they are unable to regulate their intake of water. Inadequate water intake can cause the baby to become dehydrated. Excessive water intake can cause heart and lung problems or intestinal damage. Systematic review of trials related to this issue leads to the conclusion that careful restriction of water for preterm babies, to amounts that meet their physical needs without causing dehydration, reduces the risk of certain complications. More research on this topic is needed.</P>
</SUMMARY_BODY>
  </SUMMARY>
  <ABSTRACT>
    <ABS_BACKGROUND>
<P>Most premature infants are physiologically not sufficiently mature to orally ingest all of their required water and nutrients. Therefore, premature infants rely on their caregivers to regulate their volume of water intake. Thus, the caregiver must determine the amount of water to be given each day to such infants.</P>
</ABS_BACKGROUND>
    <ABS_OBJECTIVES>
<P>To determine the effect of water intake on postnatal weight loss and the risks of dehydration, patent ductus arteriosus, necrotizing enterocolitis, bronchopulmonary dysplasia, intracranial hemorrhage, and death in premature infants.</P>
</ABS_OBJECTIVES>
    <ABS_SEARCH_STRATEGY>
<P>Randomized clinical trials (RCTs) identified in previous versions of this review were re-examined and, in each case, retained. Additional trials were sought that compared the outcomes of interest in groups of premature infants who were given different levels of water intake according to an experimental protocol. Such trials were sought in a list of trials provided by the Cochrane Neonatal Review Group, with a PubMed search and in the authors' personal files.</P>
<P>This search was updated in 2014.</P>
</ABS_SEARCH_STRATEGY>
    <ABS_SELECTION_CRITERIA>
<P>Only RCTs of varying water intake in premature infants were included. The review was limited to trials that included infants whose water intake was provided mainly or entirely by intravascular infusion.</P>
</ABS_SELECTION_CRITERIA>
    <ABS_DATA_COLLECTION>
<P>The standard methods of The Cochrane Collaboration were used. Study selection and data abstraction were performed independently by each review author. The adverse event rates were calculated for the restricted and liberal water intake groups for each dichotomous outcome, and the relative risk and risk difference were computed. In addition, the maximal weight loss results were recorded and the weighted mean difference was computed.</P>
</ABS_DATA_COLLECTION>
    <ABS_RESULTS>
<P>The analysis of the five studies taken together indicated that restricted water intake significantly increased postnatal weight loss and significantly reduced the risks of patent ductus arteriosus and necrotizing enterocolitis. With restricted water intake, there were trends toward increased risk of dehydration and reduced risks of bronchopulmonary dysplasia, intracranial hemorrhage, and death but these trends were not statistically significant.</P>
</ABS_RESULTS>
    <ABS_CONCLUSIONS>
<P>Based on this analysis, the most prudent prescription for water intake to premature infants would seem to be careful restriction of water intake so that physiological needs are met without allowing significant dehydration. This practice could be expected to decrease the risks of patent ductus arteriosus and necrotizing enterocolitis without significantly increasing the risk of adverse consequences.</P>
</ABS_CONCLUSIONS>
  </ABSTRACT>
</DOC>
