<?xml version="1.0"?>
<DOC>
  <TITLE LABEL="Review Title">Aripiprazole versus other atypical antipsychotics for schizophrenia</TITLE>
  <SUMMARY>
    <SUMMARY_TITLE>Aripiprazole versus other atypical antipsychotics</SUMMARY_TITLE>
    <SUMMARY_BODY>
<P>In many countries in the industrialised world there has been a huge growth in the prescription of medication for people with mental health problems, taken orally as a tablet or by injection. Atypical and second generation antipsychotic drugs have become ever more popular, because they are thought to help people with mental health problems who do not respond quite so well to initial treatment. These newer drugs hold the promise of both reducing symptoms, such as hearing voices or seeing things, and reducing problematic side effects, such as sleepiness, weight gain, and shaking.</P>
<P>However, there is little research and comparison of the ways in which drugs differ from one another. This review examines the effectiveness of aripiprazole with other new antipsychotics.<BR/>
<BR/>Originally the review included 12 research trials. After an update search carried out in November 2012, 162 trials were added. Most of these trials were from China and although new data were added to the review, overall conclusions did not change. The review now has five comparisons with aripiprazole being compared with clozapine, olanzapine, quetiapine, risperidone and ziprasidone.</P>
<P>For people with schizophrenia it may be important to know that aripiprazole may not be as good or effective as olanzapine but that it has less side effects. Aripiprazole is similar in effectiveness to risperidone and somewhat better than ziprasidone. Aripiprazole had less side- effects than olanzapine and risperidone (such as weight gain, sleepiness, heart problems, shaking and increased cholesterol levels). Aripiprazole was not as good as ziprasidone for dealing with restlessness or people’s inability to sit still. Comparison with other antipsychotic drugs as a group showed that people preferred taking aripiprazole. However, people with schizophrenia as well as mental health professionals and policy makers should know that the evidence is limited and mostly of low or very low quality. More trials and research is required, including on outcomes such as: quality of life; the views of service users and carers; and patient preference.</P>
<P>This plain language summary has been written by a consumer from Rethink Mental Illness, Benjamin Gray. Email: ben.gray@rethink.org</P>
</SUMMARY_BODY>
  </SUMMARY>
  <ABSTRACT>
    <ABS_BACKGROUND>
<P>In most western industrialised countries, second generation (atypical) antipsychotics are recommended as first-line drug treatments for people with schizophrenia. In this review, we specifically examine how the efficacy and tolerability of one such agent - aripiprazole - differs from that of other comparable second generation antipsychotics.</P>
</ABS_BACKGROUND>
    <ABS_OBJECTIVES>
<P>To review the effects of aripiprazole compared with other atypical antipsychotics for people with schizophrenia and schizophrenia-like psychoses.</P>
</ABS_OBJECTIVES>
    <ABS_SEARCH_STRATEGY>
<P>We searched the Cochrane Schizophrenia Group Trials Register (November 2012), inspected references of all identified studies for further trials and contacted relevant pharmaceutical companies, drug approval agencies and authors of trials for additional information.</P>
</ABS_SEARCH_STRATEGY>
    <ABS_SELECTION_CRITERIA>
<P>We included all randomised clinical trials (RCTs) comparing aripiprazole (oral) with oral and parenteral forms of amisulpride, clozapine, olanzapine, quetiapine, risperidone, sertindole, ziprasidone or zotepine for people with schizophrenia or schizophrenia-like psychoses.</P>
</ABS_SELECTION_CRITERIA>
    <ABS_DATA_COLLECTION>
<P>We extracted data independently. For dichotomous data we calculated risk ratios (RR) and their 95% confidence intervals (CI) on an intention-to-treat basis based on a random-effects model. Where possible, we calculated illustrative comparative risks for primary outcomes. For continuous data, we calculated mean differences (MD), again based on a random-effects model. We assessed risk of bias for each included study and used GRADE approach to rate quality of evidence.</P>
</ABS_DATA_COLLECTION>
    <ABS_RESULTS>
<P>We now have included 174 trials involving 17,244 participants. Aripiprazole was compared with clozapine, quetiapine, risperidone, ziprasidone and olanzapine. The overall number of participants leaving studies early was 30% to 40%, limiting validity (no differences between groups).</P>
<P>When compared with clozapine, there were no significant differences for global state (no clinically significant response, n = 2132, 29 RCTs, <I>low quality evidence</I>); mental state (BPRS, n = 426, 5 RCTs, <I>very low quality evidence</I>); or leaving the study early for any reason (n = 240, 3 RCTs, <I>very low quality evidence</I>). Quality of life score using the WHO-QOL-100 scale demonstrated significant difference, favouring aripiprazole (n = 132, 2 RCTs, RR 2.59 CI 1.43 to 3.74, <I>very low quality evidence</I>). General extrapyramidal symptoms (EPS) were no different between groups (n = 520, 8 RCTs,<I> very low quality evidence</I>). No study reported general functioning or service use.</P>
<P>When compared with quetiapine, there were no significant differences for global state (n = 991, 12 RCTs, <I>low quality evidence</I>); mental state (PANSS positive symptoms, n = 583, 7 RCTs, <I>very low quality evidence</I>); leaving the study early for any reason (n = 168, 2 RCTs, <I>very low quality evidence</I>), or general EPS symptoms (n = 348, 4 RCTs, <I>very low quality evidence</I>). Results were significantly in favour of aripiprazole for quality of life (WHO-QOL-100 total score, n = 100, 1 RCT, MD 2.60 CI 1.31 to 3.89, <I>very low quality evidence</I>). No study reported general functioning or service use.</P>
<P>When compared with risperidone, there were no significant differences for global state (n = 6381, 80 RCTs, <I>low quality evidence</I>); or leaving the study early for any reason (n = 1239, 12 RCTs, <I>very low quality evidence</I>). Data were significantly in favour of aripiprazole for improvement in mental state using the BPRS (n = 570, 5 RCTs, MD 1.33 CI 2.24 to 0.42, <I>very low quality evidence</I>); with higher adverse effects seen in participants receiving risperidone of general EPS symptoms (n = 2605, 31 RCTs, RR 0.39 CI 0.31 to 0.50, <I>low quality evidence</I>). No study reported general functioning, quality of life or service use.</P>
<P>When compared with ziprasidone, there were no significant differences for global state (n = 442, 6 RCTs, <I>very low quality evidence</I>); mental state using the BPRS (n = 247, 1 RCT, <I>very low quality evidence</I>); or leaving the study early for any reason (n = 316, 2 RCTs, <I>very low quality evidence</I>). Weight gain was significantly greater in people receiving aripiprazole (n = 232, 3 RCTs, RR 4.01 CI 1.10 to 14.60, <I>very low quality evidence</I>). No study reported general functioning, quality of life or service use.</P>
<P>When compared with olanzapine, there were no significant differences for global state (n = 1739, 11 RCTs, <I>very low quality evidence</I>); mental state using PANSS (n = 1500, 11 RCTs, <I>very low quality evidence</I>); or quality of life using the GQOLI-74 scale (n = 68, 1 RCT, <I>very low quality of evidence</I>). Significantly more people receiving aripiprazole left the study early due to any reason (n = 2331, 9 RCTs, RR 1.15 CI 1.05 to 1.25, <I>low quality evidence</I>) and significantly more people receiving olanzapine gained weight (n = 1538, 9 RCTs, RR 0.25 CI 0.15 to 0.43, <I>very low quality evidence</I>). None of the included studies provided outcome data for the comparisons of 'service use' or 'general functioning'.</P>
</ABS_RESULTS>
    <ABS_CONCLUSIONS>
<P>Information on all comparisons is of limited quality, is incomplete and problematic to apply clinically. The quality of the evidence is all low or very low. Aripiprazole is an antipsychotic drug with an important adverse effect profile. Long-term data are sparse and there is considerable scope for another update of this review as new data emerge from ongoing larger, independent pragmatic trials.</P>
</ABS_CONCLUSIONS>
  </ABSTRACT>
</DOC>
