<?xml version="1.0"?>
<DOC>
  <TITLE LABEL="Review Title">Drugs for preventing malaria in pregnant women in endemic areas: any drug regimen versus placebo or no treatment</TITLE>
  <SUMMARY>
    <SUMMARY_TITLE>The effect of taking antimalarial drugs routinely to prevent malaria in pregnancy</SUMMARY_TITLE>
    <SUMMARY_BODY>
<P>Pregnancy increases the risk of malaria and this is associated with poor health outcomes for both the mother and the infant, especially during the first or second pregnancy. For this reason, women are encouraged to try and prevent malaria infection during pregnancy by sleeping under mosquito bed-nets, and by taking drugs effective against malaria throughout pregnancy as chemoprevention.</P>
<P>This Cochrane Review looked at all drug regimens compared to placebo. The review authors sought to summarise and quantify the overall effects of chemoprevention. Seventeen trials were included, all conducted between 1957 and 2008, and all but two in countries of Africa.</P>
<P>For women in their first or second pregnancy, malaria chemoprevention prevents moderate to severe anaemia (<I>high quality evidence</I>); and prevents malaria parasites being detected in the blood (<I>high quality evidence</I>). It may also prevent malaria illness. We don't know if it prevents maternal deaths, as this would require very large studies to detect an effect.</P>
<P>In their infants, malaria chemoprevention improves the average birthweight (<I>moderate quality evidence</I>), and reduces the number of low birthweight infants (<I>moderate quality evidence</I>). We are not sure if chemoprevention reduces mortality of babies in the first week, month and year, as again studies would need to be very large to show these effects.</P>
</SUMMARY_BODY>
  </SUMMARY>
  <ABSTRACT>
    <ABS_BACKGROUND>
<P>Pregnancy increases the risk of malaria and this is associated with poor health outcomes for both the mother and the infant, especially during the first or second pregnancy. To reduce these effects, the World Health Organization recommends that pregnant women living in malaria endemic areas sleep under insecticide-treated bednets, are treated for malaria illness and anaemia, and receive chemoprevention with an effective antimalarial drug during the second and third trimesters.</P>
</ABS_BACKGROUND>
    <ABS_OBJECTIVES>
<P>To assess the effects of malaria chemoprevention given to pregnant women living in malaria endemic areas on substantive maternal and infant health outcomes. We also summarised the effects of intermittent preventive treatment with sulfadoxine-pyrimethamine (SP) alone, and preventive regimens for <I>Plasmodium vivax.</I>
</P>
</ABS_OBJECTIVES>
    <ABS_SEARCH_STRATEGY>
<P>We searched the Cochrane Infectious Diseases Group Specialized Register, CENTRAL, MEDLINE, EMBASE, LILACS, and reference lists up to 1 June 2014.</P>
</ABS_SEARCH_STRATEGY>
    <ABS_SELECTION_CRITERIA>
<P>Randomized controlled trials (RCTs) and quasi-RCTs of any antimalarial drug regimen for preventing malaria in pregnant women living in malaria-endemic areas compared to placebo or no intervention. In the mother, we sought outcomes that included mortality, severe anaemia, and severe malaria; anaemia, haemoglobin values, and malaria episodes; indicators of malaria infection, and adverse events. In the baby, we sought foetal loss, perinatal, neonatal and infant mortality; preterm birth and birthweight measures; and indicators of malaria infection. We included regimens that were known to be effective against the malaria parasite at the time but may no longer be used because of parasite drug resistance.</P>
</ABS_SELECTION_CRITERIA>
    <ABS_DATA_COLLECTION>
<P>Two review authors applied inclusion criteria, assessed risk of bias and extracted data. Dichotomous outcomes were compared using risk ratios (RR), and continuous outcomes using mean differences (MD); both are presented with 95% confidence intervals (CI). We assessed the quality of evidence using the GRADE approach.</P>
</ABS_DATA_COLLECTION>
    <ABS_RESULTS>
<P>Seventeen trials enrolling 14,481 pregnant women met our inclusion criteria. These trials were conducted between 1957 and 2008, in Nigeria (three trials), The Gambia (three trials), Kenya (three trials), Mozambique (two trials), Uganda (two trials), Cameroon (one trial), Burkina Faso (one trial), and Thailand (two trials). Six different antimalarials were evaluated against placebo or no intervention; chloroquine (given weekly), pyrimethamine (weekly or monthly), proguanil (daily), pyrimethamine-dapsone (weekly or fortnightly), and mefloquine (weekly), or intermittent preventive therapy with SP (given twice, three times or monthly). Trials recruited women in their first or second pregnancy (eight trials); only multigravid women (one trial); or all women (eight trials). Only six trials had adequate allocation concealment.</P>
<P>For women in their first or second pregnancy, malaria chemoprevention reduces the risk of moderate to severe anaemia by around 40% (RR 0.60, 95% CI 0.47 to 0.75; three trials, 2503 participants, <I>high quality evidence</I>), and the risk of any anaemia by around 17% (RR 0.83, 95% CI 0.74 to 0.93; five trials,, 3662 participants, <I>high quality evidence</I>). Malaria chemoprevention reduces the risk of antenatal parasitaemia by around 61% (RR 0.39, 95% CI 0.26 to 0.58; seven trials, 3663 participants, <I>high quality evidence</I>), and two trials reported a reduction in febrile illness (<I>low quality evidence</I>). There were only 16 maternal deaths and these trials were underpowered to detect an effect on maternal mortality (<I>very low quality evidence</I>).</P>
<P>For infants of women in their first and second pregnancies, malaria chemoprevention probably increases mean birthweight by around 93 g (MD 92.72 g, 95% CI 62.05 to 123.39; nine trials, 3936 participants, <I>moderate quality evidence</I>), reduces low birthweight by around 27% (RR 0.73, 95% CI 0.61 to 0.87; eight trials, 3619 participants, <I>moderate quality evidence</I>), and reduces placental parasitaemia by around 46% (RR 0.54, 95% CI 0.43 to 0.69; seven trials, 2830 participants, <I>high quality evidence</I>). Fewer trials evaluated spontaneous abortions, still births, perinatal deaths, or neonatal deaths, and these analyses were underpowered to detect clinically important differences.</P>
<P>In multigravid women, chemoprevention has similar effects on antenatal parasitaemia (RR 0.38, 95% CI 0.28 to 0.50; three trials, 977 participants, <I>high quality evidence</I>)but there are too few trials to evaluate effects on other outcomes.</P>
<P>In trials giving chemoprevention to all pregnant women irrespective of parity, the average effects of chemoprevention measured in all women indicated it may prevent severe anaemia (defined by authors, but at least &lt; 8 g/L: RR 0.19, 95% CI 0.05 to 0.75; two trials, 1327 participants, <I>low quality evidence), </I>but consistent benefits have not been shown for other outcomes. </P>
<P>In an analysis confined only to intermittent preventive therapy with SP, the estimates of effect and the quality of the evidence were similar.</P>
<P>A summary of a single trial in Thailand of prophylaxis against <I>P. vivax </I>showed chloroquine prevented vivax infection (RR 0.01, 95% CI 0.00 to 0.20; one trial, 942 participants).</P>
</ABS_RESULTS>
    <ABS_CONCLUSIONS>
<P>Routine chemoprevention to prevent malaria and its consequences has been extensively tested in RCTs, with clinically important benefits on anaemia and parasitaemia in the mother, and on birthweight in infants.</P>
</ABS_CONCLUSIONS>
  </ABSTRACT>
</DOC>
