<?xml version="1.0"?>
<DOC>
  <TITLE LABEL="Review Title">Exercise for intermittent claudication</TITLE>
  <SUMMARY>
    <SUMMARY_TITLE>Exercise for reducing intermittent claudication symptoms</SUMMARY_TITLE>
    <SUMMARY_BODY>
<P>Intermittent claudication is a cramping leg pain that develops when walking and is relieved with rest. It is caused by inadequate blood flow to the leg muscles because of atherosclerosis (fatty deposits restricting blood flow through the arteries). People with mild-to-moderate claudication are advised to keep walking, stop smoking and reduce cardiovascular risk factors. Other treatments include antiplatelet therapy, pentoxifylline or cilostazol, angioplasty (inserting a balloon into the artery to open it up) and bypass surgery.</P>
<P>The review authors identified 30 controlled trials that randomised 1816 adults with stable leg pain to exercise, usual care or placebo, or other interventions. Outcomes were measured at times ranging from two weeks to two years. The types of exercise varied from strength training to polestriding and upper or lower limb exercises; in general supervised sessions were at least twice a week. Quality of the included trials was moderate,<B> </B>mainly due to an absence of relevant information. Compared with usual care, exercise therapy improved maximal walking time on a treadmill by almost five minutes (4.51; range 3.0 to 5.9 minutes). Pain-free walking distance was increased overall by 82.29 metres (range 71.86 to 92.72 metres) and the maximum distance that participants could walk by 108.99 metres (range 38.20 to 179.78 metres) in six trials. Improvements were seen for up to two years. Exercise did not improve ankle to brachial blood pressure index. No data were given on non-fatal cardiovascular events; data on deaths and need for amputation were inconclusive due to limited data.</P>
<P>Comparisons of exercise with antiplatelet therapy, pentoxifylline, iloprost, vitamin E and pneumatic foot and calf compression were limited because of small numbers of trials and participants.</P>
<P>The present review shows that exercise programmes clearly improve walking time and distance for people considered fit for exercise regimens. This benefit appears to be sustained over two years.</P>
</SUMMARY_BODY>
  </SUMMARY>
  <ABSTRACT>
    <ABS_BACKGROUND>
<P>Exercise programmes are a relatively inexpensive, low-risk option compared with other more invasive therapies for leg pain on walking (intermittent claudication (IC)). This is an update of a review first published in 1998.</P>
</ABS_BACKGROUND>
    <ABS_OBJECTIVES>
<P>The prime objective of this review was to determine whether an exercise programme in people with intermittent claudication was effective in alleviating symptoms and increasing walking treadmill distances and walking times. Secondary objectives were to determine whether exercise was effective in preventing deterioration of underlying disease, reducing cardiovascular events and improving quality of life.</P>
</ABS_OBJECTIVES>
    <ABS_SEARCH_STRATEGY>
<P>For this update<I> </I>the Cochrane Peripheral Vascular Diseases Group Trials Search Co-ordinator searched the Specialised Register (last searched September 2013) and CENTRAL (2013, Issue 8). </P>
</ABS_SEARCH_STRATEGY>
    <ABS_SELECTION_CRITERIA>
<P>Randomised controlled trials of an exercise regimen versus control or versus medical therapy in people with IC due to peripheral arterial disease. Any exercise programme or regimen used in the treatment of intermittent claudication was included, such as walking, skipping and running. Inclusion of trials was not affected by the duration, frequency or intensity of the exercise programme. Outcome measures collected included treadmill walking distance (time to onset of pain or pain-free walking distance and maximum walking time or maximal walking distance), ankle brachial index (ABI), quality of life, morbidity or amputation; if none of these were reported the trial was not included in this review.</P>
</ABS_SELECTION_CRITERIA>
    <ABS_DATA_COLLECTION>
<P>Two review authors independently extracted data and assessed trial quality.</P>
</ABS_DATA_COLLECTION>
    <ABS_RESULTS>
<P>Eleven additional studies were included in this update making a total of 30 trials which met the inclusion criteria, involving a total of 1816 participants with stable leg pain. The follow-up period ranged from two weeks to two years. The types of exercise varied from strength training to polestriding and upper or lower limb exercises; generally supervised sessions were at least twice a week. Most trials used a treadmill walking test for one of the outcome measures. Quality of the included trials was moderate,<B> </B>mainly due to an absence of relevant information. The majority of trials were small with 20 to 49 participants. Twenty trials compared exercise with usual care or placebo, the remainder of the trials compared exercise to medication (pentoxifylline, iloprost, antiplatelet agents and vitamin E) or pneumatic calf compression; people with various medical conditions or other pre-existing limitations to their exercise capacity were generally excluded.</P>
<P>Overall, when taking the first time point reported in each of the studies, exercise significantly improved maximal walking time when compared with usual care or placebo: mean difference (MD) 4.51 minutes (95% confidence interval (CI) 3.11 to 5.92) with an overall improvement in walking ability of approximately 50% to 200%. Walking distances were also significantly improved: pain-free walking distance MD 82.29 metres (95% CI 71.86 to 92.72) and maximum walking distance MD 108.99 metres (95% CI 38.20 to 179.78). Improvements were seen for up to two years, and subgroup analyses were performed at three, six and 12 months where possible. Exercise did not improve the ABI (MD 0.05, 95% CI 0.00 to 0.09). The effect of exercise, when compared with placebo or usual care, was inconclusive on mortality, amputation and peak exercise calf blood flow due to limited data. No data were given on non-fatal cardiovascular events.</P>
<P>Quality of life measured using the Short Form (SF)-36 was reported at three and six months. At three months, physical function, vitality and role physical all significantly improved with exercise, however this was a limited finding as this measure was only reported in two trials. At six months five trials reported outcomes of a significantly improved physical summary score and mental summary score secondary to exercise. Only two trials reported improvements in other domains, physical function and general health.</P>
<P>Evidence was generally limited for exercise compared with antiplatelet therapy, pentoxifylline, iloprost, vitamin E and pneumatic foot and calf compression due to small numbers of trials and participants.</P>
</ABS_RESULTS>
    <ABS_CONCLUSIONS>
<P>Exercise programmes are of significant benefit compared with placebo or usual care in improving walking time and distance in people with leg pain from IC who were considered to be fit for exercise intervention.</P>
</ABS_CONCLUSIONS>
  </ABSTRACT>
</DOC>
