<?xml version="1.0"?>
<DOC>
  <TITLE LABEL="Review Title">Anti-pseudomonal beta-lactams for the initial, empirical, treatment of febrile neutropenia: comparison of beta-lactams</TITLE>
  <SUMMARY>
    <SUMMARY_TITLE>Single-agent antibiotic treatment for cancer patients with fever and low white blood cell counts</SUMMARY_TITLE>
    <SUMMARY_BODY>
<P>Cancer patients develop neutropenia, a decrease in the neutrophil subset of the white blood cells, as a result of chemotherapy. Neutropenia exposes patients to infections, mainly bacterial. Without antibiotic treatment these infections may be fatal, therefore antibiotic treatment is administered when a patient with neutropenia develops fever. The objective of this review was to compare antibiotic treatments currently recommended in consensus guidelines for the initial treatment of cancer patients with fever and neutropenia.</P>
<P>We identified 44 studies comparing different antibiotics. Cefepime resulted in significantly higher mortality compared to all other antibiotics combined, at the end of patients' hospital stay or 30 days after entry into the study. The risk was 39% higher with cefepime, ranging from 4 to 86% increased risk. We did not find an explanation for this when looking into other outcomes reported in the primary studies. Piperacillin-tazobactam resulted in lower mortality than other antibiotics. The other antibiotics (ceftazidime, imipenem and meropenem) showed comparable efficacy, with a lower rate of antibiotic changes for imipenem or meropenem and a higher rate of severe diarrhea with these two antibiotics.</P>
<P>We conclude that piperacillin-tazobactam might be the preferred antibiotic for the treatment of cancer patients with fever and neutropenia and that cefepime should not be used. Antibiotic selection (other than cefepime) depends on the individual patient and the type of bacteria prevalent in the specific hospital.</P>
</SUMMARY_BODY>
  </SUMMARY>
  <ABSTRACT>
    <ABS_BACKGROUND>
<P>Several beta-lactams are recommended as single agents for the treatment of febrile neutropenia.</P>
</ABS_BACKGROUND>
    <ABS_OBJECTIVES>
<P>To compare the effectiveness of different anti-pseudomonal beta-lactams as single agents in the treatment of febrile neutropenia. To compare the development of bacterial resistance, bacterial and fungal superinfections during or following treatment with the different beta-lactams.</P>
</ABS_OBJECTIVES>
    <ABS_SEARCH_STRATEGY>
<P>We searched the Cochane Register of Controlled Trials (CENTRAL), Issue 3, 2010. MEDLINE, EMBASE, LILACS, FDA drug applications, conference proceedings and ongoing clinical trial databases up to August 2010. References of included studies were scanned.</P>
</ABS_SEARCH_STRATEGY>
    <ABS_SELECTION_CRITERIA>
<P>Randomised controlled trials (RCTs) comparing an antipseudomonal beta-lactam to another antipseudomonal beta-lactam antibiotic, both given alone or with the addition of the same glycopeptide to both study arms, for the initial treatment of fever and neutropenia among cancer patients.</P>
</ABS_SELECTION_CRITERIA>
    <ABS_DATA_COLLECTION>
<P>Two review authors applied inclusion criteria and extracted the data independently. Missing data were sought. Risk ratios (RR) were calculated with 95% confidence intervals (CI), and pooled using the fixed effect model. The primary outcome was all-cause mortality. Risk of bias was assessed using a domain-based evaluation and its effect of results was assessed through sensitivity analyses.</P>
</ABS_DATA_COLLECTION>
    <ABS_RESULTS>
<P>Forty-four trials were included. The antibiotics assessed were cefepime, ceftazidime, piperacillin-tazobactam, imipenem and meropenem. Adequate allocation concealment and generation were reported in about half of the trials and only two trials were double-blinded. The risk for all-cause mortality was significantly higher with cefepime compared to other beta-lactams (RR 1.39, 95% CI 1.04 to 1.86, 21 trials, 3471 participants), without heterogeneity and with higher RRs in trials at low risk for bias. There were no differences in secondary outcomes but for a non-significantly higher rate of bacterial superinfections with cefepime. Mortality was significantly lower with piperacillin-tazobactam compared to other antibiotics (RR 0.56, 95% CI 0.34 to 0.92, 8 trials, 1314 participants), without heterogeneity. Carbapenems resulted in similar all-cause mortality and a lower rate of clinical failure and antibiotic modifications as compared to other antibiotics, but a higher rate of diarrhea caused by <I>Clostridium difficile</I>.</P>
</ABS_RESULTS>
    <ABS_CONCLUSIONS>
<P>Current evidence supports the use of piperacillin-tazobactam in locations where antibiotic resistance profiles do not mandate empirical use of carbapenems. Carbapenems result in a higher rate of antibiotic-associated and <I>Clostridium difficile</I>-associated diarrhea. There is a high level of evidence that all-cause mortality is higher with cefepime compared to other beta-lactams and it should not be used as monotherapy for patients with febrile neutropenia.</P>
</ABS_CONCLUSIONS>
  </ABSTRACT>
</DOC>
