<?xml version="1.0"?>
<DOC>
  <TITLE LABEL="Review Title">Home uterine monitoring for detecting preterm labour</TITLE>
  <SUMMARY>
    <SUMMARY_TITLE>Monitoring pregnant women at home for detecting preterm labour</SUMMARY_TITLE>
    <SUMMARY_BODY>
<P>Preterm birth is a major cause of perinatal illness and death. Increased uterine contractions may be a sign of preterm labour, and treatment can inhibit the onset of labour, or prolong the pregnancy, giving time for treatment to improve the baby’s breathing at birth. However, many women do not recognise these contractions in time for treatment. If such pregnant women could be identified, and could use a monitoring device at home to send relevant clinical data to the doctors and midwives caring for them, it might be possible to detect and treat.  </P>
<P>We identified 15 randomised studies (involving 6008 women) but only 13 contributed data. Most of the studies compared women who had been instructed in how to examine themselves and check for signs of premature labour with women given the same instructions but also given a uterine activity monitor. In some studies both groups used a monitor but one group had a ‘sham’ monitor that did not actually send the readings to the women’s healthcare providers.</P>
<P>Using an active monitor at home made very little difference to many of the outcomes for mother or baby, although not all studies measured all outcomes. Women using home uterine monitoring were no less likely to experience preterm birth (at less than 37, or less than 32 weeks of pregnancy). Our results suggest that women using home uterine monitoring were less likely to experience preterm birth at less than 34 weeks but when we restricted our analyses to high quality studies, there was no longer a significant difference between groups. Babies born to women using the monitor were less likely to be admitted to special care baby unit (neonatal intensive care) but there were no fewer deaths. Women using the device were more likely to make an unscheduled antenatal visit, but the number of antenatal hospital admissions did not differ. Women using home uterine monitoring appeared to be more likely to receive tocolysis but when we restricted the results to high quality studies, the difference was no longer significant. We found no data to assess maternal anxiety or acceptability, although one large trial reported low compliance with the use of monitors. In some of the studies, women in the monitoring groups had more contact with midwives or maternity nurses, but it is impossible to tell what effect this might have had.  </P>
</SUMMARY_BODY>
  </SUMMARY>
  <ABSTRACT>
    <ABS_BACKGROUND>
<P>To reduce the morbidity and mortality associated with preterm birth, home uterine activity monitoring aims for early detection of increased contraction frequency, and early intervention with tocolytic drugs to inhibit labour and prolong pregnancy. However, the effectiveness of such monitoring is disputed.</P>
</ABS_BACKGROUND>
    <ABS_OBJECTIVES>
<P>To determine whether home uterine activity monitoring is effective in improving the outcomes for women and their infants considered to be at high risk of preterm birth, when compared with conventional or other care packages that do not include home uterine monitoring.</P>
</ABS_OBJECTIVES>
    <ABS_SEARCH_STRATEGY>
<P>We searched the Cochrane Pregnancy and Childbirth Group’s Trials Register (31 October 2014), CENTRAL (<I>The Cochrane Library </I>2014, Issue 8), MEDLINE (1966 to 31 August 2014), EMBASE (1974 to 31 August 2014), CINAHL (1982 to 31 August 2014) and scanned reference lists of retrieved studies.</P>
</ABS_SEARCH_STRATEGY>
    <ABS_SELECTION_CRITERIA>
<P>Randomised control trials of home uterine activity monitoring, with or without patient education programmes, for women at risk for preterm birth, in comparison to the same care package without home uterine activity monitoring.</P>
</ABS_SELECTION_CRITERIA>
    <ABS_DATA_COLLECTION>
<P>Two review authors independently assessed trials for inclusion and risk of bias, extracted data and checked them for accuracy. We did not attempt to contact authors to resolve queries.</P>
</ABS_DATA_COLLECTION>
    <ABS_RESULTS>
<P>There were 15 included studies (total number of enrolled participants 6008); 13 studies contributed data. Women using home uterine monitoring were less likely to experience preterm birth at less than 34 weeks (risk ratio (RR) 0.78; 95% confidence interval (CI) 0.62 to 0.99; three studies, n = 1596; fixed-effect analysis) (GRADE high). The significant difference was not evident when we carried out a sensitivity analysis, restricting the analysis to studies at low risk of bias based on study quality (RR 0.75; 95% CI 0.57 to 1.00, one study, 1292 women). There was no significant difference in the rate of perinatal mortality (RR 1.22; 95% CI 0.86 to 1.72; two studies, n = 2589) (GRADE low)</P>
<P>There was no significant difference in the number of preterm births at less than 37 weeks (average RR 0.85; CI 0.72 to 1.01; eight studies, n = 4834; random-effects, T² = 0.03, I² = 68%) (GRADE very low). Infants born to women using home uterine monitoring were less likely to be admitted to neonatal intensive care unit (average RR 0.77; 95% CI 0.62 to 0.96; five studies, n = 2367; random-effects, T² = 0.02, I² = 32%) (GRADE moderate). The difference was not statistically significant when only high quality studies were included (RR 0.86; 95% CI 0.74 to 1.01; one study, n = 1292). Women using home uterine monitoring made more unscheduled antenatal visits (mean difference (MD) 0.49; 95% CI 0.39 to 0.62; two studies, n = 3707) (GRADE moderate). Women using home uterine monitoring were also more likely to have prophylactic tocolytic drug therapy (average RR 1.21; 95% CI 1.01 to 1.45; seven studies, n = 4316; random-effects. T² = 0.03, I² = 62%) but this difference was no longer significant when the analysis was restricted to higher quality studies (average RR 1.22; 95% CI 0.90 to 1.65, three studies, n = 3749,random-effects, T² = 0.05, I² = 76%) (GRADE low). One small study reported that the home uterine monitoring group spent fewer days in hospital antenatally. No data on maternal anxiety or acceptability were found.</P>
</ABS_RESULTS>
    <ABS_CONCLUSIONS>
<P>Home uterine monitoring may result in fewer admissions to a neonatal intensive care unit but more unscheduled antenatal visits and tocolytic treatment, but the level of evidence is generally low to moderate. Important group differences were not evident when sensitivity analysis was undertaken using only high quality trials. There is no impact on maternal and perinatal outcomes such as perinatal mortality or incidence of preterm birth.</P>
</ABS_CONCLUSIONS>
  </ABSTRACT>
</DOC>
