<?xml version="1.0"?>
<DOC>
  <TITLE LABEL="Review Title">Dressings for the prevention of surgical site infection</TITLE>
  <SUMMARY>
    <SUMMARY_TITLE>No recommendations regarding type of wound dressing for the prevention of surgical site infection</SUMMARY_TITLE>
    <SUMMARY_BODY>
<P>Millions of surgical procedures are conducted globally each year. The majority of procedures result in wounds in which the edges are brought together to heal using stitches, staples, clips or glue - this is called 'healing by primary intention'. Afterwards, wounds are often covered with a dressing that acts as a barrier between them and the outside environment. One advantage of this may be to protect the wound from micro-organisms, and thus infection. Many different dressing types are available for use on surgical wounds, however, it is not clear whether one type of dressing is better than any other at preventing surgical site infection, or, indeed, whether it is better not to use a dressing at all. We conducted a review of all available, relevant, evidence regarding the impact of dressings on the prevention of surgical site infections in surgical wounds healing by primary intention. The review examined data from 16 randomised controlled trials and found no evidence to suggest either that one dressing type was better than any other, or that covering these wounds with dressings at all was better at preventing surgical site infection, or that any dressing type improves scarring, pain control, patient acceptability or ease of removal. It is important to note that many trials in this review were small and of poor quality, at high or unclear risk of bias and there is an overall lack of evidence. Decisions on wound dressing should be based on dressing costs and the need for management of specific symptoms e.g., absorption of exudate.<BR/>
</P>
</SUMMARY_BODY>
  </SUMMARY>
  <ABSTRACT>
    <ABS_BACKGROUND>
<P>Surgical wounds (incisions) heal by primary intention when the wound edges are brought together and secured - often with sutures, staples, clips or glue. Wound dressings, usually applied after wound closure, provide physical support, protection from bacterial contamination and absorb exudate. Surgical site infection (SSI) is a common complication of surgical wounds that may delay healing.</P>
</ABS_BACKGROUND>
    <ABS_OBJECTIVES>
<P>To assess the effects of wound dressings for preventing SSI in people with surgical wounds healing by primary intention.</P>
</ABS_OBJECTIVES>
    <ABS_SEARCH_STRATEGY>
<P>In February 2014 we searched: The Cochrane Wounds Group Specialised Register; The Cochrane Central Register of Controlled Trials (CENTRAL) (<I>The Cochrane Library</I>); The Database of Abstracts of Reviews of Effects (DARE) (<I>The Cochrane Library</I>); The Health Technology Assessment Database (HTA) (<I>The Cochrane Library</I>); NHS Economic Evaluation Database (NHSEED) (<I>The Cochrane Library</I>); Ovid MEDLINE; Ovid MEDLINE (In-Process &amp; Other Non-Indexed Citations); Ovid EMBASE and EBSCO CINAHL. There were no restrictions based on language or date of publication or study setting.</P>
</ABS_SEARCH_STRATEGY>
    <ABS_SELECTION_CRITERIA>
<P>Randomised controlled trials (RCTs) comparing alternative wound dressings or wound dressing with no dressing (wound exposure) for the postoperative management of surgical wounds healing by primary intention.</P>
</ABS_SELECTION_CRITERIA>
    <ABS_DATA_COLLECTION>
<P>Two review authors performed study selection, risk of bias assessment and data extraction independently.</P>
</ABS_DATA_COLLECTION>
    <ABS_RESULTS>
<P>Twenty RCTs were included (3623 participants). All trials were at unclear or high risk of bias. Twelve trials included people with wounds resulting from surgical procedures with a contamination classification of 'clean', two trials included people with wounds resulting from surgical procedures with a 'clean/contaminated' contamination classification and the remaining trials evaluated people with wounds resulting from various surgical procedures with different contamination classifications. Two trials compared wound dressings with leaving wounds exposed. The remaining 18 trials compared two alternative dressing types. No evidence was identified to suggest that any dressing significantly reduced the risk of developing an SSI compared with leaving wounds exposed or compared with alternative dressings in people who had surgical wounds healing by primary intention.</P>
</ABS_RESULTS>
    <ABS_CONCLUSIONS>
<P>At present, there is insufficient evidence as to whether covering surgical wounds healing by primary intention with wound dressings reduces the risk of SSI or whether any particular wound dressing is more effective than others in reducing the rates of SSI, improving scarring, pain control, patient acceptability or ease of dressing removal. Most trials in this review were small and at high or unclear risk of bias. However, based on the current evidence, we conclude that decisions on wound dressing should be based on dressing costs and the symptom management properties offered by each dressing type e.g. exudate management.</P>
</ABS_CONCLUSIONS>
  </ABSTRACT>
</DOC>
