<?xml version="1.0"?>
<DOC>
  <TITLE LABEL="Review Title">Minimally invasive surgical techniques versus open myomectomy for uterine fibroids</TITLE>
  <SUMMARY>
    <SUMMARY_TITLE>Minimally invasive surgical techniques versus open myomectomy for uterine fibroids</SUMMARY_TITLE>
    <SUMMARY_BODY>
<P>
<B>Review question: </B>In this Cochrane review, we compared surgical results after myomectomy by open surgery versus myomectomy by laparoscopy and hysteroscopy.</P>
<P>
<B>Background: </B>Fibroids are common benign tumours arising in the uterus. Sometimes they cause problems such as abnormal vaginal bleeding, pain and difficulty passing urine and bowel motions. Fibroids can be removed by an operation called myomectomy, which is performed traditionally by cutting into the abdomen (laparotomy). In this procedure, the fibroid is removed and the uterus is conserved. Myomectomy can also be performed by using keyhole surgery (laparoscopy and hysteroscopy). Laparoscopic myomectomy involves small cuts in the abdomen (three or four, about 1 cm long) followed by removal of the fibroid using a telescopic rod lens system and long laparoscopic instruments. The fibroids are then taken out by a procedure called <I>morcellation</I>, in which they are shaved into smaller pieces. Hysteroscopy is useful for fibroids, which are mostly inside the cavity of the uterus, and does not require any cut to the abdomen .</P>
<P>
<B>Study characteristics: </B>Nine studies including 808 premenopausal women with uterine fibroids compared various methods of myomectomy. These studies were conducted in Italy (seven studies), Austria and China. The evidence is current to July 2014.</P>
<P>
<B>Key results: </B>Myomectomy by laparoscopy is a less painful procedure compared with open surgery. Postoperative pain was measured on a visual analogue scale (VAS), with zero meaning 'no pain at all' and 10 signifying 'pain as bad as it could be.' Results show that among women undergoing laparoscopic myomectomy, the mean pain score at six hours (mean difference (MD) -2.40, 95% confidence interval (CI) -2.88 to -1.92) and at 48 hours (MD -1.90, 95% CI -2.80 to -1.00) would be likely to range from about three points lower to one point lower on a VAS zero-to-10 scale. Results of our analysis regarding pain score at 24 hours were uncertain (MD -0.29, 95% CI -0.70 to 0.12). Risk of fever after the operation was reduced by 50% in women undergoing laparoscopic myomectomy (OR 0.44, 95% CI 0.26 to 0.77). Drop in haemoglobin level (indicating reduced blood loss) could not be compared because results of the analysis were not conclusive because of differences in results with even the same surgical techniques. Risk of injury to intestines and other organs could not be determined in this meta-analysis. No evidence was found of increased risk of recurrence of fibroids after laparoscopic surgery compared with open surgery (OR 1.12, 95% CI 0.63 to 1.99).</P>
<P>
<B>Quality of the evidence: </B>The quality of the evidence ranged from very low to moderate. Some outcomes involved small numbers of participants, poor information about blinding in included studies and very wide confidence intervals.</P>
</SUMMARY_BODY>
  </SUMMARY>
  <ABSTRACT>
    <ABS_BACKGROUND>
<P>Fibroids are common benign tumours arising in the uterus. Myomectomy is the surgical treatment of choice for women with symptomatic fibroids who prefer or want uterine conservation. Myomectomy can be performed by conventional laparotomy, by mini-laparotomy or by minimal access techniques such as hysteroscopy and laparoscopy.</P>
</ABS_BACKGROUND>
    <ABS_OBJECTIVES>
<P>To determine the benefits and harms of laparoscopic or hysteroscopic myomectomy compared with open myomectomy.</P>
</ABS_OBJECTIVES>
    <ABS_SEARCH_STRATEGY>
<P>We searched the Cochrane Central Register of Controlled Trials (CENTRAL) (inception to July 2014), the Menstrual Disorders and Subfertility Group (MDSG) Specialised Register of Controlled Trials (inception to July 2014), MEDLINE(R) (inception to July 2014), EMBASE (inception to July 2014), PsycINFO (inception to July 2014) and the Cumulative Index to Nursing and Allied Health Literature (CINAHL) (inception to July 2014) to identify relevant randomised controlled trials (RCTs). We also searched trial registers and references from selected relevant trials and review articles. We applied no language restriction in these searches.</P>
</ABS_SEARCH_STRATEGY>
    <ABS_SELECTION_CRITERIA>
<P>All published and unpublished randomised controlled trials comparing myomectomy via laparotomy, mini-laparotomy or laparoscopically assisted mini-laparotomy versus laparoscopy or hysteroscopy in premenopausal women with uterine fibroids diagnosed by clinical and ultrasound examination were included in the meta-analysis.</P>
</ABS_SELECTION_CRITERIA>
    <ABS_DATA_COLLECTION>
<P>We conducted study selection and extracted data in duplicate. Primary outcomes were postoperative pain, reported in six studies, and in-hospital adverse events, reported in eight studies. Secondary outcomes included length of hospital stay, reported in four studies, operating time, reported in eight studies and recurrence of fibroids, reported in three studies. Each of the other secondary outcomes—improvement in menstrual symptoms, change in quality of life, repeat myomectomy and hysterectomy at a later date—was reported in a single study. Odds ratios (ORs), mean differences (MDs) and 95% confidence intervals (CIs) were calculated and data combined using the fixed-effect model. The quality of evidence was assessed using Grades of Recommendation, Assessment, Development and Evaluation (GRADE) methods.</P>
</ABS_DATA_COLLECTION>
    <ABS_RESULTS>
<P>We found 23 potentially relevant trials, of which nine were eligible for inclusion in this review. The nine trials included in our meta-analysis had a total of 808 women. The overall risk of bias of included studies was low, as most studies properly reported their methods.</P>
<P>Postoperative pain: Postoperative pain was measured on a visual analogue scale (VAS), with zero meaning 'no pain at all' and 10 signifying 'pain as bad as it could be.' Postoperative pain was significantly less, as determined by subjectively assessed pain score at six hours (MD -2.40, 95% CI -2.88 to -1.92, one study, 148 women, moderate-quality evidence) and 48 hours postoperatively (MD -1.90, 95% CI -2.80 to -1.00, two studies, 80 women, I² = 0%, moderate-quality evidence) in the laparoscopic myomectomy group compared with the open myomectomy group. This means that among women undergoing laparoscopic myomectomy, mean pain score at six hours and 48 hours would be likely to range from about three points lower to one point lower on a VAS zero-to-10 scale. No significant difference in postoperative pain score was noted between the laparoscopic and open myomectomy groups at 24 hours (MD -0.29, 95% CI -0.7 to 0.12, four studies, 232 women, I² = 43%, moderate-quality evidence). The overall quality of these findings is moderate; therefore further research is likely to have an important impact on our confidence in the estimate of effect and may change the estimate.</P>
<P>In-hospital adverse events: No evidence suggested a difference in unscheduled return to theatre (OR 3.04, 95% CI 0.12 to 75.86, two studies, 188 women, I² = 0%, low-quality evidence) and laparoconversion (OR 1.11, 95% CI 0.44 to 2.83, eight studies, 756 women, I² = 53%, moderate-quality evidence) when open myomectomy was compared with laparoscopic myomectomy. Only one study including 148 women reported injury to pelvic organs (no events were described in other studies), and no significant difference was noted between laparoscopic myomectomy and laparoscopically assisted mini-laparotomy myomectomy (OR 3.04, 95% CI 0.12 to 75.86). Significantly lower risk of postoperative fever was observed in the laparoscopic myomectomy group compared with groups treated with all types of open myomectomy (OR 0.44, 95% CI 0.26 to 0.77, I² = 0%, six studies, 635 women). This indicates that among women undergoing laparoscopic myomectomy, the risk of postoperative fever is 50% lower than among those treated with open surgery. No studies reported immediate hysterectomy, uterine rupture, thromboembolism or mortality. Six studies including 549 women reported haemoglobin drop, but these studies were not pooled because of extreme heterogeneity (I² = 97%) and therefore could not be included in the analysis.</P>
</ABS_RESULTS>
    <ABS_CONCLUSIONS>
<P>Laparoscopic myomectomy is a procedure associated with less subjectively reported postoperative pain, lower postoperative fever and shorter hospital stay compared with all types of open myomectomy. No evidence suggested a difference in recurrence risk between laparoscopic and open myomectomy. More studies are needed to assess rates of uterine rupture, occurrence of thromboembolism, need for repeat myomectomy and hysterectomy at a later stage.</P>
</ABS_CONCLUSIONS>
  </ABSTRACT>
</DOC>
