<?xml version="1.0"?>
<DOC>
  <TITLE LABEL="Review Title">Antibiotic prophylaxis for third- and fourth-degree perineal tear during vaginal birth</TITLE>
  <SUMMARY>
    <SUMMARY_TITLE>Antibiotic prophylaxis for third- and fourth-degree perineal tear during vaginal birth</SUMMARY_TITLE>
    <SUMMARY_BODY>
<P>
<B>Background </B>
</P>
<P>Most women are able to give birth without serious damage to their perineum. However, severe perineal trauma, which affects the muscle or tissue in the back passage, occurs in 1% to 8% of women giving birth and is common when forceps are used. There is an increased chance of infection when this happens. Pain in this area can impact not only on a woman's daily activity but also on her relationship with her baby and her partner.</P>
<P>When a woman has a severe perineal tear during vaginal birth, there is thought to be an increased risk of infection. Antibiotics are often prescribed to prevent infection.</P>
<P>
<B>Review question<BR/>
<BR/>
</B>To assess how effective antibiotic prophylaxis is to prevent perineal wound infection compared with placebo or no treatment to prevent perineal wound infection and to compare different antibiotic regimens.</P>
<P>
<B>Main findings</B>
</P>
<P>The review identified one trial, involving 147 women. This trial was conducted to explore the benefit of routine prophylactic antibiotics (intervention group) versus placebo (control group) for women with severe perineal tears. The result showed fewer perineal wound complications in the intervention group at two weeks postpartum. There was no statistically significant difference in perineal wound complications before discharge and at six weeks' postpartum.</P>
<P>The one included study was terminated before it reached the pre-planned sample size and had a high rate of loss to follow-up</P>
<P>
<B>Quality of the evidence</B>
</P>
<P>The included study was of high methodological quality except for incomplete follow-up. We assessed reduction of perineal wound infection in third- or fourth-degree tear by antibiotic prophylaxis as low to moderate quality of the evidence. However, the results are based on one small trial and there was a high loss to follow-up. More research is needed.</P>
</SUMMARY_BODY>
  </SUMMARY>
  <ABSTRACT>
    <ABS_BACKGROUND>
<P>One to eight per cent of women suffer third-degree perineal tear (anal sphincter injury) and fourth-degree perineal tear (rectal mucosa injury) during vaginal birth, and these tears are more common after forceps delivery (28%) and midline episiotomies. Third- and fourth-degree tears can become contaminated with bacteria from the rectum and this significantly increases in the chance of perineal wound infection. Prophylactic antibiotics might have a role in preventing this infection.</P>
</ABS_BACKGROUND>
    <ABS_OBJECTIVES>
<P>To assess the effectiveness of antibiotic prophylaxis for reducing maternal morbidity and side effects in third- and fourth-degree perineal tear during vaginal birth.</P>
</ABS_OBJECTIVES>
    <ABS_SEARCH_STRATEGY>
<P>We searched the Cochrane Pregnancy and Childbirth Group's Trials Register (31 August 2014) and the reference lists of retrieved articles.</P>
</ABS_SEARCH_STRATEGY>
    <ABS_SELECTION_CRITERIA>
<P>Randomised controlled trials comparing outcomes of prophylactic antibiotics versus placebo or no antibiotics in third- and fourth-degree perineal tear during vaginal birth.</P>
</ABS_SELECTION_CRITERIA>
    <ABS_DATA_COLLECTION>
<P>Two review authors independently assessed the trial reports for inclusion and risk of bias, extracted data and checked them for accuracy.</P>
</ABS_DATA_COLLECTION>
    <ABS_RESULTS>
<P>We identified and included one trial (147 women from a pre-planned sample size of 310 women) that compared the effect of prophylactic antibiotic (single-dose, second-generation cephalosporin - cefotetan or cefoxitin, 1 g intravenously) on postpartum perineal wound complications in third- or fourth-degree perineal tears compared with placebo. Perineal wound complications (wound disruption and purulent discharge) at the two-week postpartum check up were 8.20% and 24.10% in the treatment and the control groups respectively (risk ratio (RR) 0.34, 95% confidence interval (CI) 0.12 to 0.96). However, the high failed-appointment rate may limit the generalisability of the results. The overall risk of bias was low except for incomplete outcome data. The quality of the evidence using GRADE was moderate for infection rate at two weeks' postpartum, and low for infection rate at six weeks' postpartum.</P>
</ABS_RESULTS>
    <ABS_CONCLUSIONS>
<P>Although the data suggest that prophylactic antibiotics help to prevent perineal wound complications following third- or fourth-degree perineal tear, loss to follow-up was very high. The results should be interpreted with caution as they are based on one small trial.</P>
</ABS_CONCLUSIONS>
  </ABSTRACT>
</DOC>
