<?xml version="1.0"?>
<DOC>
  <TITLE>Reiki for depression and anxiety</TITLE>
  <SUMMARY>
    <SUMMARY_TITLE>Reiki for the treatment of anxiety and depression</SUMMARY_TITLE>
    <SUMMARY_BODY>
<P>
<B>Review Question</B>
</P>
<P>This review summarises the evidence from randomised controlled trials that test whether Reiki if beneficial for people with anxiety or depression.</P>
<P>
<B>Background</B>
</P>
<P>Reiki is a non-drug treatment that is used on people with anxiety, depression or both. Reiki is a 2500 year old treatment, described as a vibrational or subtle energy therapy and is most commonly facilitated by light touch on or above the body. But there is no systematic review of randomised trials evaluating whether it works in this group of people.</P>
<P>
<B>Study characteristics</B>
</P>
<P>We found three studies for inclusion in the review. One recruited males with a biopsy-proven diagnosis of prostate cancer who were not receiving chemotherapy and had elected to receive external-beam radiation therapy; the second study recruited community-living participants who were aged 55 years and older; the third study recruited university students.These studies included people with anxiety or depression or both, and reported their results separately. This included only 25 people with anxiety, 17 with depression and 20 more with either anxiety or depression but which was not specified. The search is up to date as of 4 November 2014.</P>
<P>
<B>Key results</B>
</P>
<P>Very few people with anxiety or depression or both have been included in randomised studies. This means there is insufficient evidence to make any comment about the usefulness of Reiki for the treatment of anxiety and depression.</P>
<P>
<B>Quality of the evidence</B>
</P>
<P>At best, the quality of the evidence is moderate which, on top of a dearth of evidence, weakens the findings further.</P>
</SUMMARY_BODY>
  </SUMMARY>
  <ABSTRACT>
    <ABS_BACKGROUND>
<P>Anxiety and depression affect many people. Treatments do not have complete success and often require people to take drugs for long periods of time. Many people look for other treatments that may help. One of those is Reiki, a 2500 year old treatment described as a vibrational or subtle energy therapy, and is most commonly facilitated by light touch on or above the body. There have been reports of Reiki alleviating anxiety and depression, but no specific systematic review.</P>
</ABS_BACKGROUND>
    <ABS_OBJECTIVES>
<P>To assess the effectiveness of Reiki for treating anxiety and depression in people aged 16 and over.</P>
</ABS_OBJECTIVES>
    <ABS_SEARCH_STRATEGY>
<P>Search of the Cochrane Register of Controlled Trials (CENTRAL - all years), the Cochrane Depression, Anxiety and Neurosis Review Group's Specialised Register (CCDANCTR - all years), EMBASE, (1974 to November 2014), MEDLINE (1950 to November 2014), PsycINFO (1967 to November 2014) and AMED (1985 to November 2014). Additional searches were carried out on the World Health Organization Trials Portal (ICTRP) together with ClinicalTrials.gov to identify any ongoing or unpublished studies. All searches were up to date as of 4 November 2014.</P>
</ABS_SEARCH_STRATEGY>
    <ABS_SELECTION_CRITERIA>
<P>Randomised trials in adults with anxiety or depression or both, with at least one arm treated with Reiki delivered by a trained Reiki practitioner.</P>
</ABS_SELECTION_CRITERIA>
    <ABS_DATA_COLLECTION>
<P>The two authors independently decided on inclusion/exclusion of studies and extracted data. A prior analysis plan had been specified but was not needed as the data were too sparse.</P>
</ABS_DATA_COLLECTION>
    <ABS_RESULTS>
<P>We found three studies for inclusion in the review. One recruited males with a biopsy-proven diagnosis of non-metastatic prostate cancer who were not receiving chemotherapy and had elected to receive external-beam radiation therapy; the second study recruited community-living participants who were aged 55 years and older; the third study recruited university students.</P>
<P>These studies included subgroups with anxiety and depression as defined by symptom scores and provided data separately for those subgroups. As this included only 25 people with anxiety and 17 with depression and 20 more with either anxiety or depression, but which was not specified, the results could only be reported narratively. They show no evidence that Reiki is either beneficial or harmful in this population. The risk of bias for the included studies was generally rated as unclear or high for most domains, which reduces the certainty of the evidence.</P>
</ABS_RESULTS>
    <ABS_CONCLUSIONS>
<P>There is insufficient evidence to say whether or not Reiki is useful for people over 16 years of age with anxiety or depression or both.</P>
</ABS_CONCLUSIONS>
  </ABSTRACT>
</DOC>
