<?xml version="1.0"?>
<DOC>
  <TITLE>Tramadol for osteoarthritis</TITLE>
  <SUMMARY>
    <SUMMARY_TITLE>Tramadol for osteoarthritis</SUMMARY_TITLE>
    <SUMMARY_BODY>
<P>This summary of a Cochrane review presents what we know from research about the effect of tramadol for osteoarthritis. The review shows that:</P>
<P>There is gold level evidence that to treat osteoarthritis, tramadol taken for up to three months may decrease pain, may improve stiffness and function and overall-well being. Tramadol may cause side effects such as nausea, vomiting, dizziness, constipation, tiredness, and headache. </P>
<P>The benefits of tramadol are small and the side effects may cause people to stop taking it which may limit how useful tramadol is to treat osteoarthritis. </P>
<P>
<B>What is osteoarthritis and what drugs are used to treat it? </B>
<BR/>Osteoarthritis (OA) is the most common form of arthritis that can affect the hands, hips, shoulders and knees. In OA, the cartilage that protects the ends of the bones breaks down and causes pain and swelling. There are two main types of drug treatments in OA. Pain relievers (such as acetaminophen/paracetamol and opiods) are used to relieve pain but do not affect swelling. Non-steroidal anti-inflammatory drugs (NSAIDs, such as ibuprofen and cox IIs) are used to decrease pain and swelling. Tramadol is a type of opioid being used more for OA. It does not cause bleeding in the stomach and intestines or kidney problems that may occur with other pain relievers. It also does not affect the cartilage at the end of the bones. But tramadol does not decrease swelling and may not work well after long use. It is therefore important to know the benefits and harms of tramadol. </P>
<P>
<B>What are the results of this review?</B>
<BR/>People in the studies took about 200 mg of tramadol per day or a placebo (fake tablets or powder) or an NSAID or a different pain reliever. People took the drugs for up to one week to three months.</P>
<P>
<I>Benefits of tramadol</I>
<BR/>In people with osteoarthritis:<BR/>
</P>
<P>tramadol may decrease pain more than a placebo</P>
<P> -pain may decrease by 8.5 more points on a scale of 0 to 100 with tramadol <BR/>
</P>
<P>tramadol may improve overall well-being more than placebo </P>
<P> - 50 out of 100 people may improve when taking a placebo<BR/> - 69 out of 100 people may improve when taking tramadol<BR/>
</P>
<P>tramadol may slightly decrease stiffness and slightly improve function more than placebo</P>
<P> - function may improve by 0.32 more points on a scale of 0 to10 with tramadol</P>
<P>It is not known whether tramadol improves symptoms of osteoarthritis more than other drugs. It is also not known whether tramadol still works well after long use. This is because the follow -up of the studies was short.</P>
<P>
<I>Harms of tramadol</I>
<BR/>In people with osteoarthritis:<BR/>
</P>
<P>tramadol may cause minor side effects in more people than placebo, such as nausea, vomiting, dizziness, constipation, tiredness, and headache</P>
<P> - 18 out of 100 people may have minor side effects when taking a placebo<BR/> - 39 out of 100 people may have minor side effects when taking tramadol<BR/>
</P>
<P>tramadol may cause major side effects that would make people stop taking it </P>
<P> - 8 out of 100 people had major side effects when taking a placebo<BR/> - 21 out of 100 people had major side effects when taking tramadol</P>
<P>It is not known whether tramadol causes more side effects than other drugs for osteoarthritis.</P>
</SUMMARY_BODY>
  </SUMMARY>
  <ABSTRACT>
    <ABS_BACKGROUND>
<P>Tramadol is increasingly used for the treatment of osteoarthritis because, in contrast to nonsteroidal anti-inflammatory drugs (NSAIDs), tramadol does not produce gastrointestinal bleeding or renal problems, and does not affect articular cartilage. </P>
</ABS_BACKGROUND>
    <ABS_OBJECTIVES>
<P>We sought to determine the analgesic effectiveness, the effect on physical function, the duration of benefit and the safety of oral tramadol in people with osteoarthritis.</P>
</ABS_OBJECTIVES>
    <ABS_SEARCH_STRATEGY>
<P>We searched the Cochrane Central Register of Controlled Trials (CENTRAL), MEDLINE, EMBASE and LILACS databases up to August 2005.</P>
</ABS_SEARCH_STRATEGY>
    <ABS_SELECTION_CRITERIA>
<P>We included randomized controlled trials (RCTs) that evaluated the effect of tramadol or tramadol plus paracetamol on pain levels and/or physical function in people with osteoarthritis. No language restriction was applied.</P>
</ABS_SELECTION_CRITERIA>
    <ABS_DATA_COLLECTION>
<P>We analyzed separately placebo-controlled and active-controlled studies. We used fixed-effect models for the meta-analyses as the results across studies were similar.</P>
</ABS_DATA_COLLECTION>
    <ABS_RESULTS>
<P>We included eleven RCTs with a total of 1019 participants who received tramadol or tramadol/paracetamol and 920 participants who received placebo or active-control. </P>
<P>The placebo-controlled studies indicated that participants who received tramadol had less pain (-8.5 units on a 0 to 100 scale; 95% confidence interval (CI) -12.0 to -5.0) than patients who received placebo. This represents a 12% relative decrease in pain intensity from baseline. Participants who received tramadol had a 37% increase (95% CI 1.2 to 1.5) in the likelihood of reporting moderate improvement (number needed to treat to benefit = 6; 95% CI 4 to 9). Participants who received tramadol had 2.27 times the risk of developing minor adverse events and 2.6 times the risk of developing major adverse events, compared to participants who received placebo. Of every eight people who receive tramadol or tramadol/paracetamol, one will stop taking the medication because of adverse events, number needed to treat to harm (NNTH)= 8 (95% CI 7 to 12) for major adverse events.</P>
<P>No conclusion could be drawn on how tramadol or tramadol/paracetamol compared with available pharmacological treatments because of the limited number of studies that evaluated such therapies.</P>
</ABS_RESULTS>
    <ABS_CONCLUSIONS>
<P>Tramadol or tramadol/paracetamol decreases pain intensity, produces symptom relief and improves function, but these benefits are small. Adverse events, although reversible and not life threatening, often cause participants to stop taking the medication and could limit tramadol or tramadol plus paracetamol usefulness.</P>
</ABS_CONCLUSIONS>
  </ABSTRACT>
</DOC>
