<?xml version="1.0"?>
<DOC>
  <TITLE LABEL="Review Title">Magnesium supplementation in pregnancy</TITLE>
  <SUMMARY>
    <SUMMARY_TITLE>There is not enough high quality evidence to show that dietary magnesium supplementation during pregnancy is beneficial</SUMMARY_TITLE>
    <SUMMARY_BODY>
<P>Many women, especially those from disadvantaged backgrounds, have intakes of magnesium below recommended levels. Magnesium supplementation during pregnancy may be able to reduce growth restriction of the fetus and pre-eclampsia (high blood pressure and protein in the urine during pregnancy), and increase birthweight. This review aimed to assess the effects of magnesium supplementation during pregnancy on maternal, neonatal and paediatric outcomes.</P>
<P>We included 10 randomised trials involving 9090 women and their babies in this review. These trials were of a low to moderate quality overall. No difference in the risk of perinatal mortality (stillbirth and death of babies prior to hospital discharge) was found when we compared the group of babies born to mothers who received magnesium during their pregnancy and the group of babies born to mothers who did not receive magnesium. Magnesium supplementation did not reduce the risk of babies being born small for their gestational age, and did not reduce the risk of pre-eclampsia for the mothers.</P>
<P>We found no convincing evidence that magnesium supplementation during pregnancy is beneficial.</P>
</SUMMARY_BODY>
  </SUMMARY>
  <ABSTRACT>
    <ABS_BACKGROUND>
<P>Magnesium is an essential mineral required for regulation of body temperature, nucleic acid and protein synthesis and in maintaining nerve and muscle cell electrical potentials. Many women, especially those from disadvantaged backgrounds, have low intakes of magnesium. Magnesium supplementation during pregnancy may be able to reduce fetal growth restriction and pre-eclampsia, and increase birthweight.</P>
</ABS_BACKGROUND>
    <ABS_OBJECTIVES>
<P>To assess the effects of magnesium supplementation during pregnancy on maternal, neonatal/infant and paediatric outcomes.</P>
</ABS_OBJECTIVES>
    <ABS_SEARCH_STRATEGY>
<P>We searched the Cochrane Pregnancy and Childbirth Group's Trials Register (31 March 2013).</P>
</ABS_SEARCH_STRATEGY>
    <ABS_SELECTION_CRITERIA>
<P>Randomised and quasi-randomised trials assessing the effects of dietary magnesium supplementation during pregnancy were included. The primary outcomes were perinatal mortality (including stillbirth and neonatal death prior to hospital discharge), small-for-gestational age, maternal mortality and pre-eclampsia.</P>
</ABS_SELECTION_CRITERIA>
    <ABS_DATA_COLLECTION>
<P>Two review authors independently assessed study eligibility, extracted data and assessed the risk of bias of included studies.</P>
</ABS_DATA_COLLECTION>
    <ABS_RESULTS>
<P>Ten trials involving 9090 women and their babies were included; one trial had a cluster design (with randomisation by study centre). All 10 trials randomly allocated women to either an oral magnesium supplement or a control group; in eight trials a placebo was used, and in two trials no treatment was given to the control group. In the 10 included trials, the compositions of the magnesium supplements, gestational ages at commencement, and doses administered varied, including: magnesium oxide, 1000 mg daily from ≤ four months post-conception (one trial); magnesium citrate, 365 mg daily from ≤ 18 weeks until hospitalisation after 38 weeks (one trial), and 340 mg daily from nine to 27 weeks' gestation (one trial); magnesium gluconate, 2 to 3 g from 28 weeks' gestation until birth (one trial), and 4 g daily from 23 weeks' gestation (one trial); magnesium aspartate, 15 mmol daily (three trials, commencing from either six to 21 weeks' gestation until birth, ≤ 16 weeks' gestation until birth, or &lt; 12 weeks until birth), or 365 mg daily from 13 to 24 weeks until birth (one trial); and magnesium stearate, 128 mg elemental magnesium from 10 to 35 weeks until birth (one trial). </P>
<P>In the analysis of all trials, oral magnesium supplementation compared to no magnesium was associated with no significant difference in perinatal mortality (stillbirth and neonatal death prior to discharge) (risk ratio (RR) 1.10; 95% confidence interval (CI) 0.72 to 1.67; five trials, 5903 infants), small-for-gestational age (RR 0.76; 95% CI 0.54 to 1.07; three trials, 1291 infants), or pre-eclampsia (RR 0.87; 95% CI 0.58 to 1.32; three trials, 1042 women). None of the included trials reported on maternal mortality.</P>
<P>Considering secondary outcomes, while no increased risk of stillbirth was observed, a possible increased risk of neonatal death prior to hospital discharge was shown for infants born to mothers who had received magnesium (RR 2.21; 95% CI 1.02 to 4.75; four trials, 5373 infants). One trial contributed over 70% of the participants to the analysis for this outcome; the trial authors suggested that the large number of severe congenital anomalies in the supplemented group (unlikely attributable to magnesium) and the deaths of two sets of twins (with birthweights &lt; 750 g) in the supplemented group likely accounted for the increased risk of death observed, and thus this result should be interpreted with caution. Furthermore, when the deaths due to severe congenital abnormalities in this trial were excluded from the meta-analysis, no increased risk of neonatal death was seen for the magnesium supplemented group. Magnesium supplementation was associated with significantly fewer babies with an Apgar score less than seven at five minutes (RR 0.34; 95% CI 0.15 to 0.80; four trials, 1083 infants), with meconium-stained liquor (RR 0.79; 95% CI 0.63 to 0.99; one trial, 4082 infants), late fetal heart decelerations (RR 0.68; 95% CI 0.53 to 0.88; one trial, 4082 infants), and mild hypoxic-ischaemic encephalopathy (RR 0.38; 95% CI 0.15 to 0.98; one trial, 4082 infants). Women receiving magnesium were significantly less likely to require hospitalisation during pregnancy (RR 0.65, 95% CI 0.48 to 0.86; three trials, 1158 women).</P>
<P>Of the 10 trials included in the review, only two were judged to be of high quality overall. When an analysis was restricted to these two trials none of the review's primary outcomes (perinatal mortality, small-for-gestational age, pre-eclampsia) were significantly different between the magnesium supplemented and control groups.</P>
</ABS_RESULTS>
    <ABS_CONCLUSIONS>
<P>There is not enough high-quality evidence to show that dietary magnesium supplementation during pregnancy is beneficial.</P>
</ABS_CONCLUSIONS>
  </ABSTRACT>
</DOC>
