<?xml version="1.0"?>
<DOC>
  <TITLE LABEL="Review Title">Pulmonary rehabilitation for interstitial lung disease</TITLE>
  <SUMMARY>
    <SUMMARY_TITLE>Pulmonary rehabilitation for interstitial lung disease (ILD)</SUMMARY_TITLE>
    <SUMMARY_BODY>
<P>
<B>Review question: </B>We reviewed available evidence on the effects of pulmonary rehabilitation on exercise capacity, shortness of breath and quality of life in people with interstitial lung disease (ILD).</P>
<P>
<B>Background:</B> People with ILD often have reduced exercise capacity and shortness of breath during exercise. Pulmonary rehabilitation can improve well-being in people with other chronic lung disease, but little is known regarding pulmonary rehabilitation in ILD. We wanted to discover whether pulmonary rehabilitation was safe for people with ILD, and whether it provided advantages over usual care. We also looked at whether people with idiopathic pulmonary fibrosis (IPF), a type of ILD that can progress rapidly, could benefit from pulmonary rehabilitation.</P>
<P>
<B>Study characteristics:</B> Nine studies were included; however only five studies provided sufficient information for the analysis (86 participants receiving pulmonary rehabilitation and 82 participants not receiving pulmonary rehabilitation). Three studies included only people with IPF, and the other six studies included people with a variety of ILDs. The average age of participants ranged from 36 to 71 years.</P>
<P>
<B>Key results:</B> No reports described unwelcome effects of pulmonary rehabilitation. Immediately following pulmonary rehabilitation, participants could walk farther than those who had not undertaken pulmonary rehabilitation (on average, 44 metres farther in six minutes). Participants also improved their maximum exercise capacity and reported less shortness of breath and improved quality of life. People with IPF also experienced improvements in exercise capacity, dyspnoea and quality of life following pulmonary rehabilitation. Information was insufficient to establish whether ongoing effects were noted once pulmonary rehabilitation had stopped. 
</P>
<P>
<B>Quality of the evidence:</B> Because of inadequate reporting of methods and small numbers of participants, the quality of evidence was low to moderate.</P>
<P>This Cochrane plain language summary is current to June 2014.</P>
</SUMMARY_BODY>
  </SUMMARY>
  <ABSTRACT>
    <ABS_BACKGROUND>
<P>Interstitial lung disease (ILD) is characterised by reduced functional capacity, dyspnoea and exercise-induced hypoxia. Pulmonary rehabilitation, an intervention that includes exercise training, is beneficial for people with other chronic lung conditions; however its effects in ILD have not been well characterised.</P>
</ABS_BACKGROUND>
    <ABS_OBJECTIVES>
<P>• To determine whether pulmonary rehabilitation in patients with ILD has beneficial effects on exercise capacity, symptoms, quality of life and survival compared with no pulmonary rehabilitation in patients with ILD.</P>
<P>• To assess the safety of pulmonary rehabilitation in patients with ILD.</P>
</ABS_OBJECTIVES>
    <ABS_SEARCH_STRATEGY>
<P>We searched the Cochrane Central Register of Controlled Trials (CENTRAL) (2014, Issue 6), MEDLINE (Ovid), EMBASE (Ovid), the Cumulative Index to Nursing and Allied Health Literature (CINAHL) (EBSCO) and the Physiotherapy Evidence Database (PEDro) (all searched from inception to June 2014). We also searched the reference lists of relevant studies, international clinical trial registries and respiratory conference abstracts to look for qualifying studies.</P>
</ABS_SEARCH_STRATEGY>
    <ABS_SELECTION_CRITERIA>
<P>Randomised and quasi-randomised controlled trials in which pulmonary rehabilitation was compared with no pulmonary rehabilitation or with other therapy in people with ILD of any origin were included.</P>
</ABS_SELECTION_CRITERIA>
    <ABS_DATA_COLLECTION>
<P>Two review authors independently selected trials for inclusion, extracted data and assessed risk of bias. Study authors were contacted to provide missing data and information regarding adverse effects. A priori subgroup analyses were specified for participants with idiopathic pulmonary fibrosis (IPF) and participants with severe lung disease (low diffusing capacity or desaturation during exercise). We planned to subgroup according to training modality applied, but there were insufficient data.</P>
</ABS_DATA_COLLECTION>
    <ABS_RESULTS>
<P>Nine studies were included, six of which were published as abstracts. Five studies were included in the meta-analysis (86 participants who undertook pulmonary rehabilitation and 82 control participants). One study used a blinded assessor and intention-to-treat analysis. No adverse effects of pulmonary rehabilitation were reported. Pulmonary rehabilitation improved the six-minute walk distance with weighted mean difference (WMD) of 44.34 metres (95% confidence interval (CI) 26.04 to 62.64 metres) and improved oxygen consumption (VO<SUB>2</SUB>) peak with WMD of 1.24 mL/kg/min<SUP>-1</SUP> (95% CI 0.46 to 2.03 mL/kg/min<SUP>-1</SUP>). Improvements in six-minute walk distance and VO<SUB>2</SUB> peak were also seen in the subgroup of participants with idiopathic pulmonary fibrosis (IPF) (WMD 35.63 metres, 95% CI 16.02 to 55.23 metres; WMD 1.46 mL/kg/min<SUP>-1</SUP>, 95% CI 0.54 to 2.39 mL/kg/min<SUP>-1</SUP>, respectively). Reduced dyspnoea (standardised mean difference (SMD) -0.66, 95% CI -1.05 to -0.28) following pulmonary rehabilitation was also seen in the IPF subgroup (SMD -0.68, 95% CI -1.12 to -0.25). Quality of life improved following pulmonary rehabilitation for all participants on a variety of measures (SMD 0.59, 95% CI 0.20 to 0.98) and for the subgroup of people with IPF (SMD 0.59, 95% CI 0.14 to 1.03). Two studies reported longer-term outcomes, with no significant effects of pulmonary rehabilitation on clinical variables or survival at three or six months. Available data were insufficient to allow examination of the impact of disease severity or exercise training modality.</P>
</ABS_RESULTS>
    <ABS_CONCLUSIONS>
<P>Pulmonary rehabilitation seems to be safe for people with ILD. Improvements in functional exercise capacity, dyspnoea and quality of life are seen immediately following pulmonary rehabilitation, with benefits also evident in IPF. Because of inadequate reporting of methods and small numbers of included participants, the quality of evidence was low to moderate. Little evidence was available regarding longer-term effects of pulmonary rehabilitation.</P>
</ABS_CONCLUSIONS>
  </ABSTRACT>
</DOC>
