<?xml version="1.0"?>
<DOC>
  <TITLE>Topical anaesthetics for repair of dermal laceration</TITLE>
  <SUMMARY>
    <SUMMARY_TITLE>Local anaesthesia (numbing medicine) that is directly applied to the skin may be used to provide pain control for repair of lacerations</SUMMARY_TITLE>
    <SUMMARY_BODY>
<P>Pain control for suturing of torn skin is conventionally achieved by injecting medication into the skin, which may itself cause pain. Topical anaesthetics are directly applied to the skin and are painless to administer. Cocaine was one of the first anaesthetics to be successfully applied topically. Concerns over adverse effects with cocaine and the administrative burdens of dispensing a controlled substance led to the development of cocaine-free anaesthetics. There are numerous cocaine-free topical anaesthetics and these were found to be effective for enabling repair of dermal lacerations. We included 23 randomized controlled trials involving 3128 patients in this review. The small number of trials in each comparison group and the heterogeneity of outcome measures precluded quantitative analysis of data in all but one outcome, pain scores using a visual analogue scale. Additional studies are necessary to directly compare the effectiveness of different formulations of topical anaesthetics. No serious side effects were reported in the studies included in the review following use of cocaine-containing or cocaine-free topical anaesthetics.</P>
</SUMMARY_BODY>
  </SUMMARY>
  <ABSTRACT>
    <ABS_BACKGROUND>
<P>Topical local anaesthetics are recognized as providing effective analgesia for numerous superficial procedures, including repair of dermal lacerations. The need for cocaine in topical anaesthetic formulations has been questioned due to concern about adverse effects, and so novel preparations of cocaine-free anaesthetics have been developed.</P>
</ABS_BACKGROUND>
    <ABS_OBJECTIVES>
<P>To compare the efficacy and safety of infiltrated local anaesthetics with those of topical local anaesthetics for repair of dermal lacerations and to evaluate the efficacy and safety of various single or multi-component topical anaesthetics to identify cocaine-free topically applied local anaesthetics that may provide equivalent analgesia to those containing cocaine.<BR/>
</P>
</ABS_OBJECTIVES>
    <ABS_SEARCH_STRATEGY>
<P>We searched the Cochrane Central Register of Controlled Trials (CENTRAL) (<I>The Cochrane Library</I> 2010, Issue 10); MEDLINE (1966 to November 2010); EMBASE (1980 to November 2010); CINAHL (1982 to November 2010); and reference lists of articles. We also handsearched selected journals, reviewed abstracts presented at international society meetings, reviewed metaregisters of ongoing trials and contacted manufacturers and researchers in the field.</P>
</ABS_SEARCH_STRATEGY>
    <ABS_SELECTION_CRITERIA>
<P>We included randomized controlled trials (RCTs) that evaluated the efficacy and safety of topical anaesthetics for repair of torn skin in adult and paediatric patients.</P>
</ABS_SELECTION_CRITERIA>
    <ABS_DATA_COLLECTION>
<P>Two authors independently assessed trial quality and extracted data. We contacted study authors for additional information. We collected adverse event information from the trials.</P>
</ABS_DATA_COLLECTION>
    <ABS_RESULTS>
<P>We included 23 RCTs involving 3128 patients. The small number of trials in each comparison group and the heterogeneity of outcome measures precluded quantitative analysis of data in all but one outcome, pain scores using a visual analogue scale. The majority of trials that compared infiltrated and topical anaesthetics are at high risk of bias, which is likely to affect the interpretation of the results. Several cocaine-free topical anaesthetics were found to provide effective analgesic efficacy. However, the data regarding the efficacy of each topical agent is mostly based upon single comparisons, in trials that have unclear or high risk of bias. Mild, self-limited erythematous skin induration occurred in one case after application of topical tetracaine-adrenaline-cocaine (TAC) where a total of 1042 patients were exposed. No serious complications were reported in any of the patients treated with either cocaine-based or cocaine-free topical anaesthetics.<BR/>
</P>
</ABS_RESULTS>
    <ABS_CONCLUSIONS>
<P>Based on mostly descriptive analysis, topical anaesthetics are possibly an efficacious, non-invasive means of providing analgesia prior to suturing of dermal lacerations. However, additional well designed RCTs with low risk of bias are necessary before definitive conclusions can be made.</P>
</ABS_CONCLUSIONS>
  </ABSTRACT>
</DOC>
