<?xml version="1.0"?>
<DOC>
  <TITLE LABEL="Review Title">Echinacea for preventing and treating the common cold</TITLE>
  <SUMMARY>
    <SUMMARY_TITLE>Echinacea for preventing and treating the common cold</SUMMARY_TITLE>
    <SUMMARY_BODY>
<P>Preparations of the plant <I>Echinacea</I> are widely used in some European countries and in North America for common colds. <I>Echinacea</I> preparations available on the market differ greatly as different types (species) and parts (herb, root or both) of the plant are used, different manufacturing methods (drying, alcoholic extraction or pressing out the juice from fresh plants) are used and sometimes also other herbs are added.</P>
<P>We reviewed 24 controlled clinical trials with 4631 participants investigating the effectiveness of several different <I>Echinacea</I> preparations for preventing and treating common colds or induced rhinovirus infections. Our review shows that a variety of products prepared from different <I>Echinacea</I> species, different plant parts and in a different form have been compared to placebo in randomized trials. Due to the significant differences in the preparations tested, it was difficult to draw strong conclusions. Five trials were rated as having a low risk of bias in all five categories of the Cochrane 'Risk of bias' tool. Five more trials were rated as low risk of bias, having an unclear risk of bias in only one category. Eight trials were rated as having a high risk of bias in at least one category and the remaining six as having an unclear risk of bias.</P>
<P>The majority of trials investigated whether taking <I>Echinacea</I> preparations after the onset of cold symptoms shortens the duration, compared with placebo. Although it seems possible that some <I>Echinacea</I> products are more effective than a placebo for treating colds, the overall evidence for clinically relevant treatment effects is weak. In general, trials investigating <I>Echinacea</I> for preventing colds did not show statistically significant reductions in illness occurrence. However, nearly all prevention trials pointed in the direction of small preventive effects. The number of patients dropping out or reporting adverse effects did not differ significantly between treatment and control groups in prevention and treatment trials. However, in prevention trials there was a trend towards a larger number of patients dropping out due to adverse events in the treatment groups.</P>
<P>The evidence is current to July 2013.</P>
</SUMMARY_BODY>
  </SUMMARY>
  <ABSTRACT>
    <ABS_BACKGROUND>
<P>
<I>Echinacea </I>plant preparations (family <I>Asteraceae</I>) are widely used in Europe and North America for common colds. Most consumers and physicians are not aware that products available under the term <I>Echinacea</I> differ appreciably in their composition, mainly due to the use of variable plant material, extraction methods and the addition of other components.</P>
</ABS_BACKGROUND>
    <ABS_OBJECTIVES>
<P>To assess whether there is evidence that <I>Echinacea</I> preparations are effective and safe compared to placebo in the prevention and treatment of the common cold.</P>
</ABS_OBJECTIVES>
    <ABS_SEARCH_STRATEGY>
<P>We searched CENTRAL 2013, Issue 5, MEDLINE (1946 to May week 5, 2013), EMBASE (1991 to June 2013), CINAHL (1981 to June 2013), AMED (1985 to February 2012), LILACS (1981 to June 2013), Web of Science (1955 to June 2013), CAMBASE (no time limits), the Centre for Complementary Medicine Research (1988 to September 2007), WHO ICTRP and clinicaltrials.gov (last searched 5 June 2013), screened references and asked experts in the field about published and unpublished studies.</P>
</ABS_SEARCH_STRATEGY>
    <ABS_SELECTION_CRITERIA>
<P>Randomized controlled trials (RCTs) comparing mono-preparations of <I>Echinacea</I> with placebo.</P>
</ABS_SELECTION_CRITERIA>
    <ABS_DATA_COLLECTION>
<P>At least two review authors independently assessed eligibility and trial quality and extracted data. The primary efficacy outcome was the number of individuals with at least one cold in prevention trials and the duration of colds in treatment trials. For all included trials the primary safety and acceptability outcome was the number of participants dropping out due to adverse events. We assessed trial quality using the Cochrane 'Risk of bias' tool.</P>
</ABS_DATA_COLLECTION>
    <ABS_RESULTS>
<P>Twenty-four double-blind trials with 4631 participants including a total of 33 comparisons of <I>Echinacea</I> preparations and placebo met the inclusion criteria. A variety of different <I>Echinacea</I> preparations based on different species and parts of plant were used. Evidence from seven trials was available for preparations based on the aerial parts of <I>Echinacea purpurea. </I>
</P>
<P>Ten trials were considered to have a low risk of bias, six to have an unclear risk of bias and eight to have a high risk of bias. Ten trials with 13 comparisons investigated prevention and 15 trials with 20 comparisons investigated treatment of colds (one trial addressed both prevention and treatment).</P>
<P>Due to the strong clinical heterogeneity of the studies we refrained from pooling for the main analysis. None of the 12 prevention comparisons reporting the number of patients with at least one cold episode found a statistically significant difference. However a <I>post hoc </I>pooling of their results, suggests a relative risk reduction of 10% to 20%. Of the six treatment trials reporting data on the duration of colds, only two showed a significant effect of <I>Echinacea </I>over placebo. The number of patients dropping out or reporting adverse effects did not differ significantly between treatment and control groups in prevention and treatment trials. However, in prevention trials there was a trend towards a larger number of patients dropping out due to adverse events in the treatment groups.</P>
</ABS_RESULTS>
    <ABS_CONCLUSIONS>
<P>
<I>Echinacea </I>products have not here been shown to provide benefits for treating colds, although, it is possible there is a weak benefit from some <I>Echinacea </I>products<I>: </I>the results of individual prophylaxis trials consistently show positive (if non-significant) trends, although potential effects are of questionable clinical relevance.</P>
</ABS_CONCLUSIONS>
  </ABSTRACT>
</DOC>
