<?xml version="1.0"?>
<DOC>
  <TITLE LABEL="Review Title">Rehabilitation after lumbar disc surgery</TITLE>
  <SUMMARY>
    <SUMMARY_TITLE>Rehabilitation after surgery for herniation of the lumbar disc</SUMMARY_TITLE>
    <SUMMARY_BODY>
<P>
<B>Review question</B>
</P>
<P>We reviewed the evidence on the effects of rehabilitation programmes on pain, recovery, function and return to work in people who have had lumbar disc surgery.</P>
<P>
<B>Background</B>
</P>
<P>A 'slipped' or 'herniated' disc is thought to be the most common cause of leg pain associated with a 'pinched' or compressed nerve in the lower back. Many patients are treated with a combination of non-surgical measures such as medication or physiotherapy. Patients with persistent symptoms may undergo surgery. Although 78% to 95% of patients will improve after surgery, some will continue to have symptoms. It is estimated that 3% to 12% of patients who have disc surgery will have recurrent symptoms, and most of these patients will have surgery again. </P>
<P>Rehabilitation  programmes, such as exercise therapy by a physiotherapist and advice to return to normal activities like returning to work, are common approaches after surgery.</P>
<P>
<B>Study characteristics</B>
</P>
<P>This updated review evaluated the effectiveness of various rehabilitation programmes for patients who had lumbar disc surgery for the first time. We included 22 randomised controlled trials with 2503 participants, both men and women, between the ages of 18 and 65 years. The evidence is current to May 2013. Most commonly, treatment started four to six weeks after surgery, but the start of treatment ranged from two hours to 12 months after surgery. Considerable variation in the content, duration and intensity of treatments (i.e. exercise programmes) has been noted. The duration of the interventions varied from two weeks to one year; most programmes lasted six to 12 weeks. Participants reported on average serious pain intensity (56 points on a zero to 100 scale, with 100 being the worst possible pain). Most studies compared (1) exercise versus no treatment, (2) high-intensity exercise versus low-intensity exercise or (3) supervised exercise versus home exercise, most commonly starting four to six weeks after surgery. Comparisons in this review included (1) exercise versus no treatment, (2) high-intensity versus low-intensity exercise and (3) supervised versus home exercise.</P>
<P>
<B>Key results</B>
</P>
<P>Patients who participated in exercise programmes four to six weeks after surgery reported slightly less short-term pain and disability than those who received no treatment. Patients who participated in high-intensity exercise programmes reported slightly less short-term pain and disability than those participating in low-intensity exercise programmes. Patients in supervised exercise programmes reported little or no difference in pain and disability compared with those in home exercise programmes. Here it was difficult to draw firm conclusions in the absence of high-quality evidence.</P>
<P>None of the trials reported an increase in reoperation rate after first-time lumbar surgery.</P>
<P>The evidence does not show whether all patients should be treated after surgery or only those who still have symptoms four to six weeks later.</P>
<P>
<B>Quality of the evidence</B>
</P>
<P>Limitations in the methods of half of the trials suggest that the results should be read with caution. Most of the treatments were assessed in only one trial. Therefore for most of the interventions, only low- to very low-quality evidence indicates that no firm conclusions can be drawn regarding their effectiveness.</P>
</SUMMARY_BODY>
  </SUMMARY>
  <ABSTRACT>
    <ABS_BACKGROUND>
<P>Several rehabilitation programmes are available for individuals after lumbar disc surgery.</P>
</ABS_BACKGROUND>
    <ABS_OBJECTIVES>
<P>To determine whether active rehabilitation after lumbar disc surgery is more effective than no treatment, and to describe which type of active rehabilitation is most effective. This is the second update of a Cochrane Review first published in 2002.</P>
<P>First, we clustered treatments according to the start of treatment.<BR/>1. Active rehabilitation that starts immediately postsurgery.<BR/>2. Active rehabilitation that starts four to six weeks postsurgery.<BR/>3. Active rehabilitation that starts longer than 12 months postsurgery.</P>
<P>For every cluster, the following comparisons were investigated.<BR/>A. Active rehabilitation versus no treatment, placebo or waiting list control.<BR/>B. Active rehabilitation versus other kinds of active rehabilitation.<BR/>C. Specific intervention in addition to active rehabilitation versus active rehabilitation alone.</P>
</ABS_OBJECTIVES>
    <ABS_SEARCH_STRATEGY>
<P>We searched CENTRAL (2013, Issue 4) and MEDLINE, EMBASE, CINAHL, PEDro and PsycINFO to May 2013.</P>
</ABS_SEARCH_STRATEGY>
    <ABS_SELECTION_CRITERIA>
<P>We included only randomised controlled trials (RCTs).</P>
</ABS_SELECTION_CRITERIA>
    <ABS_DATA_COLLECTION>
<P>Pairs of review authors independently assessed studies for eligibility and risk of bias. Meta-analyses were performed if studies were clinically homogeneous. The GRADE approach was used to determine the overall quality of evidence.</P>
</ABS_DATA_COLLECTION>
    <ABS_RESULTS>
<P>In this update, we identified eight new studies, thereby including a total of 22 trials (2503 participants), 10 of which had a low risk of bias. Most rehabilitation programmes were assessed in only one study. Both men and women were included, and overall mean age was 41.4 years. All participants had received standard discectomy, microdiscectomy and in one study standard laminectomy and (micro)discectomy. Mean duration of the rehabilitation intervention was 12 weeks; eight studies assessed six to eight-week exercise programmes, and eight studies assessed 12 to 13-week exercise programmes. Programmes were provided in primary and secondary care facilities and were started immediately after surgery (n = 4) or four to six weeks (n = 16) or one year after surgery (n = 2). In general, the overall quality of the evidence is low to very low. Rehabilitation programmes that started immediately after surgery were not more effective than their control interventions, which included exercise. Low- to very low-quality evidence suggests that there were no differences between specific rehabilitation programmes (multidisciplinary care, behavioural graded activity, strength and stretching) that started four to six weeks postsurgery and their comparators, which included some form of exercise. Low-quality evidence shows that physiotherapy from four to six weeks postsurgery onward led to better function than no treatment or education only, and that multidisciplinary rehabilitation co-ordinated by medical advisors led to faster return to work than usual care. Statistical pooling was performed only for three comparisons in which the rehabilitation programmes started four to six weeks postsurgery: exercise programmes versus no treatment, high- versus low-intensity exercise programmes and supervised versus home exercise programmes. Very low-quality evidence (five RCTs, N = 272) shows that exercises are more effective than no treatment for pain at short-term follow-up (standard mean difference (SMD) -0.90; 95% confidence interval (CI) -1.55 to -0.24), and low-quality evidence (four RCTs, N = 252) suggests that exercises are more effective for functional status on short-term follow-up (SMD -0.67; 95% CI -1.22 to -0.12) and that no difference in functional status was noted on long-term follow-up (three RCTs, N = 226; SMD -0.22; 95% CI -0.49 to 0.04). None of these studies reported that exercise increased the reoperation rate. Very low-quality evidence (two RCTs, N = 103) shows that high-intensity exercise programmes are more effective than low-intensity exercise programmes for pain in the short term (weighted mean difference (WMD) -10.67; 95% CI -17.04 to -4.30), and low-quality evidence (two RCTs, N = 103) shows that they are more effective for functional status in the short term (SMD -0.77; 95% CI -1.17 to -0.36). Very low-quality evidence (four RCTs, N = 154) suggests no significant differences between supervised and home exercise programmes for short-term pain relief (SMD -0.76;  95% CI -2.04 to 0.53) or functional status (four RCTs, N = 154; SMD -0.36; 95% CI -0.88 to 0.15).</P>
</ABS_RESULTS>
    <ABS_CONCLUSIONS>
<P>Considerable variation was noted in the content, duration and intensity of the rehabilitation programmes included in this review, and for none of them was high- or moderate-quality evidence identified. Exercise programmes starting four to six weeks postsurgery seem to lead to a faster decrease in pain and disability than no treatment, with small to medium effect sizes, and high-intensity exercise programmes seem to lead to a slightly faster decrease in pain and disability than is seen with low-intensity programmes, but the overall quality of the evidence is only low to very low. No significant differences were noted between supervised and home exercise programmes for pain relief, disability or global perceived effect. None of the trials reported an increase in reoperation rate after first-time lumbar surgery. High-quality randomised controlled trials are strongly needed.</P>
</ABS_CONCLUSIONS>
  </ABSTRACT>
</DOC>
