<?xml version="1.0"?>
<DOC>
  <TITLE LABEL="Review Title">Low bacterial diet versus control diet to prevent infection in cancer patients treated with chemotherapy causing episodes of neutropenia</TITLE>
  <SUMMARY>
    <SUMMARY_TITLE>Low bacterial diet versus control diet to prevent infection in cancer patients treated with chemotherapy causing episodes of neutropenia</SUMMARY_TITLE>
    <SUMMARY_BODY>
<P>Neutropenia is a potentially serious side effect of chemotherapy and a major risk factor for infections, which can be life-threatening. It has been argued that a low bacterial diet (i.e. food and drinks with low levels of bacteria) can prevent the occurrence of infections and (infection-related) death in cancer patients receiving chemotherapy causing episodes of neutropenia.</P>
<P>The review authors identified three randomised studies comparing different diets in 192 children and adults with different types of cancer. Other interventions, such as antimicrobial prophylaxis (i.e. prevention of infections using antimicrobial therapy such as antibiotics) and hygiene practices, and definitions of the different study outcomes also differed between the studies and very limited information on anticancer treatment was given. All studies had methodological problems. Unfortunately, combining the results of the included studies was not possible, but at the moment there is no evidence from individual studies showing that the use of a low bacterial diet prevents infections. Data on survival, time from onset of neutropenia to fever, the duration of empirical (i.e. the start of treatment prior to determination of a definitive diagnosis) antibiotics and antimycotics (i.e. agents that target fungal infections), diet acceptability and quality of life were all evaluated by only one study; for all outcomes no statistically significant differences between the treatment groups was observed. None of the studies evaluated infection-related mortality. It should be noted that 'no evidence of effect', as identified in this review, is not the same as 'evidence of no effect'. The reason that no difference between the different diets was identified could, for example, be the result of the low number of patients included in the studies. Based on the currently available evidence, the review authors were not able to give recommendations for clinical practice. More high-quality research is needed.<BR/>
</P>
</SUMMARY_BODY>
  </SUMMARY>
  <ABSTRACT>
    <ABS_BACKGROUND>
<P>Neutropenia is a potentially serious side effect of chemotherapy and a major risk factor for infections, which can be life-threatening. It has been hypothesised that a low bacterial diet (LBD) can prevent the occurrence of infections and (infection-related) mortality in cancer patients receiving chemotherapy causing episodes of neutropenia, but much remains unclear.</P>
</ABS_BACKGROUND>
    <ABS_OBJECTIVES>
<P>The primary objective was to determine the efficacy of an LBD versus a control diet in preventing the occurrence of infection and to decrease (infection-related) mortality in adult and paediatric cancer patients receiving chemotherapy causing episodes of neutropenia. Secondary objectives were to assess the time to first febrile episode, the need for empirical antibiotic therapy, diet acceptability and quality of life.</P>
</ABS_OBJECTIVES>
    <ABS_SEARCH_STRATEGY>
<P>We searched the following electronic databases: the Cochrane Central Register of Controlled Trials (CENTRAL) (<I>The Cochrane Library</I>, issue 3 2011), Database of Abstracts of Reviews of Effects (DARE) (<I>The Cochrane Library</I>, issue 3 2011), PubMed (from 1946 to 20 October 2011), EMBASE (from 1980 to 20 October 2011) and CINAHL (from 1981 to 20 October 2011). In addition, we searched several conference proceedings (from 2000 to either 2010 or 2011) and reference lists of relevant articles. To identify ongoing trials we contacted researchers working on this topic and we scanned the National Institute of Health Register and the ISRCTN Register (<A HREF="http://www.controlled-trials.com/">www.controlled-trials.com</A>; searched May 2012).</P>
</ABS_SEARCH_STRATEGY>
    <ABS_SELECTION_CRITERIA>
<P>Randomised controlled trials (RCTs) comparing the use of an LBD with a control diet with regard to infection rate, (infection-related) mortality, time to first febrile episode, need for empirical antibiotic therapy, diet acceptability, and quality of life in adult and paediatric cancer patients receiving chemotherapy causing episodes of neutropenia.</P>
</ABS_SELECTION_CRITERIA>
    <ABS_DATA_COLLECTION>
<P>Two review authors independently performed the study selection, 'Risk of bias' assessment and data extraction. Analyses were performed according to the guidelines of the <I>Cochrane Handbook for Systematic Reviews of Interventions</I>.</P>
</ABS_DATA_COLLECTION>
    <ABS_RESULTS>
<P>We identified three RCTs assessing different intervention and control diets in 192 patients (97 randomised to intervention diet; 95 to control diet) with different types of malignancies. Co-interventions (e.g. protective environment, antimicrobial prophylaxis, central venous catheter care, oral care, hygiene practices and colony-stimulating factors) and outcome definitions also differed between studies. In all included studies it was standard policy to give empirical antibiotics (and sometimes also antimycotics) to (some of) the patients diagnosed with an infection. Two studies included adults and one study included children. In all studies only a scant description of treatment regimens was provided. All studies had methodological limitations. Pooling of results of included studies was not possible. In two individual studies no statistically significant difference in infection rate between the intervention and control diet was identified; another study showed no significant difference in the number of chemotherapy cycles with an infection between the treatment groups. None of the studies mentioned infection-related mortality, but in one study no significant difference in overall survival between the treatment groups was observed. Time from onset of neutropenia to fever, the duration of empirical antibiotics and antimycotics, diet acceptability (i.e. following the diet easily and following the diet throughout all chemotherapy cycles) and quality of life were all evaluated by only one study; for all outcomes no statistically significant differences between the treatment arms was observed.</P>
</ABS_RESULTS>
    <ABS_CONCLUSIONS>
<P>At the moment there is no evidence from individual RCTs in children and adults with different malignancies that underscores the use of an LBD for the prevention of infection and related outcomes. All studies differed with regard to co-interventions, outcome definitions, and intervention and control diets. Since pooling of results was not possible and all studies had serious methodological limitations, no definitive conclusions can be made. It should be noted that 'no evidence of effect', as identified in this review, is not the same as 'evidence of no effect'. Based on the currently available evidence, we are not able to give recommendations for clinical practice. More high-quality research is needed.</P>
</ABS_CONCLUSIONS>
  </ABSTRACT>
</DOC>
