<?xml version="1.0"?>
<DOC>
  <TITLE LABEL="Review Title">Intravenous midazolam infusion for sedation of infants in the neonatal intensive care unit</TITLE>
  <SUMMARY>
    <SUMMARY_TITLE>Intravenous midazolam infusion for sedation of infants in the neonatal intensive care unit</SUMMARY_TITLE>
    <SUMMARY_BODY>
<P>There is no evidence to show the benefit of midazolam as a sedative for newborn babies in neonatal intensive care. Newborn babies undergoing uncomfortable procedures in intensive care units may need sedation to reduce stress and avoid complications. It is difficult to measure their pain so sedatives or pain killers are sometimes overlooked for newborn babies. Midazolam is a short-acting sedative increasingly used in neonatal intensive care. The review of trials found no evidence to support the use of midazolam as a sedative for neonates undergoing intensive care. Babies receiving midazolam stayed in hospital longer and had more adverse effects. More research is needed to address the safety and effect of midazolam.</P>
</SUMMARY_BODY>
  </SUMMARY>
  <ABSTRACT>
    <ABS_BACKGROUND>
<P>Proper sedation for neonates undergoing uncomfortable procedures may reduce stress and avoid complications. Midazolam is a short-acting benzodiazepine that is increasingly used in neonatal intensive care units (NICU). However, its effectiveness as a sedative in neonates has not been systematically evaluated.</P>
</ABS_BACKGROUND>
    <ABS_OBJECTIVES>
<P>To determine whether intravenous midazolam infusion is an effective sedative, as evaluated by behavioural or physiological measurements, or both, for critically ill neonates undergoing intensive care and to assess clinically significant short- and long-term adverse effects associated with its use.</P>
</ABS_OBJECTIVES>
    <ABS_SEARCH_STRATEGY>
<P>We performed a literature search according to the Cochrane Neonatal Review Group search strategy. Randomised and quasi-randomised controlled trials of intravenous midazolam use in neonates were identified by searching the Cochrane Central Register of Controlled Trials (CENTRAL, <I>The Cochrane Library</I>, Issue 3, 2012), MEDLINE (1985 to 2012), EMBASE (1980 to 2012), CINAHL (1981 to 2012), reference lists of published studies, personal files, and abstracts published in The Pediatric Academic Societies Meeting Abstract Archives from 1990 to 2011.</P>
</ABS_SEARCH_STRATEGY>
    <ABS_SELECTION_CRITERIA>
<P>Randomised and quasi-randomised controlled trials of intravenous midazolam infusion in infants aged 28 days or less for sedation were selected for review.</P>
</ABS_SELECTION_CRITERIA>
    <ABS_DATA_COLLECTION>
<P>Data regarding the primary outcome of level of sedation were abstracted. Secondary outcomes such as intraventricular haemorrhage (IVH), periventricular leukomalacia (PVL), death, length of NICU stay, and adverse effects associated with midazolam were assessed. When appropriate, meta-analyses were performed using risk ratio (RR), risk difference (RD), along with their 95% confidence intervals (95% CI) for categorical variables and weighted mean difference (WMD) for continuous variables.</P>
</ABS_DATA_COLLECTION>
    <ABS_RESULTS>
<P>Three trials were included in the review. Using different sedation scales, each study showed a statistically significantly higher sedation level in the midazolam group compared to the placebo group. However, since none of the sedation scales used have been validated in preterm infants, the effectiveness of midazolam in this population could not be ascertained. One study showed a statistically significant higher incidence of adverse neurological events (death, grade III or IV IVH, PVL), and meta-analysis of data from two studies showed a statistically significant longer duration of NICU stay in the midazolam group compared to the placebo group.</P>
</ABS_RESULTS>
    <ABS_CONCLUSIONS>
<P>There are insufficient data to promote the use of intravenous midazolam infusion as a sedative for neonates undergoing intensive care. This review raises concerns about the safety of midazolam in neonates. Further research on the effectiveness and safety of midazolam in neonates is needed.<BR/> </P>
</ABS_CONCLUSIONS>
  </ABSTRACT>
</DOC>
