<?xml version="1.0"?>
<DOC>
  <TITLE LABEL="Review Title">Appetite stimulants for people with cystic fibrosis</TITLE>
  <SUMMARY>
    <SUMMARY_TITLE>Appetite stimulants for people with cystic fibrosis</SUMMARY_TITLE>
    <SUMMARY_BODY>
<P>
<B>Review question</B>
</P>
<P>We looked for evidence on both beneficial and adverse effects of using appetite stimulants in people with anorexia linked to cystic fibrosis.</P>
<P>
<B>Background</B>
</P>
<P>Loss of appetite in people with cystic fibrosis concerns both the patients themselves and their families. Appetite stimulants have been used to help people with cystic fibrosis, who have a poor appetite, to increase the amounts they eat so they gain weight and improve overall health. However, there are concerns that appetite stimulants have the potential to cause side effects.</P>
<P>
<B>Search date</B>
</P>
<P>We last looked for evidence on 8th April 2014.</P>
<P>
<B>Study characteristics</B>
</P>
<P>We included three trials, with a total of 47<B> </B>patients, one of these was in young children and there were both children and adults in other two. These trials looked at the effects of drugs (megesterol acetate and cyproheptadine hydrochloride) compared to a placebo (a tablet that contained no medicine) to stimulate appetite. The trials lasted between three and six months.</P>
<P>
<B>Key results</B>
</P>
<P>We found that, in the short term (up to six months), these drugs may improve weight and appetite. There was no effect seen on lung function. All stimulants may have adverse effects which can worsen cystic fibrosis, such as the effects on blood sugar control, fatigue, mood, fluid retention, the liver and shortness of breath, but unfortunately accurate evidence for how often these symptoms occurred was not always reported in the same way. The trials we found were too small to show if megesterol acetate and cyproheptadine hydrochloride can improve weigh and appetite safely.</P>
<P>While there is evidence to suggest that appetite stimulants can improve weight and poor appetite in adults and children with cystic fibrosis, we believe more research is needed to identify appropriate ways of measuring appetite and then to collect sound data from enough patients to find out if appetite stimulants can improve appetite safely in cystic fibrosis.</P>
<P>
<B>Quality of the evidence</B>
</P>
<P>We are happy that in two of the three trials, volunteers had equal chances of receiving appetite stimulants or placebo, but we are not sure if this is true for the third trial. It was not clear to us whether volunteers or their clinicians would be able to work out which group they were going to be put into. We believe that none of the volunteers or their clinicians could tell if they were receiving appetite stimulants or a placebo. Volunteers withdrew from two studies and we have some concerns about the reasons for this. We also have some concerns that some of the outcomes that the trial was going to measure were not reported in the published results.</P>
</SUMMARY_BODY>
  </SUMMARY>
  <ABSTRACT>
    <ABS_BACKGROUND>
<P>Chronic loss of appetite in cystic fibrosis concerns both individuals and families. Appetite stimulants have been used to help cystic fibrosis patients with chronic anorexia attain optimal body mass index and nutritional status. However, these may have adverse effects on clinical status.</P>
</ABS_BACKGROUND>
    <ABS_OBJECTIVES>
<P>The aim of this review is to systematically search for and evaluate evidence on the beneficial effects of appetite stimulants in the management of CF-related anorexia and synthesize reports of any side-effects.</P>
</ABS_OBJECTIVES>
    <ABS_SEARCH_STRATEGY>
<P>Trials were identified by searching the Cochrane Cystic Fibrosis and Genetic Disorders Group's Cystic Fibrosis Trials Register, MEDLINE, Embase, CINAHL, handsearching reference lists and contacting local and international experts.</P>
<P>Last search of online databases: 01 April 2014.</P>
<P>Last search of the Cystic Fibrosis Trials Register: 08 April 2014.</P>
</ABS_SEARCH_STRATEGY>
    <ABS_SELECTION_CRITERIA>
<P>Randomised and quasi-randomised controlled trials of appetite stimulants, compared to placebo or no treatment for at least one month in adults and children with cystic fibrosis.</P>
</ABS_SELECTION_CRITERIA>
    <ABS_DATA_COLLECTION>
<P>Authors independently extracted data and assessed the risk of bias within eligible trials. Meta-analyses were performed.</P>
</ABS_DATA_COLLECTION>
    <ABS_RESULTS>
<P>Three trials (total of<B> </B>47 recruited patients) comparing appetite stimulants (cyproheptadine hydrochloride and megesterol acetate) to placebo were included; the numbers of adults or children within each trial were not always reported.<B> </B>The risk of bias of the included trials was graded as moderate.</P>
<P>A meta-analysis of all three trials showed appetite stimulants produced a larger increase in weight z score at three months compared to placebo, mean difference 0.61 (95% confidence interval 0.29 to 0.93) (P &lt; 0.001) (n = 40) with no evidence of a difference in effect between two different appetite stimulants. One of these trials also reported a significant weight increase with megesterol acetate compared to placebo at six months (n = 17). The three trials reported no significant differences in forced expiratory volume at one second (per cent predicted) between the appetite stimulant groups and placebo at follow up, with durations ranging from two to nine months. A meta-analysis of two trials showed a significantly higher proportion of patients reporting increased appetite, odds ratio 45.25 (95% confidence interval 3.57 to 573.33) (P = 0.003) (n = 23), but the frequency of reported side effects was undetermined.</P>
</ABS_RESULTS>
    <ABS_CONCLUSIONS>
<P>In the short term (six months) in adults and children, appetite stimulants improved only two of the outcomes in this review - weight (or weight z score) and appetite; and side effects were insufficiently reported to determine the full extent of their impact. Whilst the data may suggest the potential use of appetite stimulants in treating anorexia in adults and children with cystic fibrosis, this is based upon moderate quality data from a small number of trials and so this therapy cannot be conclusively recommended based upon the findings in the review. Clinicians need to be aware of the potential adverse effects of appetite stimulants and actively monitor any patients prescribed these medications accordingly.</P>
<P>Research is needed to determine meaningful surrogate measures for appetite and define what constitutes quality weight gain. Future trials of appetite stimulants should use a validated measure of symptoms including a disease-specific instrument for measuring poor appetite. This review highlights the need for multicentred, adequately powered and well-designed trials to evaluate agents to safely increase appetite in people with cystic fibrosis and to establish the optimal mode of treatment.</P>
</ABS_CONCLUSIONS>
  </ABSTRACT>
</DOC>
