<?xml version="1.0"?>
<DOC>
  <TITLE LABEL="Review Title">Primaquine or other 8-aminoquinoline for reducing Plasmodium falciparum transmission</TITLE>
  <SUMMARY>
    <SUMMARY_TITLE>A single dose of primaquine added to malaria treatment to prevent malaria transmission</SUMMARY_TITLE>
    <SUMMARY_BODY>
<P>We conducted a review of the effects of adding a single dose (or short course) of primaquine to malaria treatment with the aim of reducing the transmission of malaria. We searched the literature up to 05 January 2015 and included 17 randomized controlled trials (RCTs) and one quasi-RCT.</P>
<P>
<I>
<B>What is primaquine and how might it reduce transmission</B>
</I>
</P>
<P>Primaquine is an antimalarial drug which does not cure malaria illness, but is known to kill the gametocyte stage of the malaria parasite which infects mosquitoes when they bite humans. Primaquine is also known to have potentially serious side effects in people with glucose-6-phosphate dehydrogenase (G6PD) deficiency, an enzyme deficiency common in many malaria endemic settings. In these people, high doses of primaquine given over several days damages red blood cells and causes anaemia, and sometimes these events may be life-threatening.</P>
<P>The World Health Organization (WHO) recommends adding a single dose of primaquine to falciparum malaria treatment with the intention of reducing malaria transmission and to contribute to malaria elimination. In 2013, the WHO amended their guideline, reducing the PQ dose from 0.75 mg/kg to 0.25 mg/kg to reduce the risk of haemolysis, combined with indirect evidence suggesting this was as effective as the higher dose.</P>
<P>
<I>
<B>What the research says</B>
</I>
</P>
<P>We found no eligible studies that tested whether primaquine added to malaria treatment reduces community transmission of malaria.</P>
<P>When added to currently recommended treatments for malaria (artemisinin-based combination therapy), we found no studies evaluating the effects of primaquine on the number of mosquitoes infected. However, primaquine does reduce the duration of infectiousness of the human host to mosquitoes (defined as the period that gametocytes are detected circulating in the blood) when given at doses greater than 0.6 mg/kg (<I>high quality evidence</I>) and at doses between 0.4 and 0.6 mg/kg (<I>moderate quality evidence)</I>. We only found one study using 0.1 mg/kg with an estimate consistent with a smaller reduction in gametocytes, but the analysis was underpowered and did not reach statistical significance (<I>low quality evidence</I>).</P>
<P>In older studies when used with treatments not currently recommended, two studies showed that primaquine at doses of 0.75 mg/kg reduced the number of mosquitoes infected after biting humans (<I>low quality evidence</I>). Doses above 0.4 mg/kg reduced the duration of detectable gametocytes (<I>high quality evidence</I>). No studies examined primaquine using the low dose currently recommended.</P>
<P>Some studies excluded patients with G6PD deficiency, some included them and some did not comment. Overall the safety of PQ given as a single dose was poorly evaluated across all studies, so these data do not demonstrate whether the drug is safe or potentially harmful at dosing levels currently recommended.</P>
</SUMMARY_BODY>
  </SUMMARY>
  <ABSTRACT>
    <ABS_BACKGROUND>
<P>Mosquitoes become infected with <I>Plasmodium</I> when they ingest gametocyte-stage parasites from an infected person's blood. <I>Plasmodium falciparum </I>gametocytes are sensitive to 8-aminoquinolines (8AQ), and consequently these drugs could prevent parasite transmission from infected people to mosquitoes and reduce the incidence of malaria. However, when used in this way, these drugs will not directly benefit the individual.</P>
<P>In 2010, the World Health Organization (WHO) recommended a single dose of primaquine (PQ) at 0.75 mg/kg alongside treatment for <I>P. falciparum </I>malaria to reduce transmission in areas approaching malaria elimination. In 2013, the WHO revised this to 0.25 mg/kg to reduce risk of harms in people with G6PD deficiency.</P>
</ABS_BACKGROUND>
    <ABS_OBJECTIVES>
<P>To assess the effects of PQ (or an alternative 8AQ) given alongside treatment for <I>P. falciparum</I> malaria on malaria transmission and on the occurrence of adverse events.</P>
</ABS_OBJECTIVES>
    <ABS_SEARCH_STRATEGY>
<P>We searched the following databases up to 5 January 2015: the Cochrane Infectious Diseases Group Specialized Register; the Cochrane Central Register of Controlled Trials (CENTRAL), published in <I>The Cochrane Library </I>(Issue 1, 2015); MEDLINE (1966 to 5 January 2015); EMBASE (1980 to 5 January 2015); LILACS (1982 to 5 January 2015); <I>meta</I>Register of Controlled Trials (<I>m</I>RCT); and the WHO trials search portal using 'malaria*', 'falciparum', 'primaquine', 8-aminoquinoline and eight individual 8AQ drug names as search terms. In addition, we searched conference proceedings and reference lists of included studies, and contacted researchers and organizations. 
</P>
</ABS_SEARCH_STRATEGY>
    <ABS_SELECTION_CRITERIA>
<P>Randomized controlled trials (RCTs) or quasi-RCTs in children or adults, comparing PQ (or alternative 8AQ) as a single dose or short course alongside treatment for <I>P. falciparum</I> malaria, with the same malaria treatment given without PQ/8AQ.</P>
</ABS_SELECTION_CRITERIA>
    <ABS_DATA_COLLECTION>
<P>Two review authors independently screened all abstracts, applied inclusion criteria and extracted data. We sought evidence of an impact on transmission (community incidence), infectiousness (mosquitoes infected from humans) and potential infectiousness (gametocyte measures). We calculated the area under the curve (AUC) for gametocyte density over time for comparisons for which data were available. We sought data on haematological and other adverse effects, asexual parasite clearance time and recrudescence. We stratified the analysis by artemisinin and non-artemisinin treatments; and by PQ dose (low &lt; 0.4 mg/kg; medium ≥ 0.4 to &lt; 0.6 mg/kg; high ≥ 0.6 mg/kg). We used the GRADE approach to assess evidence quality.</P>
</ABS_DATA_COLLECTION>
    <ABS_RESULTS>
<P>We included 17 RCTs and one quasi-RCT. Eight trials tested for G6PD status: six then excluded participants with G6PD deficiency, one included only those with G6PD deficiency, and one included all irrespective of status. The remaining 10 trials either did not report on whether they tested (eight trials), or reported that they did not test (two trials).</P>
<P>Nine trials included study arms with artemisinin-based treatments and eleven included study arms with non-artemisinin-based treatments. </P>
<P>Only one trial evaluated PQ given as a single dose of less than 0.4 mg/kg.</P>
<P>
<B>PQ with artemisinin-based treatments: </B>No trials evaluated effects on malaria transmission directly (incidence, prevalence or entomological inoculation rate) and none evaluated infectiousness to mosquitoes. For potential infectiousness, the proportion of people with detectable gametocytaemia on day eight was reduced by around two-thirds with the high dose PQ category (RR 0.29, 95% confidence interval (CI) 0.22 to 0.37; seven trials, 1380 participants, <I>high quality evidence</I>) and the medium dose PQ category (RR 0.30, 95% CI 0.16 to 0.56; one trial, 219 participants, <I>moderate quality evidence</I>). For the low dose category, the effect size was smaller and the 95% CIs include the possibility of no effect (dose: 0.1 mg/kg: RR 0.67, 95% CI 0.44 to 1.02; one trial, 223 participants, <I>low quality evidence</I>). Reductions in log(10)AUC estimates for gametocytaemia on days 1 to 43 with medium and high doses ranged from 24.3% to 87.5%. For haemolysis, one trial reported percent change in mean haemoglobin against baseline and did not detect a difference between the two arms (<I>very low quality evidence</I>).</P>
<P>
<B>PQ with non-artemisinin treatments: </B>No trials assessed effects on malaria transmission directly. Two small trials from the same laboratory in China evaluated infectiousness to mosquitoes, and reported that infectivity was eliminated on day 8 in 15/15 patients receiving high dose PQ compared to 1/15 in the control group (<I>low quality evidence</I>). For potential infectiousness, the proportion of people with detectable gametocytaemia on day 8 was reduced by three-fifths with high dose PQ category (RR 0.39, 95% CI 0.25 to 0.62; four trials, 186 participants, <I>high quality evidence</I>), and by around two-fifths with medium dose category (RR 0.60, 95% CI 0.49 to 0.75; one trial, 216 participants, <I>high quality evidence</I>), with no trial in the low dose PQ category reporting this outcome. Reduction in log(10)AUC for gametocytaemia days 1 to 43 were 24.3% and 27.1% for two arms in one trial giving medium dose PQ. No trials systematically sought evidence of haemolysis.</P>
<P>Two trials evaluated the 8AQ bulaquine, and suggest the effects may be greater than PQ, but the small number of participants (N = 112) preclude a definite conclusion.</P>
</ABS_RESULTS>
    <ABS_CONCLUSIONS>
<P>In individual patients, PQ added to malaria treatments reduces gametocyte prevalence, but this is based on trials using doses of more than 0.4 mg/kg. Whether this translates into preventing people transmitting malaria to mosquitoes has rarely been tested in controlled trials, but there appeared to be a strong reduction in infectiousness in the two small studies that evaluated this. No included trials evaluated whether this policy has an impact on community malaria transmission.</P>
<P>For the currently recommended low dose regimen, there is currently little direct evidence to be confident that the effect of reduction in gametocyte prevalence is preserved, or that it is safe in people with G6PD deficiency.</P>
</ABS_CONCLUSIONS>
  </ABSTRACT>
</DOC>
