<?xml version="1.0"?>
<DOC>
  <TITLE LABEL="Review Title">Chemotherapy for non-small cell lung cancer</TITLE>
  <SUMMARY>
    <SUMMARY_TITLE>Chemotherapy can improve survival rates for non-small cell lung cancer</SUMMARY_TITLE>
    <SUMMARY_BODY>
<P>Non-small cell lung cancer is the most common type of lung cancer. The standard treatment for small tumours is surgery (operation to remove the tumour) or surgery and radiotherapy (x-ray treatment). Where the tumour has spread within the chest, standard treatment is radiotherapy. Where the tumour has spread beyond the chest supportive (treatment to relieve symptoms) is given. Trials have tried giving chemotherapy (drugs) after these standard treatments to find out whether it can help people to live longer. This review found that giving chemotherapy after either radiotherapy or supportive care did seem to help patients live longer. Giving chemotherapy after radiotherapy to 1000 patients would mean that an extra 40 patients would be expected to be alive 2 years later, than if the chemotherapy was not given. Giving chemotherapy after supportive care to 1000 patients would mean that 100 more would be expected to be alive 2 years later, than if the chemotherapy was not given. Chemotherapy after surgery may also help patients live longer although the evidence to support this is less clear. </P>
</SUMMARY_BODY>
  </SUMMARY>
  <ABSTRACT>
    <ABS_BACKGROUND>
<P>The role of chemotherapy in the treatment of patients with non-small cell lung cancer was not clear. A systematic review and quantitative meta-analysis was therefore undertaken to evaluate the available evidence from all relevant randomised trials.</P>
</ABS_BACKGROUND>
    <ABS_OBJECTIVES>
<P>To evaluate the effect of cytotoxic chemotherapy on survival in patients with non-small cell lung cancer. To investigate whether or not pre-defined patient sub-groups benefit more or less from chemotherapy.</P>
</ABS_OBJECTIVES>
    <ABS_SEARCH_STRATEGY>
<P>MEDLINE and CANCERLIT searches (1963-june 1992) were supplemented by information from trial registers and by hand searching relevant meeting proceedings and by discussion with relevant trialists and organisations.</P>
</ABS_SEARCH_STRATEGY>
    <ABS_SELECTION_CRITERIA>
<P>Trials comparing primary treatments of surgery, surgery + radiotherapy, radical radiotherapy or supportive care versus the same primary treatment, plus chemotherapy were eligible for inclusion provided that they randomised non-small cell lung cancer patients using a method which precluded prior knowledge of treatment assignment.</P>
</ABS_SELECTION_CRITERIA>
    <ABS_DATA_COLLECTION>
<P>A quantitative meta-analysis using updated information from individual patients from all available randomised trials was carried out. Data from all patients randomised in all eligible trials were sought directly from those responsible. Updated information on survival, and date of last follow up were obtained, as were details of treatment allocated, date of randomisation, age, sex, histological cell type, stage and performance status. To avoid potential bias, information was requested for all randomised patients including those who had been excluded from the investigators' original analyses. All analyses were done on intention to treat on the endpoint of survival. For trials using cisplatin-based regimens, subgroup analyses by age, sex, histological cell type, tumour stage and performance status were also done.</P>
</ABS_DATA_COLLECTION>
    <ABS_RESULTS>
<P>Data from 52 trials and 9387 patients were included. The results for modern regimens containing cisplatin favoured chemotherapy in all comparisons and reached conventional levels of significance when used with radical radiotherapy and with supportive care. Trials comparing surgery with surgery plus chemotherapy gave a hazard ratio of 0.87 (13% reduction in the risk of death, equivalent to an absolute benefit of 5% at 5 years). Trials comparing radical radiotherapy with radical radiotherapy plus chemotherapy gave a hazard ratio 0.87 (13% reduction in the risk of death equivalent to an absolute benefit of 4% at 2 years), and trials comparing supportive care with supportive care plus chemotherapy gave a hazard ratio of 0.73 (27% reduction in the risk of death equivalent to a 10% improvement in survival at one year). The essential drugs needed to achieve these effects were not identified. No difference in the size of effect was seen in any subgroup of patients. In all but the radical radiotherapy setting, older trials using long term alkylating agents tended to show a detrimental effect of chemotherapy. This effect reached conventional significance in the adjuvant surgical comparison.</P>
</ABS_RESULTS>
    <ABS_CONCLUSIONS>
<P>At the outset of this meta-analysis there was considerable pessimism about the role of chemotherapy in the treatment of non-small cell lung cancer. These results offer hope of progress and suggest that chemotherapy may have a role in treating this disease.</P>
</ABS_CONCLUSIONS>
  </ABSTRACT>
</DOC>
