<?xml version="1.0"?>
<DOC>
  <TITLE LABEL="Review Title">Antibiotics for acute bronchitis</TITLE>
  <SUMMARY>
    <SUMMARY_TITLE>Antibiotic treatment for people with a clinical diagnosis of acute bronchitis</SUMMARY_TITLE>
    <SUMMARY_BODY>
<P>Acute bronchitis is a clinical diagnosis for an acute cough, which may or may not be productive of mucus or sputum. It occurs when the tubes (bronchi) within the lungs become inflamed and may be caused by viruses or bacteria. Symptoms generally last for two weeks but the associated cough can last for up to eight weeks. Recently, there has been controversy over the term acute bronchitis as it covers a range of clinical presentations that may overlap with other diagnoses such as upper or lower respiratory tract infections. For this reason, some have suggested using the term 'acute lower respiratory tract infection when pneumonia is not suspected' as this is more specific. Antibiotics are commonly prescribed to treat this condition though other treatments providing symptom relief are commonly used. Antibiotics can have adverse effects such as nausea and diarrhea but can cause more serious reactions related to anaphylaxis in those allergic to them. In healthy communities, there is little evidence of bacterial infection in people with bronchitis and there is no practical test to distinguish between bacterial and viral bronchitis. Within this context the use of antibiotics to treat acute bronchitis is controversial but common. Concerns that prescribing unnecessary antibiotics increases antibiotic resistance exists.</P>
<P>We included 17 trials with 3936 participants diagnosed with acute bronchitis and randomly assigned to receive any antibiotic treatment or a placebo or no treatment. Co-treatments with other medications to relieve symptoms were allowed if they were given to all patients. We excluded patients with pre-existing underlying pulmonary disease such as chronic bronchitis or chronic obstructive pulmonary disease. The quality of trials was generally good, particularly for more recent studies. There was limited evidence to support the use of antibiotics for acute bronchitis and a large study involving 1038 patients from 12 countries included in this update has confirmed this finding. Some people treated with antibiotics recovered a bit more quickly with reductions in cough-related outcomes though the difference was of doubtful clinical significance as it amounted to a difference of half a day over an 8 to 10 day period. There was a statistically significant but small increase in adverse side effects in patients treated with antibiotics. The most commonly reported side effects included nausea, vomiting or diarrhea, headaches, skin rash and vaginitis.The available evidence suggests that there is no benefit in using antibiotics for acute bronchitis in otherwise healthy individuals though more research is needed on the effect in frail, elderly people with multimorbidities who may not have been included in the existing trials. The use of antibiotics needs to be considered in the context of the potential side effects, medicalisation for a self-limiting condition and costs of antibiotic use, particularly the potential harms at population level associated with increasing antibiotic resistance.</P>
</SUMMARY_BODY>
  </SUMMARY>
  <ABSTRACT>
    <ABS_BACKGROUND>
<P>The benefits and risks of antibiotics for acute bronchitis remain unclear despite it being one of the most common illnesses seen in primary care. </P>
</ABS_BACKGROUND>
    <ABS_OBJECTIVES>
<P>To assess the effects of antibiotics in improving outcomes and assess adverse effects of antibiotic therapy for patients with a clinical diagnosis of acute bronchitis.</P>
</ABS_OBJECTIVES>
    <ABS_SEARCH_STRATEGY>
<P>We searched CENTRAL 2013, Issue 12, MEDLINE (1966 to January week 1, 2014), EMBASE (1974 to January 2014) and LILACS (1982 to January 2014).</P>
</ABS_SEARCH_STRATEGY>
    <ABS_SELECTION_CRITERIA>
<P>Randomised controlled trials (RCTs) comparing any antibiotic therapy with placebo or no treatment in acute bronchitis or acute productive cough, in patients without underlying pulmonary disease.</P>
</ABS_SELECTION_CRITERIA>
    <ABS_DATA_COLLECTION>
<P>At least two review authors extracted data and assessed trial quality.</P>
</ABS_DATA_COLLECTION>
    <ABS_RESULTS>
<P>Seventeen trials with 5099 participants were included in the primary analysis. The quality of trials was generally good. There was limited evidence to support the use of antibiotics in acute bronchitis. At follow-up, there was no difference in participants described as being clinically improved between antibiotic and placebo groups (11 studies with 3841 participants, risk ratio (RR) 1.07, 95% confidence interval (CI) 0.99 to 1.15; number needed to treat for an additional beneficial outcome (NNTB) 22. Participants given antibiotics were less likely to have a cough (four studies with 275 participants, RR 0.64, 95% CI 0.49 to 0.85; NNTB 6); have a night cough (four studies with 538 participants, RR 0.67, 95% CI 0.54 to 0.83; NNTB 7) and a shorter mean cough duration (seven studies with 2776 participants, mean difference (MD) -0.46 days, 95% CI -0.87 to -0.04). The differences in presence of a productive cough at follow-up and MD of productive cough did not reach statistical significance.</P>
<P>Antibiotic-treated patients were more likely to be improved according to clinician's global assessment (six studies with 891 participants, RR 0.61, 95% CI 0.48 to 0.79; NNTB 25); were less likely to have an abnormal lung exam (five studies with 613 participants, RR 0.54, 95% CI 0.41 to 0.70; NNTB 6); have a reduction in days feeling ill (five studies with 809 participants, MD -0.64 days, 95% CI -1.16 to -0.13) and a reduction in days with limited activity (six studies with 767 participants MD -0.49 days, 95% CI -0.94 to -0.04). The differences in proportions with activity limitations at follow-up did not reach statistical significance. There was a significant trend towards an increase in adverse effects in the antibiotic group (12 studies with 3496 participants) (RR 1.20, 95% CI 1.05 to 1.36; NNT for an additional adverse effect 24).</P>
</ABS_RESULTS>
    <ABS_CONCLUSIONS>
<P>There is limited evidence to support the use of antibiotics in acute bronchitis. Antibiotics may have a modest beneficial effect in some patients such as frail, elderly people with multimorbidity who may not have been included in trials to date. However, the magnitude of this benefit needs to be considered in the broader context of potential side effects, medicalisation for a self-limiting condition, increased resistance to respiratory pathogens and cost of antibiotic treatment.</P>
</ABS_CONCLUSIONS>
  </ABSTRACT>
</DOC>
