<?xml version="1.0"?>
<DOC>
  <TITLE>Sapropterin dihydrochloride for phenylketonuria</TITLE>
  <SUMMARY>
    <SUMMARY_TITLE>The use of sapropterin to lower phenylalanine concentration in blood in people with phenylketonuria.</SUMMARY_TITLE>
    <SUMMARY_BODY>
<P>Phenylketonuria occurs due to an inherited deficiency of the enzyme phenylalanine hydroxylase. If untreated it causes an excessive accumulation of the amino acid phenylalanine in the body which prevents normal brain development. The established treatment for phenylketonuria consists of dietary restriction of natural protein but with prescribed phenylalanine-free amino acid, mineral and vitamin supplements. With this treatment the long-term outcome for people with phenylketonuria is excellent but the diet is onerous. Sapropterin dihydrochloride, the cofactor for phenylalanine hydroxylase, could lower phenylalanine concentration significantly in phenylketonuria and might allow a relaxation of dietary restrictions. The review identified two trials of sapropterin dihydrochloride; one in children and adults with no restricted diet and one in just children whose diet was restricted. The trials used different doses of sapropterin dihydrochloride (10 mg/kg/day and 20 mg/kg/day). We could not combine any data due to different formats of presentation. We found evidence to show that some people with mild or moderate phenylketonuria can benefit from the use of sapropterin dihydrochloride in the short term; the concentration of blood phenylalanine was lowered after treatment in both trials. The trial with the higher dose also measured the outcome change in protein tolerance. It reported an increase in protein tolerance in response to sapropterin. There were no adverse effects associated with the use of sapropterin dihydrochloride in the short term. We found no evidence on the effects of long-term treatment. We could not draw any conclusions on its benefits in severe phenylketonuria.</P>
</SUMMARY_BODY>
  </SUMMARY>
  <ABSTRACT>
    <ABS_BACKGROUND>
<P>Phenylketonuria results from a deficiency of the enzyme phenylalanine hydroxylase. Dietary restriction of phenylalanine keeps blood phenylalanine concentration low. Most natural foods are excluded from diet and supplements are used to supply other nutrients. Recent publications report a decrease in blood phenylalanine concentration in some patients treated with sapropterin dihydrochloride. We examined the evidence for the use of sapropterin dihydrochloride to treat phenylketonuria. This is an update of a previously published Cochrane Review. </P>
</ABS_BACKGROUND>
    <ABS_OBJECTIVES>
<P>To assess the safety and efficacy of sapropterin dihydrochloride in lowering blood phenylalanine concentration in people with phenylketonuria.</P>
</ABS_OBJECTIVES>
    <ABS_SEARCH_STRATEGY>
<P>We identified relevant trials from the Group's Inborn Errors of Metabolism Trials Register. Date of last search: 11 August 2014.</P>
<P>We also searched ClinicalTrials.gov and Current controlled trials. Last search: 4 September 2014</P>
<P>We contacted the manufacturers of the drug (BioMarin Pharmaceutical Inc.) for information regarding any unpublished trials.</P>
</ABS_SEARCH_STRATEGY>
    <ABS_SELECTION_CRITERIA>
<P>Randomized controlled trials comparing sapropterin with no supplementation or placebo in people with phenylketonuria due to phenylalanine hydroxylase deficiency.</P>
</ABS_SELECTION_CRITERIA>
    <ABS_DATA_COLLECTION>
<P>Two authors independently assessed trials and extracted outcome data.</P>
</ABS_DATA_COLLECTION>
    <ABS_RESULTS>
<P>Two placebo-controlled trials were included. One trial administered 10 mg/kg/day sapropterin in 89 children and adults with phenylketonuria whose diets were not restricted and who had previously responded to saproterin.This trial measured change in blood phenylalanine concentration. The second trial screened 90 children (4 to 12 years) with phenylketonuria whose diet was restricted, for responsiveness to sapropterin. Forty-six responders entered the placebo-controlled part of the trial and received 20 mg/kg/day sapropterin. This trial measured change in both phenylalanine concentration and protein tolerance. Both trials reported adverse events. The trials showed an overall low risk of bias; but both are Biomarin-sponsored. One trial showed a significant lowering in blood phenylalanine concentration in the sapropterin group (10 mg/kg/day), mean difference -238.80 μmol/L (95% confidence interval -343.09 to -134.51); a second trial (20 mg/kg/day sapropterin) showed a non-significant difference, mean difference -51.90 μmol/L (95% confidence interval -197.27 to 93.47). The second trial also reported a significant increase in phenylalanine tolerance, mean difference18.00 mg/kg/day (95% confidence interval 12.28 to 23.72) in the 20 mg/kg/day sapropterin group. 
</P>
</ABS_RESULTS>
    <ABS_CONCLUSIONS>
<P>There is evidence of short-term benefit from using sapropterin in some people with sapropterin-responsive forms of phenylketonuria; blood phenylalanine concentration is lowered and protein tolerance increased. There are no serious adverse events associated with using sapropterin in the short term.</P>
<P>There is no evidence on the long-term effects of sapropterin and no clear evidence of effectiveness in severe phenylketonuria.</P>
</ABS_CONCLUSIONS>
  </ABSTRACT>
</DOC>
