<?xml version="1.0"?>
<DOC>
  <TITLE LABEL="Review Title">Chinese herbal medicines for hypothyroidism</TITLE>
  <SUMMARY>
    <SUMMARY_TITLE>Chinese herbal medicines for hypothyroidism</SUMMARY_TITLE>
    <SUMMARY_BODY>
<P>
<B>Review question</B>
</P>
<P>What are the effects of Chinese herbal medicines for the treatment of hypothyroidism?</P>
<P>
<B>Background</B>
</P>
<P>Hypothyroidism, also known as underactive or low thyroid, is a condition in which the thyroid gland does not produce sufficient amounts of thyroid hormones which are important for many functions of the body (metabolism). In adults hypothyroidism may cause fatigue and sluggishness, increased sensitivity to cold, constipation, pale and dry skin, brittle fingernails and hair, a puffy face, hoarse voice, unexplained weight gain, muscle aches, tenderness, stiffness and weakness, pain, stiffness or swelling in the joints, heavier than normal menstrual periods, and depression. Hypothyroidism in infants and teenagers may result in poor growth and mental development as well as delayed development of permanent teeth and puberty.</P>
<P>In Chinese philosophical and medical theory, Yin and Yang are the essential components of the material universe. When Yang is deficient, it cannot produce the vital energy necessary to keep the body functioning well, and symptoms of hypothyroidism may result. Chinese herbal medicines are thought to restore Yang, but the specific mechanisms are unknown.</P>
<P>
<B>Results</B>
</P>
<P>We did not find any randomised clinical trial or ongoing study investigating the effects of Chinese herbal medicines for hypothyroidism and could therefore not establish the effects of this treatment.</P>
<P>
<B>Currentness of evidence</B>
</P>
<P>This evidence is up to date as of September 2014.</P>
</SUMMARY_BODY>
  </SUMMARY>
  <ABSTRACT>
    <ABS_BACKGROUND>
<P>The reduced production of thyroid hormones is the main feature of the clinical state termed hypothyroidism. In Chinese philosophical and medical theory, it results from Yang deficiency. Chinese herbal medicines (CHM) are thought to restore Yang and have been used in China to treat hypothyroidism for many years.</P>
</ABS_BACKGROUND>
    <ABS_OBJECTIVES>
<P>To assess the effects of CHM for hypothyroidism.</P>
</ABS_OBJECTIVES>
    <ABS_SEARCH_STRATEGY>
<P>We searched <I>The</I> <I>Cochrane Library</I>, MEDLINE, EMBASE, the Chinese Biomedical Literature Database on Disc, and the China National Knowledge Infrastructure for randomised clinical trials (RCTs). The date of the last search was September 2014 for all databases. We also searched for ongoing trials in trial registers.</P>
</ABS_SEARCH_STRATEGY>
    <ABS_SELECTION_CRITERIA>
<P>We considered RCTs of CHM alone or combined with thyroid hormone therapy compared with no treatment, placebo or thyroid hormone therapy. We also planned to compare different formulae of CHM with each other, alone or combined with thyroid hormone therapy. Hypothyroid individuals had to be diagnosed by the standard criteria valid at the time of the beginning of the trial regardless of the cause of hypothyroidism.</P>
</ABS_SELECTION_CRITERIA>
    <ABS_DATA_COLLECTION>
<P>Data extraction and risk of bias assessment were not performed because no study could be included.</P>
</ABS_DATA_COLLECTION>
    <ABS_RESULTS>
<P>We found no RCTs and therefore could not establish the effects of CHM on hypothyroidism.</P>
</ABS_RESULTS>
    <ABS_CONCLUSIONS>
<P>Currently, there is no evidence available from RCTs on CHM for the treatment of hypothyroidism. We also did not find any ongoing registered trial.</P>
</ABS_CONCLUSIONS>
  </ABSTRACT>
</DOC>
