<?xml version="1.0"?>
<DOC>
  <TITLE>Thymic peptides for treatment of cancer patients</TITLE>
  <SUMMARY>
    <SUMMARY_TITLE>Thymic peptides for treatment of cancer patients in addition to chemotherapy or radiotherapy, or both</SUMMARY_TITLE>
    <SUMMARY_BODY>
<P>The immune system plays a key role in the body’s own defences against cancer cells. The thymus gland plays a central part in this and modifies T-cells, a subset of lymphocytes. Studies with thymic peptides have shown a variety of effects on the immune system. There are two groups of thymic peptides available for use in treatment: purified extracts from animal (mostly calf) thymus glands and synthetically produced thymus gland peptides.<BR/>This review aims to answer the question whether having thymic peptides can improve the response to and tolerability of standard chemotherapy or radiotherapy, or combined treatment. Further questions are whether the peptides inhibit or reduce the progression and recurrence of disease, whether they prolong the life of cancer patients and whether quality of life is improved.</P>
<P>This review looked at the evidence from 26 clinical trials with a total of 2736 adult cancer patients. Many of the trials were small and of moderate quality. Only three studies were less than 10 years old. Thymosin α<SUB>1 </SUB>is a synthetic peptide that shows some promise as a treatment option for patients with metastatic melanoma when used in addition to chemotherapy. Severe problems occur during chemotherapy and radiotherapy due to low white blood cell counts and infections. These were reduced by using purified thymus extracts. However, the use of purified thymus extracts should be investigated more thoroughly before the extracts are used routinely in patients. The findings were not conclusive and caution is advised. Overall, thymic peptides seem to be well tolerated.</P>
</SUMMARY_BODY>
  </SUMMARY>
  <ABSTRACT>
    <ABS_BACKGROUND>
<P>Purified thymus extracts (pTE) and synthetic thymic peptides (sTP) are thought to enhance the immune system of cancer patients in order to fight the growth of tumour cells and to resist infections due to immunosuppression induced by the disease and antineoplastic therapy.</P>
</ABS_BACKGROUND>
    <ABS_OBJECTIVES>
<P>To evaluate the effectiveness of pTE and sTP for the management of cancer.</P>
</ABS_OBJECTIVES>
    <ABS_SEARCH_STRATEGY>
<P>We searched CENTRAL (<I>The Cochrane Library </I>2010, Issue 3), MEDLINE, EMBASE, AMED, BIOETHICSLINE, BIOSIS, CATLINE, CISCOM, HEALTHSTAR, HTA, SOMED and LILACS (to February 2010).</P>
</ABS_SEARCH_STRATEGY>
    <ABS_SELECTION_CRITERIA>
<P>Randomised trials of pTE or sTP in addition to chemotherapy or radiotherapy, or both, compared to the same regimen with placebo or no additional treatment in adult cancer patients.</P>
</ABS_SELECTION_CRITERIA>
    <ABS_DATA_COLLECTION>
<P>Two authors independently extracted data from published trials. We derived odds ratios (OR) from overall survival (OS) and disease-free survival (DFS) rates, tumour response (TR) rates, and rates of adverse effects (AE) related to antineoplastic treatments. We used a random-effects model for meta-analysis.</P>
</ABS_DATA_COLLECTION>
    <ABS_RESULTS>
<P>We identified 26 trials (2736 patients). Twenty trials investigated pTE (thymostimulin or thymosin fraction 5) and six trials investigated sTP (thymopentin or thymosin α<SUB>1</SUB>). Twenty-one trials reported results for OS, six for DFS, 14 for TR, nine for AE and 10  for safety of pTE and sTP. Addition of pTE conferred no benefit on OS (RR 1.00, 95% CI 0.79 to 1.25); DFS (RR 0.97, 95% CI 0.82 to 1.16); or TR (RR 1.07, 95% CI 0.92 to 1.25). Heterogeneity was moderate to high for all these outcomes. For thymosin α<SUB>1</SUB> the pooled RR for OS was 1.21 (95% CI 0.94 to 1.56, P = 0.14), with low heterogeneity; and 3.37 (95% CI 0.66 to 17.30, P = 0.15) for DFS, with moderate heterogeneity. The pTE reduced the risk of severe infectious complications (RR 0.54, 95% CI 0.38 to 0.78, P = 0.0008; I² = 0%). The RR for severe neutropenia in patients treated with thymostimulin was 0.55 (95% CI 0.25 to 1.23,  P = 0.15). Tolerability of pTE and sTP was good. Most of the trials had at least a moderate risk of bias.</P>
</ABS_RESULTS>
    <ABS_CONCLUSIONS>
<P>Overall, we found neither evidence that the addition of pTE to antineoplastic treatment reduced the risk of death or disease progression nor that it improved the rate of tumour responses to antineoplastic treatment. For thymosin α<SUB>1</SUB>, there was a trend for a reduced risk of dying and of improved DFS. There was preliminary evidence that pTE lowered the risk of severe infectious complications in patients undergoing chemotherapy or radiotherapy.</P>
</ABS_CONCLUSIONS>
  </ABSTRACT>
</DOC>
