<?xml version="1.0"?>
<DOC>
  <TITLE>Hormonal therapy in advanced or recurrent endometrial cancer</TITLE>
  <SUMMARY>
    <SUMMARY_TITLE>The effect of hormonal treatment on advanced or recurrent endometrial cancer</SUMMARY_TITLE>
    <SUMMARY_BODY>
<P>Endometrial cancer is cancer arising from the lining of the womb. Most women with endometrial cancer are diagnosed when their tumour is still confined to the body of the womb. However, about 10% of women with endometrial cancer are diagnosed when the disease is already at an advanced stage. The latter group of patients tend to have much poorer survival.</P>
<P>Treatment of women with advanced or recurrent endometrial cancer is challenging because often they suffer from other diseases and aggressive chemotherapy with or without surgery may not be beneficial or may even be harmful. Hormonal therapy in these cases is thought to be easily administered and to cause fewer side effects than systemic chemotherapy (standard treatment).</P>
<P>The purpose of this review was to assess the available literature on the effect of hormonal treatment on the survival of patients with advanced or recurrent endometrial cancer. We found six randomised controlled trials (RCTs) that assessed hormonal treatment in various forms and combinations in 542 eligible patients. We found insufficient evidence to suggest that hormonal therapy improves survival in these patients.</P>
<P>The main limitations of the review were the small number of patients included in the RCTs, the diversity of both the patient population and the hormonal agents used and the fact that quality of life was not reported in any of the trials. The quality of life with treatment is especially important for a condition that has a poor survival rate.</P>
</SUMMARY_BODY>
  </SUMMARY>
  <ABSTRACT>
    <ABS_BACKGROUND>
<P>Endometrial cancer is a cancer of the lining of the womb
 
and worldwide is the seventh most common cancer in women. Treatment with hormones is thought to be beneficial in patients with endometrial cancer. </P>
</ABS_BACKGROUND>
    <ABS_OBJECTIVES>
<P>To assess the indications, effectiveness and safety of hormone therapy for advanced or recurrent epithelial endometrial cancer.</P>
</ABS_OBJECTIVES>
    <ABS_SEARCH_STRATEGY>
<P>We searched the Cochrane Gynaecological Cancer Group Trials Register, MEDLINE, EMBASE up to May 2009 and and CENTRAL (Issue 2, 2009). We also searched registers of clinical trials, abstracts of scientific meetings, reference lists of included studies, and contacted experts in the field.</P>
</ABS_SEARCH_STRATEGY>
    <ABS_SELECTION_CRITERIA>
<P>Randomised controlled trials (RCTs) that studied hormonal therapy in adult women diagnosed with advanced or recurrent endometrial cancer.</P>
</ABS_SELECTION_CRITERIA>
    <ABS_DATA_COLLECTION>
<P>Two review authors independently abstracted data and assessed risk of bias. Comparisons were restricted to single-trial analyses so we did not synthesise data in meta-analyses.</P>
</ABS_DATA_COLLECTION>
    <ABS_RESULTS>
<P>We found six trials (542 participants) that met our inclusion criteria. These trials assessed the effectiveness of hormonal therapy in women with advanced or recurrent endometrial cancer as a single agent, as part of combination therapy and as low versus high dose. </P>
<P>All comparisons were restricted to single-trial analyses, where we found no evidence that hormonal therapy as a single agent or as a combination treatment prolonged overall or five-year disease-free survival of women with advanced or recurrent endometrial cancer. However, low-dose hormonal therapy may have had a benefit in terms of overall and progression-free survival (PFS) compared to high-dose hormonal therapy (HR 1.31, 95% CI 1.04 to 1.66 and HR 1.35, 95% CI 1.07 to 1.71 for overall and PFS, respectively).</P>
</ABS_RESULTS>
    <ABS_CONCLUSIONS>
<P>We found insufficient evidence that hormonal treatment in any form, dose or as part of combination therapy improves the survival of patients with advanced or recurrent endometrial cancer. However, a large number of patients would be needed to demonstrate an effect on survival and none of the included RCTs had a sufficient number of patients to demonstrate a significant difference. In the absence of a proven survival advantage and the heterogeneity of patient populations, the decision to use any type of hormonal therapy should be individualised and with the intent to palliate the disease. It is debatable whether outcomes such as quality of life, treatment response or palliative measures such as relieving symptoms should take preference over overall and PFS as the major objectives of future trials.</P>
</ABS_CONCLUSIONS>
  </ABSTRACT>
</DOC>
