<?xml version="1.0"?>
<DOC>
  <TITLE LABEL="Review Title">Perioperative enhanced recovery programmes for gynaecological cancer patients</TITLE>
  <SUMMARY>
    <SUMMARY_TITLE>Perioperative enhanced recovery programmes for women with gynaecological cancer</SUMMARY_TITLE>
    <SUMMARY_BODY>
<P>Gynaecological cancers lead to a significant amount of morbidity and mortality internationally. In recent years, a trend towards new perioperative care strategies has been documented. These 'Fast Track (FT) surgery' or 'Enhanced Recovery Programmes' replace traditional approaches in surgical care management. The FT multimodal programmes may enhance the postoperative recovery period by reducing surgical stress. The review authors found no high-quality studies to support or refute the use of perioperative enhanced recovery programmes for gynaecological cancer patients.</P>
</SUMMARY_BODY>
  </SUMMARY>
  <ABSTRACT>
    <ABS_BACKGROUND>
<P>Gynaecological malignancies contribute to 10% to 15% of cancers in women internationally. In recent years, a trend towards new perioperative care strategies has been documented as 'Fast Track (FT) surgery', or 'Enhanced Recovery Programmes' to replace some traditional approaches in surgical care. The FT multimodal programmes may enhance the postoperative recovery by means of reducing surgical stress. This systematic review aims to assess fully the beneficial and harmful effects of FT programmes in gynaecological cancer care.</P>
</ABS_BACKGROUND>
    <ABS_OBJECTIVES>
<P>To evaluate the beneficial and harmful effects of FT programmes in gynaecological cancer care.</P>
</ABS_OBJECTIVES>
    <ABS_SEARCH_STRATEGY>
<P>We searched the following databases, The Cochrane Gynaecological Cancer Review Group's Trial Register, the Cochrane Central Register of Controlled Trials (CENTRAL) Issue 4, 2009, MEDLINE and EMBASE to November 2009. In addition, all reference lists of included trials were searched and experts in the gynaecological oncology community were contacted in an attempt to locate trials. This search was updated and re-run in May 2012 and November 2014.</P>
</ABS_SEARCH_STRATEGY>
    <ABS_SELECTION_CRITERIA>
<P>All randomised controlled trials (RCTs) comparing any type of FT programmes for surgery in gynaecological cancer to conventional recovery strategies were included. </P>
</ABS_SELECTION_CRITERIA>
    <ABS_DATA_COLLECTION>
<P>Two review authors independently screened studies for inclusion. Since no RCTs were identified, data collection and analysis could not be performed.<BR/>
</P>
</ABS_DATA_COLLECTION>
    <ABS_RESULTS>
<P>No studies were identified that met the inclusion criteria.</P>
</ABS_RESULTS>
    <ABS_CONCLUSIONS>
<P>We currently have no evidence from high-quality studies to support or refute the use of perioperative enhanced recovery programmes for gynaecological cancer patients. Further well-designed RCTs with standard FT programmes are needed. This review has been updated in 2012 and 2014. The results of the original review published in 2010 remain unchanged.</P>
</ABS_CONCLUSIONS>
  </ABSTRACT>
</DOC>
