<?xml version="1.0"?>
<DOC>
  <TITLE LABEL="Review Title">Immunotherapy for recurrent miscarriage</TITLE>
  <SUMMARY>
    <SUMMARY_TITLE>Immunotherapy for recurrent miscarriage</SUMMARY_TITLE>
    <SUMMARY_BODY>
<P>Immunotherapy does not lower the risk of future miscarriage in women who repeatedly miscarry.</P>
<P>
<B>Background<BR/>
</B>Recurrent miscarriage is three or more consecutive early miscarriages. One theory is that for some women, this might be caused by an immune system response to the embryo or fetus. Therapies that try to immunize the woman against the 'foreign' cells of a future pregnancy have been tried. Immunotherapies have included white blood cells (leukocytes) from the woman's partner or a donor, products derived from early embryos (trophoblast membranes), or antibodies derived from blood (immunoglobulin).</P>
<P>
<B>Review question<BR/>
</B>We sought to determine whether immunological treatments would improve the chance of live births in women with a history of recurrent miscarriage.<BR/>
<BR/>
<B>Study characteristics<BR/>
</B>We included 20 randomized controlled trials involving 1137 women, which took place from 1985 and 2004 in 11 countries. The trials examined four different forms of immunotherapy: immunization using white blood cells from the woman's partner (12 trials, 641 women), white blood cells from a third-party donor (three trials, 156 women), products derived from early embryos (one trial, 37 women), or antibodies derived from blood (intravenous immunoglobulin) (eight trials 303 women).</P>
<P>
<B>Quality of the evidence and conclusions<BR/>
</B>Overall, we considered the risk of bias for the majority of included studies to be low.</P>
<P>The review of trials found that none of these treatments provided a significant beneficial effect over placebo in improving the live birth rate or lowered the risk of future miscarriage in women who have recurrent miscarriages.</P>
</SUMMARY_BODY>
  </SUMMARY>
  <ABSTRACT>
    <ABS_BACKGROUND>
<P>Because immunological aberrations might be the cause of miscarriage in some women, several immunotherapies have been used to treat women with otherwise unexplained recurrent pregnancy loss. </P>
</ABS_BACKGROUND>
    <ABS_OBJECTIVES>
<P>The objective of this review was to assess the effects of any immunotherapy, including paternal leukocyte immunization and intravenous immunoglobulin on the live birth rate in women with previous unexplained recurrent miscarriages.</P>
</ABS_OBJECTIVES>
    <ABS_SEARCH_STRATEGY>
<P>We searched the Cochrane Pregnancy and Childbirth Group's Trials Register (11 February 2014) and reference lists of retrieved studies.</P>
</ABS_SEARCH_STRATEGY>
    <ABS_SELECTION_CRITERIA>
<P>Randomized trials of immunotherapies used to treat women with three or more prior miscarriages and no more than one live birth after, in whom all recognized non-immunologic causes of recurrent miscarriage had been ruled out and no simultaneous treatment was given.</P>
</ABS_SELECTION_CRITERIA>
    <ABS_DATA_COLLECTION>
<P>The review author and the two co-authors independently extracted data and assessed study quality for all studies considered for this review. </P>
</ABS_DATA_COLLECTION>
    <ABS_RESULTS>
<P>Twenty trials of high quality were included. The various forms of immunotherapy did not show significant differences between treatment and control groups in terms of subsequent live births: paternal cell immunization (12 trials, 641 women), Peto odds ratio (Peto OR) 1.23, 95% confidence interval (CI) 0.89 to 1.70; third-party donor cell immunization (three trials, 156 women), Peto OR 1.39, 95% CI 0.68 to 2.82; trophoblast membrane infusion (one trial, 37 women), Peto OR 0.40, 95% CI 0.11 to 1.45; or intravenous immunoglobulin, (eight trials, 303 women), Peto OR 0.98, 95% CI 0.61 to 1.58.</P>
</ABS_RESULTS>
    <ABS_CONCLUSIONS>
<P>Paternal cell immunization, third-party donor leukocytes, trophoblast membranes, and intravenous immunoglobulin provide no significant beneficial effect over placebo in improving the live birth rate.</P>
</ABS_CONCLUSIONS>
  </ABSTRACT>
</DOC>
