<?xml version="1.0"?>
<DOC>
  <TITLE LABEL="Review Title">Number of embryos for transfer following in vitro fertilisation or intra-cytoplasmic sperm injection</TITLE>
  <SUMMARY>
    <SUMMARY_TITLE>Number of embryos for transfer in women undergoing assisted reproductive technology (ART)</SUMMARY_TITLE>
    <SUMMARY_BODY>
<P>Review question:</P>
<P>How many embryos should be transferred in couples undergoing ART?</P>
<P>Background:</P>
<P>Multiple pregnancy creates serious health risks for the mother (such as premature labour, diabetes and high blood pressure) and for the babies, who are at much higher risk than single babies of problems including premature birth, low birth weight, cerebral palsy and perinatal death. Single embryo transfer is now being seriously considered in order to reduce multiple pregnancies but this needs to be balanced against the risk of lowering the overall live birth rate. Researchers in The Cochrane Collaboration reviewed the evidence about the number of embryos transferred in women undergoing ART. The search is current to July 2013.</P>
<P>Study characteristics:</P>
<P>We found 14 randomised controlled trials with a total of 2165 participants. Most were not commercially funded.</P>
<P>Key findings:</P>
<P>
<I>Double versus repeated single embryo transfer</I>
</P>
<P>Based on low quality evidence, there was no indication that overall live birth rates differed substantially when <I>repeated</I> single embryo transfer (either two cycles of single embryo transfer or one cycle of single embryo transfer followed by transfer of a single frozen embryo in a natural or hormone-stimulated cycle) was compared with double embryo transfer. The evidence suggested that for a woman with a 42% chance of live birth following a single cycle of double embryo transfer, the chance following repeated single embryo transfer would be between 31% and 44%. The risk of multiple birth was very much lower in the single embryo transfer group: for a woman with a 13% risk of multiple pregnancy following a single cycle of double embryo transfer, the estimated risk following a repeated single transfer was between 0% and 2%.</P>
<P>
<I>Double versus single embryo transfer</I>
</P>
<P>We found high quality evidence that the chances of live birth were lower after one cycle of fresh single embryo transfer than after one cycle of fresh double embryo transfer. For a woman with a 45% chance of live birth following a single cycle of double embryo transfer, the chance following a single cycle of single embryo transfer was between 24% and 33%. However, the risk of twins was about seven times higher after double embryo transfer.</P>
<P>Conclusion:</P>
<P>Repeated single embryo transfer appears the best option for most women undergoing ART. Most of the evidence currently available concerns younger women with a good prognosis.</P>
</SUMMARY_BODY>
  </SUMMARY>
  <ABSTRACT>
    <ABS_BACKGROUND>
<P>Multiple embryo transfer during in vitro fertilisation (IVF) increases multiple pregnancy rates causing maternal and perinatal morbidity. Single embryo transfer is now being seriously considered as a means of minimising the risk of multiple pregnancy. However, this needs to be balanced against the risk of jeopardising the overall live birth rate.</P>
</ABS_BACKGROUND>
    <ABS_OBJECTIVES>
<P>To evaluate the effectiveness and safety of different policies for the number of embryos transferred in couples who undergo assisted reproductive technology (ART).</P>
</ABS_OBJECTIVES>
    <ABS_SEARCH_STRATEGY>
<P>We searched the Cochrane Menstrual Disorders and Subfertility Group Trials Register, the Cochrane Central Register of Controlled Trials (CENTRAL), MEDLINE and EMBASE, from inception to July 2013. We handsearched reference lists of articles, trial registers and relevant conference proceedings and contacted researchers in the field.</P>
</ABS_SEARCH_STRATEGY>
    <ABS_SELECTION_CRITERIA>
<P>We included randomised controlled trials (RCTs) comparing different policies for the number of embryos transferred following IVF or intra-cytoplasmic sperm injection (ICSI) in subfertile women. Studies of fresh or frozen and thawed transfer of one, two, three or four embryos at cleavage or blastocyst stage were eligible.</P>
</ABS_SELECTION_CRITERIA>
    <ABS_DATA_COLLECTION>
<P>Two review authors independently assessed trial eligibility and risk of bias and extracted the data. The overall quality of the evidence was graded in a summary of findings table.</P>
</ABS_DATA_COLLECTION>
    <ABS_RESULTS>
<P>Fourteen RCTs were included in the review (2165 women). Thirteen compared cleavage-stage transfers (2017 women) and two compared blastocyst transfers (148 women): one study compared both. No studies compared repeated single versus repeated multiple embryo transfer (SET).</P>
<P>
<I>Repeated SET versus DET</I>
</P>
<P>Repeated SET was compared with DET in three studies of cleavage-stage transfer. In these studies the SET group received either two cycles of fresh SET (one study) or one cycle of fresh SET followed by one frozen SET in a natural or hormone-stimulated cycle (two studies). When these three studies were pooled, the cumulative live birth rate after repeated SET was not significantly different from the rate after one cycle of DET (OR 0.82, 95% CI 0.62 to 1.09, three studies, n=811, I<SUP>2</SUP>=0%, low quality evidence). This suggests that for a woman with a 42% chance of live birth following a single cycle of DET, the chance following repeated SET would be between 31% and 44%. The multiple pregnancy rate was significantly lower in the SET group (OR 0.03, 95% CI 0.01 to 0.13, three RCTs, n = 811, I<SUP>2 </SUP>= 23%, low quality evidence), suggesting that for a woman with a 13% risk of multiple pregnancy following a single cycle of DET, the risk following repeated SET would be between 0% and 2%.</P>
<P>
<I>Single-cycle SET versus single-cycle DET</I>
</P>
<P>A single cycle of SET was compared with a single cycle of DET in 10 studies, nine comparing cleavage-stage transfers and two comparing blastocyst-stage transfers. When studies were pooled the live birth rate was significantly lower in the SET group (OR 0.48, 95% CI 0.39 to 0.60, nine studies, n = 1564, I<SUP>2 </SUP>= 0%, high quality evidence). This suggests that for a woman with a 45% chance of live birth following a single cycle of DET, the chance following a single cycle of SET would be between 24% and 33%. The multiple pregnancy rate was also significantly lower in the SET group (OR 0.12, 95% CI 0.07 to 0.20, 10 studies, n = 1612, I<SUP>2 </SUP>= 45%, high quality evidence), suggesting that for a woman with a 14% risk of multiple pregnancy following a single cycle of DET, the risk following a single cycle of SET would be between 1% and 3%. The heterogeneity for this analysis was attributable to a study with a high rate of cross-over between treatment arms.</P>
<P>
<I>Other comparisons</I>
</P>
<P>Other comparisons were evaluated in four studies which compared DET versus transfer of three or four embryos. Live birth rates did not differ significantly between the groups for any comparison, but there was a significantly lower multiple pregnancy rate in the DET group than in the three embryo transfer (TET) group (OR 0.36, 95% CI 0.13 to 0.99, two studies, n = 343, I<SUP>2 </SUP>= 0%).</P>
</ABS_RESULTS>
    <ABS_CONCLUSIONS>
<P>In a single fresh IVF cycle, single embryo transfer is associated with a lower live birth rate than double embryo transfer. However, there is no evidence of a significant difference in the cumulative live birth rate when a single cycle of double embryo transfer is compared with repeated SET (either two cycles of fresh SET or one cycle of fresh SET followed by one frozen SET in a natural or hormone-stimulated cycle). Single embryo transfer is associated with much lower rates of multiple pregnancy than other embryo transfer policies. A policy of repeated SET may minimise the risk of multiple pregnancy in couples undergoing ART without substantially reducing the likelihood of achieving a live birth. Most of the evidence currently available concerns younger women with a good prognosis.</P>
</ABS_CONCLUSIONS>
  </ABSTRACT>
</DOC>
