<?xml version="1.0"?>
<DOC>
  <TITLE LABEL="Review Title">Pain relief for women with cervical intraepithelial neoplasia undergoing colposcopy treatment</TITLE>
  <SUMMARY>
    <SUMMARY_TITLE>Pain relief for women with pre-cancerous changes of the cervix (cervical intraepithelial neoplasia (CIN)) undergoing outpatient treatment</SUMMARY_TITLE>
    <SUMMARY_BODY>
<P>Treatment for CIN is usually undertaken in an outpatient colposcopy clinic to remove the pre-cancerous cells from the cervix. It commonly involves lifting the cells off the cervix with electrically heated wire (diathermy) or laser, or destroying the abnormal cells with freezing methods (cryotherapy). This is potentially a painful procedure. The purpose of this review is to determine which, if any, pain relief should be used during cervical colposcopy treatment. We identified 17 trials and these reported different forms of pain relief before, during and after colposcopy. Evidence from two small trials showed that women having a colposcopy treatment had less pain and blood loss if the cervix was injected with a combination of a local anaesthetic drug and a drug that causes blood vessels to constrict (narrow), compared with placebo. Although taking oral pain-relieving drugs (e.g. ibuprofen) before treatment on the cervix in the colposcopy clinic is recommended by most guidelines, evidence from two small trials did not show that this practice reduced pain during the procedure. Most of the evidence in this field is of a low to moderate quality and further research may change these findings.</P>
<P>Additionally, we were unable to obtain evidence with regards to dosage of the local anaesthetic drug or method of administering local anaesthetic into the cervix. There is need for high-quality trials with sufficient numbers of participants in order to provide the data necessary to estimate these effects.</P>
</SUMMARY_BODY>
  </SUMMARY>
  <ABSTRACT>
    <ABS_BACKGROUND>
<P>Pre-cancerous lesions of cervix (cervical intraepithelial neoplasia (CIN)) are usually treated with excisional or ablative procedures. In the UK, the NHS cervical screening guidelines suggest that over 80% of treatments should be performed in an outpatient setting (colposcopy clinics). Furthermore, these guidelines suggest that analgesia should always be given prior to laser or excisional treatments. Currently various pain relief strategies are employed that may reduce pain during these procedures.</P>
</ABS_BACKGROUND>
    <ABS_OBJECTIVES>
<P>The aim of this review was to assess whether the administration of pain relief reduced pain during colposcopy treatment and in the postoperative period.</P>
</ABS_OBJECTIVES>
    <ABS_SEARCH_STRATEGY>
<P>We searched the Cochrane Gynaecological Cancer Review Group Specialised Register, Cochrane Central Register of Controlled Trials (CENTRAL - May 2011) (2011, Issue 2), MEDLINE (1950 to May week 2, 2011), EMBASE (1980 to week 20, 2011) for studies of any design relating to analgesia for colposcopic management. We also searched registers of clinical trials, abstracts of scientific meetings, reference lists of included studies and contacted experts in the field.</P>
</ABS_SEARCH_STRATEGY>
    <ABS_SELECTION_CRITERIA>
<P>Randomised controlled trials (RCTs) that compared all types of pain relief before, during or after outpatient treatment to the cervix, in adult women with CIN undergoing loop excision, laser ablation, laser excision or cryosurgery in an outpatient colposcopy clinic setting.</P>
</ABS_SELECTION_CRITERIA>
    <ABS_DATA_COLLECTION>
<P>We independently assessed study eligibility, extracted data and assessed risk of bias. We entered data into RevMan and double checked it for accuracy. Where possible, the results were expressed as mean pain score and standard error of the mean with 95% confidence intervals (CI) and the data were synthesised in a meta-analysis.</P>
</ABS_DATA_COLLECTION>
    <ABS_RESULTS>
<P>We included 17 RCTs (1567 women) of varying methodological quality in the review. These trials compared a variety of interventions aimed at reducing pain in women who underwent treatment for CIN, including cervical injection with lignocaine alone, lignocaine with adrenaline, prilocaine with felypressin, oral analgesics (non-steroidal anti-inflammatory drugs (NSAIDs)), inhalation analgesia (gas mixture of isoflurane and desflurane), lignocaine spray, cocaine spray, local application of benzocaine gel, lignocaine-prilocaine cream (EMLA cream) and transcutaneous electrical nerve stimulation (TENS).</P>
<P>Most comparisons were restricted to single trial analyses and were under-powered to detect differences in pain scores between treatments that may or may not have been present. There was no significant difference in pain relief between women who received local anaesthetic infiltration (lignocaine 2%; administered as a paracervical or direct cervical injection) and a saline placebo (2 trials; 130 women; MD -13.74; 95% CI -34.32 to 6.83). However, when local anaesthetic was combined with a vasoconstrictor agent (one trial used lignocaine combined with adrenaline while the second trial used prilocaine combined with felypressin), significantly less pain (on visual analogue scores) occurred compared with no treatment (2 trials; 95 women; MD -23.73; 95% CI -37.53 to -9.93). Comparing two preparations of local anaesthetic plus vasoconstrictor, prilocaine combined with felypressin did not differ from lignocaine combined with adrenaline for its effect on pain control (1 trial; 200 women; MD -0.05; 95% CI -0.26 to 0.16). Although the mean observed blood loss score was less with lignocaine plus adrenaline (1.33 ± 1.05) as compared with prilocaine plus felypressin (1.74 ± 0.98), the difference was not clinically significant as the overall scores in both groups were low (1 trial; 200 women; MD 0.41; 95% CI 0.13 to 0.69). Inhalation of gas mixture (isoflurane and desflurane) in addition to standard cervical injection with prilocaine plus felypressin<B> </B>resulted in significantly less pain during the LLETZ (loop excision of the transformation zone) procedure (1 trial; 389 women; MD -7.20; 95% CI -12.45 to -1.95). Lignocaine plus ornipressin resulted in significantly less measured blood loss (1 trial; 100 women; MD -8.75; 95% CI -10.43 to -7.07) and a shorter duration of treatment (1 trial; 100 women; MD -7.72; 95% CI -8.49 to -6.95) than cervical infiltration with lignocaine alone.</P>
<P>One meta-analysis found no statistically significant difference in pain using visual analogue scores between women who received oral analgesic and those who received placebo (2 trials; 129 women; MD -3.51; 95% CI -10.03 to 3.01; <A HREF="006.01">Analysis 6.1</A>).</P>
<P>Cocaine spray was associated with significantly less pain (1 trial; 50 women; MD -28; 95% CI -37.86 to -18.14) and blood loss (1 trial; 50 women; MD 0.04; 95% CI 0 to 0.70) than placebo.</P>
<P>No serious adverse events were reported in any of the trials and majority of trials were at moderate or high risk of bias (n = 12).</P>
</ABS_RESULTS>
    <ABS_CONCLUSIONS>
<P>Based on two small trials, there was no significant difference in pain relief in women receiving oral analgesics compared with placebo or no treatment (129 women; MD -3.51; 95% CI -10.03 to 3.01). We consider this evidence to be of a low to moderate quality. In routine clinical practice, intracervical injection of local anaesthetic with a vasoconstrictor (lignocaine plus adrenaline or prilocaine plus felypressin) appears to be the optimum analgesia for treatment. However, further high-quality, adequately powered trials should be undertaken in order to provide the data necessary to estimate the efficacy of oral analgesics, the optimal route of administration and dose of local anaesthetics.</P>
</ABS_CONCLUSIONS>
  </ABSTRACT>
</DOC>
