<?xml version="1.0"?>
<DOC>
  <TITLE>Elective versus symptomatic intravenous antibiotic therapy for cystic fibrosis</TITLE>
  <SUMMARY>
    <SUMMARY_TITLE>Elective (regular) versus symptomatic intravenous antibiotic therapy for cystic fibrosis</SUMMARY_TITLE>
    <SUMMARY_BODY>
<P>Chronic infection of the airways by <I>Pseudomonas aeruginosa</I> in people with cystic fibrosis is associated with deterioration in respiratory function. Intravenous antibiotics are the standard therapy for pulmonary exacerbations caused by this micro-organism. Many centres advocate the use of elective (regular) three-monthly antibiotics to reduce the frequency of exacerbations and therefore slow the deterioration of lung function. Alternatively, intravenous antibiotics are only prescribed when symptoms indicate. Elective therapy may encourage multi-resistance to antibiotics. This review aimed to identify randomised and quasi-randomised controlled trials that evaluated the results of the two different approaches. No clear conclusions were identified. This review will no longer be regularly updated. Searches will still be undertaken on a two-yearly basis by the Cochrane Cystic Fibrosis &amp; Genetic Disorders Group. If, in future, relevant trials are identified, the review will be updated again.</P>
</SUMMARY_BODY>
  </SUMMARY>
  <ABSTRACT>
    <ABS_BACKGROUND>
<P>
<I>Pseudomonas aeruginosa</I> is the commonest micro-organism associated with respiratory infections in cystic fibrosis. Retrospective studies have suggested that using an aggressive policy of intravenous anti-pseudomonal antibiotics at regular intervals, irrespective of symptoms, increases survival.</P>
</ABS_BACKGROUND>
    <ABS_OBJECTIVES>
<P>To determine whether there is evidence that an elective (regular) versus symptomatic intravenous antibiotic regimen is associated with an improvement in clinical status and survival rates in people with cystic fibrosis. To identify any adverse effects associated with the use of elective intravenous antibiotics, including an increase in the development of resistant organisms.</P>
</ABS_OBJECTIVES>
    <ABS_SEARCH_STRATEGY>
<P>We searched the Cochrane Cystic Fibrosis and Genetic Disorders Group Trials Register which comprises references identified from comprehensive electronic database searches, handsearches of relevant journals and abstract books of conference proceedings.</P>
<P>Date of the most recent search of the Group's Cystic Fibrosis Trials Register: 15 March 2012.</P>
</ABS_SEARCH_STRATEGY>
    <ABS_SELECTION_CRITERIA>
<P>All randomised or quasi-randomised controlled trials describing the use of elective compared with symptomatic intravenous antibiotic policies for any duration or dose regimen. Elective versus symptomatic intravenous antibiotic regimens against any organisms were considered. People with cystic fibrosis of any age or disease severity were included.</P>
</ABS_SELECTION_CRITERIA>
    <ABS_DATA_COLLECTION>
<P>Both authors independently assessed trial eligibility and quality; both extracted the data. </P>
</ABS_DATA_COLLECTION>
    <ABS_RESULTS>
<P>Searches identified four studies. Two studies reporting results from a total of 79 participants were included in the review. Differences in study design and objectives meant that data could not be pooled for meta-analysis. Neither study demonstrated significant differences in outcome measures between intervention and comparison groups.</P>
</ABS_RESULTS>
    <ABS_CONCLUSIONS>
<P>Studies are insufficient to identify conclusive evidence favouring a policy of elective intravenous antibiotic administration, despite its widespread use, neither are the potential risks adequately evaluated. The results should be viewed with caution, as participant numbers are small. Clearly there is a need for a well-designed, adequately-powered, multicentred randomised controlled trial to evaluate these issues.</P>
<P>This review will no longer be regularly updated. Searches will still be undertaken on a two-yearly basis by the Cochrane Cystic Fibrosis &amp; Genetic Disorders Group. If, in future, relevant trials are identified, the review will be updated again.</P>
</ABS_CONCLUSIONS>
  </ABSTRACT>
</DOC>
