<?xml version="1.0"?>
<DOC>
  <TITLE LABEL="Review Title">Adherence compounds in embryo transfer media for assisted reproductive technologies</TITLE>
  <SUMMARY>
    <SUMMARY_TITLE>Adherence compounds in embryo transfer media for assisted reproductive technologies</SUMMARY_TITLE>
    <SUMMARY_BODY>
<P>
<B>
<U>Review question</U>
</B>
</P>
<P>Cochrane review authors assessed the effect of the addition of adherence compounds in embryo transfer media on fertility outcomes.</P>
<P>
<B>
<U>Background</U>
</B>
</P>
<P>Couples who have trouble getting pregnant are able to make use of fertility treatments such as in vitro fertilisation (IVF) and intracytoplasmic sperm injection (ICSI). Over the years, much research has been performed to determine whether there are ways to increase the success rate of such treatments. One area of research has focused on the medium in which embryos are transferred back into the uterus. Adherence compounds have been added to the embryo transfer medium in attempts to increase the chance of the embryo adhering to the uterus, with a greater chance of pregnancy and the birth of a healthy newborn as a result. Many studies of these adherence compounds have been undertaken with some positive and negative results.</P>
<P>
<B>
<U>Study characteristics</U>
</B>
</P>
<P>Seventeen randomised controlled trials (3898 participants) were included in the review. One studied fibrin sealant, and the other 16 studied HA. Investigators compared embryo transfer in a medium containing high versus low or no hyaluronic acid and in a medium containing fibrin sealant versus transfer in a medium with no fibrin sealant. Outcomes reported included live birth rates, clinical pregnancy rates, implantation rates, multiple pregnancy rates and other adverse events. The mean age of the women ranged from 27.5 to 35.7 years. The evidence gathered is current to November 2013.</P>
<P>
<B>
<U>Key results</U>
</B>
</P>
<P>Analysis of the 16 studies that were identified using functional concentrations of HA showed an increase in the chances of pregnancy and live birth (450 vs 367 per 1000) but also an increase in the chance of the more risky outcome of multiple pregnancy (282 vs 175 per 1000). This increase in multiple pregnancy rate may be the result of improved pregnancy outcomes due to the addition of the adherence compound and the policy of transferring more than one embryo back into the uterus.</P>
<P>
<B>
<U>Quality of the evidence</U>
</B>
</P>
<P>Evidence obtained for these comparisons was of moderate quality. It is important to note that evidence of a higher delivery rate was not found in all analyses; however, it was found in the overall meta-analysis. Based on the single identified study that used fibrin sealant, no evidence indicates that the addition of this compound to an embryo transfer medium improved pregnancy outcomes.</P>
</SUMMARY_BODY>
  </SUMMARY>
  <ABSTRACT>
    <ABS_BACKGROUND>
<P>This is an update of a Cochrane review first published in <I>The Cochrane Library</I> (2010, Issue 7).</P>
<P>To increase the success rate of assisted reproductive technologies (ART), adherence compounds such as hyaluronic acid (HA) and fibrin sealant have been introduced into subfertility management. Adherence compounds are added to the embryo transfer medium to increase the likelihood of embryo implantation, with the potential for higher clinical pregnancy and live birth rates.</P>
</ABS_BACKGROUND>
    <ABS_OBJECTIVES>
<P>To determine whether embryo transfer media containing adherence compounds improved live birth and pregnancy rates in ART cycles.</P>
</ABS_OBJECTIVES>
    <ABS_SEARCH_STRATEGY>
<P>The Menstrual Disorders and Subfertility Group Trials Register, the Cochrane Central Register of Controlled Trials (CENTRAL) and MEDLINE, EMBASE and PsycINFO electronic databases were searched (up to 13 November 2013) to look for publications that described randomised controlled trials on the addition of adherence compounds to embryo transfer media. Furthermore, reference lists of all obtained studies were checked, and conference abstracts were handsearched.</P>
</ABS_SEARCH_STRATEGY>
    <ABS_SELECTION_CRITERIA>
<P>Only truly randomised controlled trials comparing embryo transfer media containing functional (e.g. 0.5 mg/ml HA) concentrations of adherence compounds versus transfer media containing low or no concentrations of adherence compounds were included. The adherence compounds that were identified for evaluation were HA and fibrin sealant.</P>
</ABS_SELECTION_CRITERIA>
    <ABS_DATA_COLLECTION>
<P>Two review authors selected trials for inclusion according to the above criteria, after which two review authors independently extracted the data for subsequent analysis. Statistical analysis was performed in accordance with the guidelines developed by The Cochrane Collaboration.</P>
</ABS_DATA_COLLECTION>
    <ABS_RESULTS>
<P>Seventeen studies with a total of 3898 participants were analysed. One studied fibrin sealant, and the other 16 studied HA. No evidence was found of a treatment effect of fibrin sealant as an adherence compound. For HA, evidence of a positive treatment effect was identified in the six trials that reported live birth rates (odds ratio (OR) 1.41, 95% confidence interval (CI) 1.17 to 1.69; six RCTs, N = 1950, I<SUP>2</SUP> = 0%, moderate-quality evidence). Furthermore, the 14 trials reporting clinical pregnancy rates showed evidence of treatment benefit when embryos were transferred in media containing functional concentrations of HA (OR 1.39, 95% CI 1.21 to 1.60; 14 RCTs, N = 3452, I<SUP>2</SUP> = 46%, moderate-quality evidence) as compared with low or no use of HA. The multiple pregnancy rate (OR 1.86, 95% CI 1.49 to 2.31; five RCTs, N = 1951, I<SUP>2</SUP> = 0%, moderate-quality evidence) was significantly increased in the high HA group, but no significant differences in adverse event rates were found (OR 0.74, 95% CI 0.49 to 1.12; four RCTs, N = 1525, I<SUP>2</SUP> = 0%, moderate-quality evidence).</P>
</ABS_RESULTS>
    <ABS_CONCLUSIONS>
<P>Evidence suggests improved clinical pregnancy and live birth rates with the use of functional concentrations of HA as an adherence compound in ART cycles. However, the evidence obtained is of moderate quality. The increase in multiple pregnancy rate may be the result of use of a combination of an adherence compound and a policy of transferring more than one embryo. Further studies of adherence compounds with single embryo transfer need to be undertaken.</P>
</ABS_CONCLUSIONS>
  </ABSTRACT>
</DOC>
