<?xml version="1.0"?>
<DOC>
  <TITLE>Antibiotic prophylaxis for preventing meningitis in patients with basilar skull fractures</TITLE>
  <SUMMARY>
    <SUMMARY_TITLE>Antibiotics to prevent infection of the brain coverings (meningitis) in patients with basilar skull fracture</SUMMARY_TITLE>
    <SUMMARY_BODY>
<P>
<B>Review question</B>
</P>
<P>Is it beneficial for patients with basilar skull fractures to receive a course of intravenous antibiotics?</P>
<P>
<B>Background</B>
</P>
<P>Basilar skull fracture (7% to 15.8% of all skull fractures) places the central nervous system in contact with bacteria from the nose and throat and may be associated with cerebrospinal fluid leakage (occurring in 2% to 20.8% of patients). Blood or watery discharge from the nose or ears, bruising behind the ear or around the eyes, hearing loss, inability to perceive odours or facial asymmetry may lead physicians to the diagnosis of basilar skull fracture. Patients with a basilar skull fracture may develop meningitis and some doctors give antibiotics in an attempt to reduce this risk.</P>
<P>
<B>Study characteristics</B>
</P>
<P>This review examined five randomised controlled trials, comprising a total of 208 participants with basilar skull fracture, which compared those who received preventive antibiotic therapy with those who did not receive antibiotics, to establish how many participants developed meningitis. The evidence is current to June 2014.</P>
<P>
<B>Key results</B>
</P>
<P>The available data did not support the use of prophylactic antibiotics, as there is no proven benefit of such therapy. There was a possible adverse effect of increased susceptibility to infection with more pathogenic (disease-causing) organisms. We suggest that research is needed to address this question, as there are too few studies available on this subject and they have overall design shortcomings and small combined numbers of participants studied.</P>
<P>
<B>Quality of the evidence</B>
</P>
<P>We ranked the evidence as being of moderate quality because it is based on randomised data, although with some methodological limitations in design that caused us to downgrade the quality of the trials.</P>
</SUMMARY_BODY>
  </SUMMARY>
  <ABSTRACT>
    <ABS_BACKGROUND>
<P>Basilar skull fractures predispose patients to meningitis because of the possible direct contact of bacteria in the paranasal sinuses, nasopharynx or middle ear with the central nervous system (CNS). Cerebrospinal fluid (CSF) leakage has been associated with a greater risk of contracting meningitis. Antibiotics are often given prophylactically, although their role in preventing bacterial meningitis has not been established.</P>
</ABS_BACKGROUND>
    <ABS_OBJECTIVES>
<P>To evaluate the effectiveness of prophylactic antibiotics for preventing meningitis in patients with basilar skull fractures.</P>
</ABS_OBJECTIVES>
    <ABS_SEARCH_STRATEGY>
<P>We searched CENTRAL (2014, Issue 5), MEDLINE (1966 to June week 1, 2014), EMBASE (1974 to June 2014) and LILACS (1982 to June 2014). We also performed an electronic search of meeting proceedings from the American Association of Neurological Surgeons (1997 to September 2005) and handsearched the abstracts of meeting proceedings of the European Association of Neurosurgical Societies (1995, 1999 and 2003).</P>
</ABS_SEARCH_STRATEGY>
    <ABS_SELECTION_CRITERIA>
<P>Randomised controlled trials (RCTs) comparing any antibiotic versus placebo or no intervention. We also identified non-RCTs to perform a separate meta-analysis in order to compare results.</P>
</ABS_SELECTION_CRITERIA>
    <ABS_DATA_COLLECTION>
<P>Three review authors independently screened and selected trials, assessed risk of bias and extracted data. We sought clarification with trial authors when needed. We pooled risk ratios (RRs) for dichotomous data with their 95% confidence intervals (CIs) using a random-effects model. We assessed the overall quality of evidence using the GRADE (Grades of Recommendation, Assessment, Development and Evaluation) approach.</P>
</ABS_DATA_COLLECTION>
    <ABS_RESULTS>
<P>In this update we did not identify any new trials for inclusion. We included five RCTs with 208 participants in the review and meta-analysis. We also identified 17 non-RCTs comparing different types of antibiotic prophylaxis with placebo or no intervention in patients with basilar skull fractures. Most trials presented insufficient methodological detail. All studies included meningitis in their primary outcome. When we evaluated the five included RCTs, there were no significant differences between antibiotic prophylaxis groups and control groups in terms of reduction of the frequency of meningitis, all-cause mortality, meningitis-related mortality and need for surgical correction in patients with CSF leakage. There were no reported adverse effects of antibiotic administration, although one of the five RCTs reported an induced change in the posterior nasopharyngeal flora towards potentially more pathogenic organisms resistant to the antibiotic regimen used in prophylaxis. We performed a subgroup analysis to evaluate the primary outcome in patients with and without CSF leakage. We also completed a meta-analysis of all the identified controlled non-RCTs (enrolling a total of 2168 patients), which produced results consistent with the randomised data from the included studies.</P>
<P>Using the GRADE approach, we assessed the quality of trials as moderate.</P>
</ABS_RESULTS>
    <ABS_CONCLUSIONS>
<P>Currently available evidence from RCTs does not support prophylactic antibiotic use in patients with basilar skull fractures, whether there is evidence of CSF leakage or not. Until more research is available, the effectiveness of antibiotics in patients with basilar skull fractures cannot be determined because studies published to date are flawed by biases. Large, appropriately designed RCTs are needed.</P>
</ABS_CONCLUSIONS>
  </ABSTRACT>
</DOC>
