<?xml version="1.0"?>
<DOC>
  <TITLE LABEL="Review Title">Medical interventions for high grade vulval intraepithelial neoplasia</TITLE>
  <SUMMARY>
    <SUMMARY_TITLE>Comparison of medical procedures for women diagnosed with precancerous changes of the vulva (high grade vulval intraepithelial neoplasia (VIN))</SUMMARY_TITLE>
    <SUMMARY_BODY>
<P>Vulval intraepithelial neoplasia (VIN) is a skin condition affecting the vulval skin which if left untreated may become cancerous. Distressing symptoms include itching, burning, and soreness of the vulva or painful intercourse. There may be discolouration and various other visible changes to the vulval skin. There are two types of VIN: the most common type is associated with infection of the cells of the vulva with a virus called human papilloma virus (now known as usual type VIN), whereas the other type is not associated with this viral infection (now known as differentiated VIN). VIN is becoming more common in younger women. At the moment treatments are aimed at relieving distressing symptoms and ensuring that the condition does not become cancerous. At present the most common treatment option for women with this condition is surgery to remove the affected skin areas. Surgery however does not guarantee a cure and can be disfiguring, and may result in physical and psychological problems in younger women who are sexually active. The purpose of this review was to identify any alternative therapies that can be used to treat this condition safely.</P>
<P>The medical treatments identified included topical treatments such as imiquimod, cidofovir, alpha-interferon (α-IFN), 5-fluorouracil, bleomycine and trinitrochlorobenzene or oral tablets such as indole-3-carbinol (a food additive). Only trials that examined imiquimod and indole-3-carbinol met the inclusion criteria for the review. There is evidence that VIN persists and may progress to cancer when the body's defence system (immune system) does not clear the affected cells. Most of these treatments (imiquimod, indole-3-carbinol, cidofovir and α-IFN) work by enhancing the body's immune system, but some treatments (5-fluorouracil, bleomycine and trinitrochlorobenzene) work by destroying the affected cells. Treatments such as α-IFN and 5-fluorouracil cause distressing local side effects, including painful ulceration of the vulva without proving to be effective to patients, so they are no longer used.</P>
<P>We found four relevant trials (three trials of imiquimod and one of indole-3-carbinol). Although the trials assessing imiquimod included only 104 patients they showed that imiquimod appeared to be effective and reasonably safe in treating high grade VIN. It can cause side effects such as more soreness and itching of the skin over the vulva, but not enough to stop treatment completely. The trials only followed patients for 20 weeks, six months or 12 months so we cannot comment on the longer term outcomes and whether the disease progressed to cancer after 12 months despite treatment. The trial of indole-3-carbinol compared two different doses of the medication which appeared to be safe but we cannot tell if it is as effective as imiquimod or surgery.</P>
<P>More research is needed with larger numbers of patients in order to find an alternative medical treatment for high grade VIN that is safe. Currently imiquimod appears to be reasonably safe and effective but patients need to be monitored closely long term.</P>
</SUMMARY_BODY>
  </SUMMARY>
  <ABSTRACT>
    <ABS_BACKGROUND>
<P>Vulval intraepithelial neoplasia (VIN) is a pre-malignant condition of the vulval skin; its incidence is increasing in women under 50 years. VIN is graded histologically as low grade or high grade. High grade VIN is associated with infection with human papilloma virus (HPV) infection and may progress to invasive disease. There is no consensus on the optimal management of high grade VIN. The high morbidity and high relapse rate associated with surgical interventions call for a formal appraisal of the evidence available for less invasive but effective interventions for high grade VIN.</P>
</ABS_BACKGROUND>
    <ABS_OBJECTIVES>
<P>To evaluate the effectiveness and safety of medical interventions for high grade VIN.</P>
</ABS_OBJECTIVES>
    <ABS_SEARCH_STRATEGY>
<P>We searched the Cochrane Gynaecological Cancer Group Trials Register, Cochrane Central Register of Controlled Trials (CENTRAL) (<I>The Cochrane Library </I>2010, Issue 3), MEDLINE and EMBASE (up to September 2010). We also searched registers of clinical trials, abstracts of scientific meetings, reference lists of included studies and contacted experts in the field.</P>
</ABS_SEARCH_STRATEGY>
    <ABS_SELECTION_CRITERIA>
<P>Randomised controlled trials (RCTs) that assessed medical interventions, in adult women diagnosed with high grade VIN.</P>
</ABS_SELECTION_CRITERIA>
    <ABS_DATA_COLLECTION>
<P>Two review authors independently abstracted data and assessed risk of bias. Where possible the data were synthesised in a meta-analysis.</P>
</ABS_DATA_COLLECTION>
    <ABS_RESULTS>
<P>Four trials met our inclusion criteria: three assessed the effectiveness of topical imiquimod versus placebo in women with high grade VIN; one examined low versus high dose indole-3-carbinol in similar women. </P>
<P>Meta-analysis of three trials found that the proportion of women who responded to treatment at 5 to 6 months was much higher in the group who received topical imiquimod than in the group who received placebo (relative risk (RR) = 11.95, 95% confidence interval (CI) 3.21 to 44.51). A single trial showed similar results at 12 months in (RR = 9.10, 95% CI 2.38 to 34.77). Only one  trial reported adverse events, which were more common in the imiquimod group. One trial found no significant differences in quality of life (QoL) or body image between the imiquimod and placebo groups.</P>
</ABS_RESULTS>
    <ABS_CONCLUSIONS>
<P>Imiquimod appears to be effective, but its safety needs further examination. Its use is associated with side effects which are tolerable, but more extensive data on adverse effects are required. Long term follow-up should be mandatory in view of the known progression of high grade VIN to invasive disease. Alternative medical interventions, such as cidofovir, should be explored.</P>
</ABS_CONCLUSIONS>
  </ABSTRACT>
</DOC>
