<?xml version="1.0"?>
<DOC>
  <TITLE>Medically assisted nutrition for adult palliative care patients</TITLE>
  <SUMMARY>
    <SUMMARY_TITLE>Medically assisted nutrition to assist palliative care patients</SUMMARY_TITLE>
    <SUMMARY_BODY>
<P>
<B>Background</B>
</P>
<P>It is common for palliative care patients to have reduced oral intake during their illness. Management of this condition includes discussion with the patient, family and staff involved, and may include giving nutrition with medical assistance. This can be done either via a plastic tube inserted directly into a vein or into the stomach or other parts of the gastrointestinal tract. It is unknown whether this treatment helps people to feel better or live longer.</P>
<P>
<B>Study characteristics</B>
</P>
<P>We searched the international literature for randomised controlled trials looking at the effects of medically assisted nutrition in adults receiving palliative care. Randomised controlled trials allocate patients to one of two or more treatment groups in a random manner and provide the most accurate information on the best treatment. The search was conducted in April 2013 and March 2014.</P>
<P>
<B>Key results</B>
</P>
<P>We found no randomised controlled trials. As a result, it is not possible to define the benefits and harms of this treatment clearly.</P>
</SUMMARY_BODY>
  </SUMMARY>
  <ABSTRACT>
    <ABS_BACKGROUND>
<P>Many palliative care patients have a reduced oral intake during their illness. The management of this can include the provision of medically assisted nutrition with the aim of prolonging the length of life of a patient, improving their quality of life, or both. This is an updated version of the original Cochrane review published in Issue 4, 2008.<BR/>
</P>
</ABS_BACKGROUND>
    <ABS_OBJECTIVES>
<P>To determine the effect of medically assisted nutrition on the quality and length of life of palliative care patients.</P>
</ABS_OBJECTIVES>
    <ABS_SEARCH_STRATEGY>
<P>We identified studies from searching Cochrane Central Register of Controlled Trials (CENTRAL), MEDLINE, EMBASE, CINAHL, CANCERLIT, Caresearch, Dissertation abstracts, SCIENCE CITATION INDEX and the reference lists of all eligible trials, key textbooks and previous systematic reviews. The date of the latest search was 26 March 2014.</P>
</ABS_SEARCH_STRATEGY>
    <ABS_SELECTION_CRITERIA>
<P>All relevant randomised controlled trials (RCTs) or prospective controlled trials (if no RCTs were found).</P>
</ABS_SELECTION_CRITERIA>
    <ABS_DATA_COLLECTION>
<P>We found no RCTs or prospectively controlled trials that met the inclusion criteria.</P>
</ABS_DATA_COLLECTION>
    <ABS_RESULTS>
<P>The original review identified four prospective non-controlled trials and the updated search in 2014 identified one more (plus an updated version of a Cochrane review on enteral feeding in motor neuron disease). There were five prospective non-controlled trials (including one qualitative study) that studied medically assisted nutrition in palliative care participants, and one Cochrane systematic review (on motor neuron disease that found no RCTs), but no RCTs or prospective controlled studies.</P>
</ABS_RESULTS>
    <ABS_CONCLUSIONS>
<P>Since the last version of this review, we found no new studies. There are insufficient good-quality trials to make any recommendations for practice with regards to the use of medically assisted nutrition in palliative care patients.</P>
</ABS_CONCLUSIONS>
  </ABSTRACT>
</DOC>
