<?xml version="1.0"?>
<DOC>
  <TITLE>Opioids for the management of breakthrough pain in cancer patients</TITLE>
  <SUMMARY>
    <SUMMARY_TITLE>Opioids for the management of breakthrough pain in cancer patients</SUMMARY_TITLE>
    <SUMMARY_BODY>
<P>
<B>Background</B>
</P>
<P>Oral and nasal transmucosal fentanyl citrate are effective in the management of breakthrough pain. Breakthrough pain is an additional sudden brief pain that occurs despite taking regularly scheduled doses of pain medication. It is a common and debilitating component of pain in patients with cancer.</P>
<P>
<B>Study characteristics</B>
</P>
<P>We sought clinical trial evidence to determine the effectiveness of opioids in relieving breakthrough pain and the incidence of side effects in cancer patients. The evidence is current to 6 February 2013.</P>
<P>We identified 15 trials and included 1699 participants. The identified studies examined the use of oral and nasal transmucosal fentanyl citrate (an opioid medicine that relieves pain administered across the mucous membrane of either the mouth or nose) in breakthrough pain in cancer patients taking regularly scheduled opioids. Most studies measured similar outcomes.</P>
<P>
<B>Key results</B>
</P>
<P>Available data suggest that both oral and nasal transmucosal fentanyl citrate are safe and effective (compared with both placebo and morphine) in relieving breakthrough pain. The side effect profiles of oral and nasal transmucosal fentanyl citrate were similar to other opioids. Recommendations are made about future clinical trials.</P>
<P>
<B>Quality of the evidence</B>
</P>
<P>We could wish for more consistency in study design and more studies comparing the oral and nasal transmucosal fentanyl citrate formulations to one another.</P>
</SUMMARY_BODY>
  </SUMMARY>
  <ABSTRACT>
    <ABS_BACKGROUND>
<P>This review is an update of a previously published review in the Cochrane Database of Systematic Reviews (Issue 1, 2006). Breakthrough pain is a transient exacerbation of pain that occurs either spontaneously or in relation to a specific predictable or unpredictable trigger despite relative stable and adequately controlled background pain. Breakthrough pain usually related to background pain and is typically of rapid onset, severe in intensity and generally self limiting with a mean duration of 30 minutes. Breakthrough pain has traditionally been managed by the administration of supplemental oral analgesia (rescue medication) at a dose proportional to the total around-the-clock (ATC) opioid dose.</P>
</ABS_BACKGROUND>
    <ABS_OBJECTIVES>
<P>To determine the efficacy of opioid analgesics given by any route, used for the management of breakthrough pain in patients with cancer, and to identify and quantify, if data permitted, any adverse effects of this treatment.</P>
</ABS_OBJECTIVES>
    <ABS_SEARCH_STRATEGY>
<P>We searched the Cochrane Central Register of Controlled Trials (CENTRAL), MEDLINE, EMBASE and trial registries in January 2005 for the original review, and again on 6 February 2013 for this update.</P>
</ABS_SEARCH_STRATEGY>
    <ABS_SELECTION_CRITERIA>
<P>We included randomised controlled trials (RCTs) of opioids used as rescue medication against active or placebo comparator in patients with cancer pain. Outcome measures sought were reduction in pain intensity measured by an appropriate scale, adverse effects, attrition, patient satisfaction and quality of life. We applied no language restrictions.</P>
</ABS_SELECTION_CRITERIA>
    <ABS_DATA_COLLECTION>
<P>Two review authors independently selected and examined eligible studies. We retrieved full text if any uncertainty about eligibility remained. We screened non-English texts. We conducted quality assessment and data extraction using standardised data forms. We compared drug and placebo dose, titration, route and formulation and recorded details of all outcome measures (if available).</P>
</ABS_DATA_COLLECTION>
    <ABS_RESULTS>
<P>The original review included four studies (393 participants), all concerned with the use of oral transmucosal fentanyl citrate (OTFC) in the management of breakthrough pain. Two studies examined the titration of OTFC, one study compared OTFC versus normal-release morphine and one study compared OTFC versus placebo.</P>
<P>Fifteen studies (1699 participants) met the inclusion criteria for this update. All studies reported on the utility of seven different transmucosal fentanyl formulations, five of which were administered orally and two nasally. Eight studies compared the transmucosal fentanyl formulations versus placebo, four studies compared them with another opioid, one study was a comparison of different doses of the same formulation and two were randomised titration studies. </P>
<P>Oral and nasal transmucosal fentanyl formulations were an effective treatment for breakthrough pain. When compared with placebo or oral morphine, participants gave lower pain intensity and higher pain relief scores for transmucosal fentanyl formulations at all time points. Global assessment scores also favoured transmucosal fentanyl preparations. One study compared intravenous with the transmucosal route and both were effective.</P>
</ABS_RESULTS>
    <ABS_CONCLUSIONS>
<P>Oral and nasal transmucosal fentanyl is an effective treatment in the management of breakthrough pain. The RCT literature for the management of breakthrough pain is relatively small. Given the importance of this subject, more trials, including head-to-head comparisons of the available transmucosal fentanyl formulations are required.</P>
</ABS_CONCLUSIONS>
  </ABSTRACT>
</DOC>
