<?xml version="1.0"?>
<DOC>
  <TITLE LABEL="Review Title">Corticosteroids for dengue infection</TITLE>
  <SUMMARY>
    <SUMMARY_TITLE>Corticosteroids for treating dengue infection in children and adults</SUMMARY_TITLE>
    <SUMMARY_BODY>
<P>Dengue is a disease caused by a virus transmitted by mosquitoes, occurring in many resource-limited countries, and children are often most severely affected. Most infected patients will recover with mild symptoms, but a few progress to severe dengue and may die. There is no specific treatment for dengue, but some clinicians provide corticosteroids at an early stage to prevent progression to severe dengue disease; and some treat patients with dengue-related shock with corticosteroids to improve survival. It is important to summarise the effects of corticosteroids in dengue.</P>
<P>We conducted a search up to 6 January 2014 and included eight studies which enrolled 948 participants in total. Four studies of corticosteroids in the treatment of dengue-related shock assessed if corticosteroids could improve survival, but these studies were small and older than 20 years. The evidence we found is of very low quality and do not provide any reliable evidence for corticosteroids for treating dengue-related shock. Four trials evaluated whether corticosteroids provided at an early stage of dengue could prevent development of complications of severe dengue. These trials were more recent, but data were insufficient to be sure whether corticosteroids have an effect on the course of the disease.</P>
</SUMMARY_BODY>
  </SUMMARY>
  <ABSTRACT>
    <ABS_BACKGROUND>
<P>Dengue is a common and important mosquito-borne viral infection. In many low- and middle-income countries it is endemic and is an important public health problem. Severe dengue is an important cause of death in children. There is no specific treatment for dengue, but observational studies suggest corticosteroids may have a benefit in dengue-related shock, and some people believe corticosteroids may prevent the progression to severe illness if given early in the course of the illness.</P>
</ABS_BACKGROUND>
    <ABS_OBJECTIVES>
<P>To compare treatment of dengue with and without use of corticosteroids or placebo in relation to preventing shock-related death and disease progression in children and adults.</P>
</ABS_OBJECTIVES>
    <ABS_SEARCH_STRATEGY>
<P>We searched the Cochrane Infectious Disease Group Centralized Register; CENTRAL; MEDLINE; EMBASE; and LILACS, up to 6 January 2014. We screened reference lists and contacted the relevant study authors for additional information where required.</P>
</ABS_SEARCH_STRATEGY>
    <ABS_SELECTION_CRITERIA>
<P>Randomized controlled trials or quasi-randomized controlled trials comparing corticosteroids with placebo or no corticosteroids in patients diagnosed with dengue-related shock, or patients in an early symptomatic state of dengue with positive serology.</P>
</ABS_SELECTION_CRITERIA>
    <ABS_DATA_COLLECTION>
<P>Two researchers independently screened eligibility of records, extracted data and assessed quality of the studies. We presented findings in meta-analysis and summary of findings tables and evaluated the quality of evidence using GRADE.</P>
</ABS_DATA_COLLECTION>
    <ABS_RESULTS>
<P>We included eight studies enrolling 948 participants in this review.</P>
<P>
<I>Paitents with dengue-related shock </I>
</P>
<P>Four studies enrolled children younger than 15 years with dengue-related shock at hospitals in Southeast Asia and evaluated intravenous corticosteroids. The trials did not detect an effect on death (four trials, 284 participants, <I>very low quality evidence)</I>, the need for blood transfusion (two trials, 89 participants, <I>very low quality evidence</I>), pulmonary haemorrhage (one trial, 63 participants, <I>very low quality evidence</I>), convulsions (one trial, 63 participants, <I>very low quality evidence</I>), or duration of hospitalization (one trial, 63 participants, <I>very low quality evidence</I>). The body of evidence is too small to confidently prove or exclude clinically important effects. Furthermore, the trials are more than 20 years old with several methodological limitations.</P>
<P>
<I>Patients with dengue at an early stage</I>
</P>
<P>Four studies enrolled 664 children and adults with dengue at an early stage of infection (without shock) in Columbia, India, Sri Lanka and Vietnam. In these participants there were no evidence of effects of oral or intravenous corticosteroids on mortality (four trials, 664 participants, <I>low quality evidence), </I>or on the development of complications of severe dengue such as shock (two trials, 286 participants, <I>very low quality evidence</I>), severe bleeding (two trials, 425 participants, <I>very low quality evidence</I>), severe thrombocytopaenia (one trial, 225 participants, <I>very low quality evidence</I>), ascites (one trial, 178 participants, <I>very low quality evidence</I>) and intensive care unit (ICU) admissions (two trials, 286 participants, <I>very low quality evidence</I>).</P>
</ABS_RESULTS>
    <ABS_CONCLUSIONS>
<P>The evidence from trials using corticosteroids in dengue is inconclusive and the quality of evidence is low to very low. This applies to both the use of corticosteroids in dengue-related shock and for dengue at an early stage. There is insufficient evidence to evaluate the effects of corticosteroids in the treatment of early stage dengue fever and dengue-related shock outside of the context of a randomized controlled trial.</P>
</ABS_CONCLUSIONS>
  </ABSTRACT>
</DOC>
