<?xml version="1.0"?>
<DOC>
  <TITLE LABEL="Review Title">Calcium supplementation during pregnancy for preventing hypertensive disorders and related problems</TITLE>
  <SUMMARY>
    <SUMMARY_TITLE>Calcium supplementation during pregnancy for preventing hypertensive disorders and related problems</SUMMARY_TITLE>
    <SUMMARY_BODY>
<P>Evidence from randomised controlled trials shows that calcium supplements help prevent pre-eclampsia and preterm birth and lower the risk of a woman dying or having serious problems related to high blood pressure in pregnancy. This is particularly for women on low calcium diets.</P>
<P>Pre-eclampsia is evident as high blood pressure and protein in the urine. It is a major cause of death in pregnant women and newborn babies worldwide. Preterm birth (birth before 37 weeks) is often caused by high blood pressure and is the leading cause of newborn deaths, particularly in low-income countries. The review of 24 trials found good quality evidence that calcium supplementation with high doses (at least 1 g daily) during pregnancy (13 studies involving 15,730 women) is a safe and relatively cheap way of reducing the risk of pre-eclampsia, especially in women from communities with low dietary calcium and those at increased risk of pre-eclampsia. Women receiving calcium supplements were also less likely to die or have serious problems related to pre-eclampsia. Babies were less likely to be born preterm. No adverse effects have been found but further research is needed into the ideal dosage of supplementation. Limited evidence from 10 trials (2234 women) suggested that a relatively low dose may be effective although co-interventions such as vitamin D, linoleic acid or antioxidants were given in six of the included trials.</P>
<P>In settings of low dietary calcium where high-dose supplementation is not feasible, the option of lower dose supplements (500 to 600 mg/day) might be considered in preference to no supplementation.</P>
</SUMMARY_BODY>
  </SUMMARY>
  <ABSTRACT>
    <ABS_BACKGROUND>
<P>Pre-eclampsia and eclampsia are common causes of serious morbidity and death. Calcium supplementation may reduce the risk of pre-eclampsia, and may help to prevent preterm birth.</P>
</ABS_BACKGROUND>
    <ABS_OBJECTIVES>
<P>To assess the effects of calcium supplementation during pregnancy on hypertensive disorders of pregnancy and related maternal and child outcomes.</P>
</ABS_OBJECTIVES>
    <ABS_SEARCH_STRATEGY>
<P>We searched the Cochrane Pregnancy and Childbirth Group's Trials Register (28 March 2013) and contacted study authors for more data where possible. We updated the search in May 2014 and added the results to the 'Awaiting Classification' section of the review.</P>
</ABS_SEARCH_STRATEGY>
    <ABS_SELECTION_CRITERIA>
<P>Randomised controlled trials (RCTs) comparing high-dose (at least 1 g daily of calcium) or low-dose calcium supplementation during pregnancy with placebo or no calcium.</P>
</ABS_SELECTION_CRITERIA>
    <ABS_DATA_COLLECTION>
<P>We assessed eligibility and trial quality, extracted and double-entered data.</P>
</ABS_DATA_COLLECTION>
    <ABS_RESULTS>
<P>
<I>High-dose calcium supplementation (</I>≥<I>1 g/day)</I>
</P>
<P>We included 14 studies in the review, however one study contributed no data. We included 13 high-quality studies in our meta-analyses (15,730 women). The average risk of high blood pressure (BP) was reduced with calcium supplementation compared with placebo (12 trials, 15,470 women: risk ratio (RR) 0.65, 95% confidence interval (CI) 0.53 to 0.81; I² = 74%). There was also a significant reduction in the risk of pre-eclampsia associated with calcium supplementation (13 trials, 15,730 women: RR 0.45, 95% CI 0.31 to 0.65; I² = 70%). The effect was greatest for women with low calcium diets (eight trials, 10,678 women: average RR 0.36, 95% CI 0.20 to 0.65; I² = 76%) and women at high risk of pre-eclampsia (five trials, 587 women: average RR 0.22, 95% CI 0.12 to 0.42; I² = 0%). These data should be interpreted with caution because of the possibility of small-study effect or publication bias.</P>
<P>The composite outcome maternal death or serious morbidity was reduced (four trials, 9732 women; RR 0.80, 95% CI 0.65 to 0.97; I² = 0%). Maternal deaths were not significantly different (one trial of 8312 women: calcium group one death versus placebo group six deaths). There was an anomalous increase in the risk of HELLP (haemolysis, elevated liver enzymes and low platelets) syndrome (two trials, 12,901 women: RR 2.67, 95% CI 1.05 to 6.82; I² = 0%) in the calcium group, however, the absolute number of events was low (16 versus six).</P>
<P>The average risk of preterm birth was reduced in the calcium group (11 trials, 15,275 women: RR 0.76, 95% CI 0.60 to 0.97; I² = 60%) and amongst women at high risk of developing pre-eclampsia (four trials, 568 women: average RR 0.45, 95% CI 0.24 to 0.83; I² = 60%), but no significant reduction in neonatal high care admission. There was no overall effect on the risk of stillbirth or infant death before discharge from hospital (11 trials 15,665 babies: RR 0.90, 95% CI 0.74 to 1.09; I² = 0%).</P>
<P>One study showed a reduction in childhood systolic BP greater than 95th percentile among children exposed to calcium supplementation in utero (514 children: RR 0.59, 95% CI 0.39 to 0.91). In a subset of these children, dental caries at 12 years old was also reduced (195 children, RR 0.73, 95% CI 0.62 to 0.87).</P>
<P>
<I>Low-dose calcium supplementation (&lt; 1 g/day)</I>
</P>
<P>We included 10 trials (2234 women) that evaluated low-dose supplementation with calcium alone (4) or in association with vitamin D (3), linoleic acid (2), or antioxidants (1). Most studies recruited women at high risk for pre-eclampsia, and were at high risk of bias, thus the results should be interpreted with caution. Supplementation with low doses of calcium significantly reduced the risk of pre-eclampsia (RR 0.38, 95% CI 0.28 to 0.52; I² = 0%). There was also a reduction in hypertension, low birthweight and neonatal intensive care unit admission.</P>
</ABS_RESULTS>
    <ABS_CONCLUSIONS>
<P>Calcium supplementation (≥ 1 g/day) is associated with a significant reduction in the risk of pre-eclampsia, particularly for women with low calcium diets. The treatment effect may be overestimated due to small-study effects or publication bias. It also reduces preterm birth and the occurrence of the composite outcome 'maternal death or serious morbidity'. We considered these benefits to outweigh the increased risk of HELLP syndrome, which was small in absolute numbers. The World Health Organization recommends calcium 1.5 g to 2 g daily for pregnant women with low dietary calcium intake.</P>
<P>The limited evidence on low-dose calcium supplementation suggests a reduction in pre-eclampsia, but needs to be confirmed by larger, high-quality trials. Pending such results, in settings of low dietary calcium where high-dose supplementation is not feasible, the option of lower-dose supplements (500 to 600 mg/day) might be considered in preference to no supplementation.</P>
</ABS_CONCLUSIONS>
  </ABSTRACT>
</DOC>
