<?xml version="1.0"?>
<DOC>
  <TITLE>Hormone therapy for preventing cardiovascular disease in post-menopausal women</TITLE>
  <SUMMARY>
    <SUMMARY_TITLE>Hormone therapy for preventing cardiovascular disease in both healthy post-menopausal women and post-menopausal women with pre-existing cardiovascular disease</SUMMARY_TITLE>
    <SUMMARY_BODY>
<P>Hormone therapy is used for controlling menopausal symptoms. It has also been used for the prevention of cardiovascular disease in post-menopausal women. The present review assessed the effects of using hormone therapy for six months or more. Nineteen randomised controlled trials (involving 40,410 women) compared oral hormone therapy (oestrogen, with or without progestogen) with placebo. Most participants were from the Unites States (US), and the mean age in most studies was over 60 years. The length of time women were on treatment varied across the trials from 7 months to 10.1 years. The studies were generally well conducted with overall low risk of bias.<BR/>
<BR/>Overall, results showed no evidence that hormone therapy provides any protective effects against death from any cause, death specifically from cardiovascular disease, non-fatal heart attack or angina, either in healthy women or women with pre-existing heart disease. Rather, in post-menopausal women hormone therapy increased the risk of stroke and obstruction of a vein by a blood clot (venous thromboembolism).</P>
<P>We are confident that the results of are review are close to the true effects for most of the outcomes we looked at. The studies were large, well-designed and the results were generally consistent across the studies.</P>
</SUMMARY_BODY>
  </SUMMARY>
  <ABSTRACT>
    <ABS_BACKGROUND>
<P>Evidence from systematic reviews of observational studies suggests that hormone therapy may have beneficial effects in reducing the incidence of cardiovascular disease events in post-menopausal women, however the results of randomised controlled trials (RCTs) have had mixed results. This is an updated version of a Cochrane review published in 2013.</P>
</ABS_BACKGROUND>
    <ABS_OBJECTIVES>
<P>To assess the effects of hormone therapy for the prevention of cardiovascular disease in post-menopausal women, and whether there are differential effects between use in primary or secondary prevention.<BR/>
<BR/>Secondary aims were to undertake exploratory analyses to (i) assess the impact of time since menopause that treatment was commenced (≥ 10 years versus &lt; 10 years), and where these data were not available, use age of trial participants at baseline as a proxy (≥ 60 years of age versus &lt; 60 years of age); and (ii) assess the effects of length of time on treatment.</P>
</ABS_OBJECTIVES>
    <ABS_SEARCH_STRATEGY>
<P>We searched the following databases on 25 February 2014: Cochrane Central Register of Controlled Trials (CENTRAL) in <I>The Cochrane Library</I>, MEDLINE, EMBASE and LILACS. We also searched research and trials registers, and conducted reference checking of relevant studies and related systematic reviews to identify additional studies. </P>
</ABS_SEARCH_STRATEGY>
    <ABS_SELECTION_CRITERIA>
<P>RCTs of women comparing orally administered hormone therapy with placebo or a no treatment control, with a minimum of six months follow-up.</P>
</ABS_SELECTION_CRITERIA>
    <ABS_DATA_COLLECTION>
<P>Two authors independently assessed study quality and extracted data. We calculated risk ratios (RRs) with 95% confidence intervals (CIs) for each outcome. We combined results using random effects meta-analyses, and undertook further analyses to assess the effects of treatment as primary or secondary prevention, and whether treatment was commenced more than or less than 10 years after menopause.</P>
</ABS_DATA_COLLECTION>
    <ABS_RESULTS>
<P>We identified six new trials through this update. Therefore the review includes 19 trials with a total of 40,410 post-menopausal women. On the whole, study quality was good and generally at low risk of bias; the findings are dominated by the three largest trials. We found high quality evidence that hormone therapy in both primary and secondary prevention conferred no protective effects for all-cause mortality, cardiovascular death, non-fatal myocardial infarction, angina, or revascularisation. However, there was an increased risk of stroke in those in the hormone therapy arm for combined primary and secondary prevention (RR 1.24, 95% CI 1.10 to 1.41). Venous thromboembolic events were increased (RR 1.92, 95% CI 1.36 to 2.69), as were pulmonary emboli (RR 1.81, 95% CI 1.32 to 2.48) on hormone therapy relative to placebo.</P>
<P>The absolute risk increase for stroke was 6 per 1000 women (number needed to treat for an additional harmful outcome (NNTH) = 165; mean length of follow-up: 4.21 years (range: 2.0 to 7.1)); for venous thromboembolism 8 per 1000 women (NNTH = 118; mean length of follow-up: 5.95 years (range: 1.0 to 7.1)); and for pulmonary embolism 4 per 1000 (NNTH = 242; mean length of follow-up: 3.13 years (range: 1.0 to 7.1)).</P>
<P>We performed subgroup analyses according to when treatment was started in relation to the menopause. Those who started hormone therapy less than 10 years after the menopause had lower mortality (RR 0.70, 95% CI 0.52 to 0.95, moderate quality evidence) and coronary heart disease (composite of death from cardiovascular causes and non-fatal myocardial infarction) (RR 0.52, 95% CI 0.29 to 0.96; moderate quality evidence), though they were still at increased risk of venous thromboembolism (RR 1.74, 95% CI 1.11 to 2.73, high quality evidence) compared to placebo or no treatment. There was no strong evidence of effect on risk of stroke in this group. In those who started treatment more than 10 years after the menopause there was high quality evidence that it had little effect on death or coronary heart disease between groups but there was an increased risk of stroke (RR 1.21, 95% CI 1.06 to 1.38, high quality evidence) and venous thromboembolism (RR 1.96, 95% CI 1.37 to 2.80, high quality evidence).</P>
</ABS_RESULTS>
    <ABS_CONCLUSIONS>
<P>Our review findings provide strong evidence that treatment with hormone therapy in post-menopausal women overall, for either primary or secondary prevention of cardiovascular disease events has little if any benefit and causes an increase in the risk of stroke and venous thromboembolic events. </P>
</ABS_CONCLUSIONS>
  </ABSTRACT>
</DOC>
