<?xml version="1.0"?>
<DOC>
  <TITLE LABEL="Review Title">Interventions to improve the appropriate use of polypharmacy for older people</TITLE>
  <SUMMARY>
    <SUMMARY_TITLE>A review of the ways that healthcare professionals can improve the use of suitable medicines for older people</SUMMARY_TITLE>
    <SUMMARY_BODY>
<P>Taking medicine to treat symptoms of chronic illness and to prevent worsening of disease is common in older people. However, taking too many medicines can cause harm. This review examines studies in which healthcare professionals have taken action to make sure that older people are receiving the most effective and safest medication for their illness. Actions taken included providing pharmaceutical care, a service provided by pharmacists that involves identifying, preventing and resolving medication-related problems, as well as promoting the correct use of medications and encouraging health promotion and education. Another strategy was computerised decision support, which involves a programme on the doctor’s computer that helps him/her to select appropriate treatment.</P>
<P>This review provides limited evidence that interventions, such as pharmaceutical care, may be successful in ensuring that older people are receiving the right medicines, but it is not clear whether this always results in clinical improvement.</P>
</SUMMARY_BODY>
  </SUMMARY>
  <ABSTRACT>
    <ABS_BACKGROUND>
<P>Inappropriate polypharmacy is a particular concern in older people and is associated with negative health outcomes. Choosing the best interventions to improve appropriate polypharmacy is a priority, hence interest in appropriate polypharmacy, where many medicines may be used to achieve better clinical outcomes for patients, is growing.</P>
</ABS_BACKGROUND>
    <ABS_OBJECTIVES>
<P>This review sought to determine which interventions, alone or in combination, are effective in improving the appropriate use of polypharmacy and reducing medication-related problems in older people.</P>
</ABS_OBJECTIVES>
    <ABS_SEARCH_STRATEGY>
<P>In November 2013, for this first update, a range of literature databases including MEDLINE and EMBASE were searched, and handsearching of reference lists was performed. Search terms included 'polypharmacy', 'medication appropriateness' and 'inappropriate prescribing'.</P>
</ABS_SEARCH_STRATEGY>
    <ABS_SELECTION_CRITERIA>
<P>A range of study designs were eligible. Eligible studies described interventions affecting prescribing aimed at improving appropriate polypharmacy in people 65 years of age and older in which a validated measure of appropriateness was used (e.g. Beers criteria, Medication Appropriateness Index (MAI)).</P>
</ABS_SELECTION_CRITERIA>
    <ABS_DATA_COLLECTION>
<P>Two review authors independently reviewed abstracts of eligible studies, extracted data and assessed risk of bias of included studies. Study-specific estimates were pooled, and a random-effects model was used to yield summary estimates of effect and 95% confidence intervals (CIs). The GRADE (Grades of Recommendation, Assessment, Development and Evaluation) approach was used to assess the overall quality of evidence for each pooled outcome.</P>
</ABS_DATA_COLLECTION>
    <ABS_RESULTS>
<P>Two studies were added to this review to bring the total number of included studies to 12. One intervention consisted of computerised decision support; 11 complex, multi-faceted pharmaceutical approaches to interventions were provided in a variety of settings. Interventions were delivered by healthcare professionals, such as prescribers and pharmacists. Appropriateness of prescribing was measured using validated tools, including the MAI score post intervention (eight studies), Beers criteria (four studies), STOPP criteria (two studies) and START criteria (one study). Interventions included in this review resulted in a reduction in inappropriate medication usage. Based on the GRADE approach, the overall quality of evidence for all pooled outcomes ranged from very low to low. A greater reduction in MAI scores between baseline and follow-up was seen in the intervention group when compared with the control group (four studies; mean difference -6.78, 95% CI -12.34 to -1.22). Postintervention pooled data showed a lower summated MAI score (five studies; mean difference -3.88, 95% CI -5.40 to -2.35) and fewer Beers drugs per participant (two studies; mean difference -0.1, 95% CI -0.28 to 0.09) in the intervention group compared with the control group. Evidence of the effects of interventions on hospital admissions (five studies) and of medication-related problems (six studies) was conflicting.</P>
</ABS_RESULTS>
    <ABS_CONCLUSIONS>
<P>It is unclear whether interventions to improve appropriate polypharmacy, such as pharmaceutical care, resulted in clinically significant improvement; however, they appear beneficial in terms of reducing inappropriate prescribing.</P>
</ABS_CONCLUSIONS>
  </ABSTRACT>
</DOC>
