<?xml version="1.0"?>
<DOC>
  <TITLE LABEL="Review Title">Bicarbonate versus lactate solutions for acute peritoneal dialysis</TITLE>
  <SUMMARY>
    <SUMMARY_TITLE>Two dialysis solutions for acute peritoneal dialysis</SUMMARY_TITLE>
    <SUMMARY_BODY>
<P>Acute kidney injury (AKI) can be treated with either bicarbonate or lactate in acute peritoneal dialysis (PD). The aim of this review was to compare the effectiveness of bicarbonate versus lactate solution.</P>
<P>We identified only one small randomised controlled trial (RCT) (20 patients) after an extensive literature search, and we found no difference between bicarbonate and lactate for clinically important outcomes, such as mortality and adverse events. An initial reported benefit of bicarbonate over lactate was not confirmed by subsequent studies. In this systematic review of one RCT of patients with AKI, no significance difference was demonstrable between these two dialysis solutions.</P>
</SUMMARY_BODY>
  </SUMMARY>
  <ABSTRACT>
    <ABS_BACKGROUND>
<P>The high mortality rate among critically ill patients with acute kidney injury (AKI) remains an unsolved problem in intensive care medicine, despite the use of renal replacement therapy (RRT). Increasing evidence from clinical studies in adults and children suggests that the new peritoneal dialysis (PD) fluids may allow for better long-term preservation of peritoneal morphology and function. Formation of glucose degradation products (GDPs) can be reduced and even avoided with the use of newer "biocompatible" solutions. However, it is still unclear if there are any differences in using conventional (lactate) solutions compared with low GDP (bicarbonate) solutions for acute PD.</P>
</ABS_BACKGROUND>
    <ABS_OBJECTIVES>
<P>To look at the benefits and harms of bicarbonate versus lactate solutions in acute PD.</P>
</ABS_OBJECTIVES>
    <ABS_SEARCH_STRATEGY>
<P>We searched the Cochrane Central Register of Controlled Trials (CENTRAL), MEDLINE (from 1966), EMBASE (from 1980), Latin American and Caribbean Health Sciences Literature Database LILACS (from 1982), and reference lists of articles. </P>
<P>Date of last search: 6 May 2014.</P>
</ABS_SEARCH_STRATEGY>
    <ABS_SELECTION_CRITERIA>
<P>Randomised controlled trials (RCTs) comparing bicarbonate to lactate solution for acute PD.</P>
</ABS_SELECTION_CRITERIA>
    <ABS_DATA_COLLECTION>
<P>Two authors independently assess the methodological quality of studies. One author abstracted data onto a standard form, and a second author checked data extraction. We used the random-effects model and expressed the results as relative risk (RR) for dichotomous outcomes and mean difference (MD) for continuous outcomes with 95% confidence intervals (CI).</P>
</ABS_DATA_COLLECTION>
    <ABS_RESULTS>
<P>We included one study (20 patients) in this review. In shock patients, bicarbonate did not differ from lactate with respect to mortality (RR 0.50, 95% CI 0.06 to 3.91); however there were significant differences in blood lactate (MD -1.60 mmol/L, 95% CI -2.04 to -1.16), serum bicarbonate (MD 5.00 mmol/L, 95% CI 3.26 to 6.74) and blood pH (MD 0.12, 95% CI 0.06 to 0.18). In non-shock patients there was a significance difference in blood lactate (MD -0.60 mmol/L, 95% CI -0.85 to -0.35) but not in serum bicarbonate (MD 1.10 mmol/L, 95% CI -0.27 to 2.47) or blood pH (MD -0.02, 95% CI -0.02 to -0.06). Other outcomes could not be analysed because of the limited data available.</P>
</ABS_RESULTS>
    <ABS_CONCLUSIONS>
<P>There is no strong evidence that any clinical advantage for patients requiring acute PD for AKI when comparing conventional (lactate) with low GDP dialysis solutions (bicarbonate).</P>
</ABS_CONCLUSIONS>
  </ABSTRACT>
</DOC>
