<?xml version="1.0"?>
<DOC>
  <TITLE LABEL="Review Title">Herbal medicine for low-back pain</TITLE>
  <SUMMARY>
    <SUMMARY_TITLE>Herbal medicine for low-back pain</SUMMARY_TITLE>
    <SUMMARY_BODY>
<P>
<B>Review question</B>
</P>
<P>We examined the evidence regarding the effect of herbal medicine on pain in people with non-specific low-back pain (LBP).</P>
<P>
<B>Background<BR/>
</B>Back pain is common and up to 35% of the population can be affected in a given month. Non-specific LBP is defined as pain between the lowest rib and the bottom of the buttocks that is not caused by serious, underlying problems such as rheumatoid arthritis, infection, fracture, cancer, or sciatica due to a ruptured disc or other pressure on nerves. Herbal medicines taken orally or applied to the skin are being used to treat many conditions including back pain.</P>
<P>
<B>Study characteristics<BR/>
</B>Researchers from the Cochrane Collaboration examined the evidence available up to August 5, 2013. Fourteen studies tested six herbal medications and included 2050 adults with non-specific acute or chronic LBP. Two oral herbal medications, <I>Harpagophytum procumbens</I> (devil's claw) and <I>Salix alba</I> (white willow bark), were compared to placebo (fake or sham pills) or to rofecoxib (Vioxx®). Three topical creams, plasters, or gels, <I>Capsicum frutescens</I> (cayenne), <I>Symphytum officinale</I> L. (comfrey), and <I>Solidago chilensis</I> (Brazilian arnica), were compared to placebo creams or plasters and a homeopathic gel. One essential oil, lavender, was compared to no treatment. The average age of people included in the trials was 52 years and studies usually lasted three weeks.</P>
<P>
<B>Key results<BR/>
</B>Devil's claw, in a standardized daily dose of 50 mg or 100 mg harpagoside, may reduce pain more than placebo; a standardized daily dose of 60 mg reduced pain about the same as a daily dose of 12.5 mg of Vioxx®. While willow bark, in a standardized daily dose of 120 mg and 240 mg of salicin reduced pain more than placebo; a standardized daily dose of 240 mg reduced pain about the same as a daily dose of 12.5 mg of Vioxx® (a non-steroidal, anti-inflammatory drug). Cayenne was tested in several forms: in plaster form, it reduced pain more than placebo and about the same as the homeopathic gel Spiroflor SLR. Two other ointment-based medications, <I>S. officinale</I> and <I>S. chilensis</I> appeared to reduce perception of pain more than placebo creams. Lavender essential oil applied by acupressure appeared effective in reducing pain and improving flexibility compared to conventional treatment. Adverse effects were reported, but appeared to be primarily confined to mild, transient gastrointestinal complaints or skin irritations.</P>
<P>
<B>Quality of the evidence<BR/>
</B>Most included trials were at low risk of bias and the quality of the evidence was mainly very low to moderate. A moderate grade of evidence was only found for <I>C. frutescens</I>. Trials only tested the effects of short term use (up to six weeks). Authors of eight of the included trials had a potential conflict of interest and four other authors did not disclose conflicts of interest. Vioxx® has been withdrawn from the market because of adverse effects, so all three substances should be compared to readily-available pain medications, such as nonsteroidal anti-inflammatory drugs (NSAIDs) and acetaminophen, for relative effectiveness and safety.</P>
<P>
<B>Conclusion<BR/>
</B>Low to moderate quality evidence shows that four herbal medicines may reduce pain in acute and chronic LBP in the short-term and have few side effects. There is no evidence yet that any of these substances are safe or efficacious for long-term use. Large, well-designed trials are needed to further test the efficacy of these interventions. </P>
</SUMMARY_BODY>
  </SUMMARY>
  <ABSTRACT>
    <ABS_BACKGROUND>
<P>Low-back pain (LBP) is a common condition and imposes a substantial economic burden upon people living in industrialized societies. A large proportion of people with chronic LBP use complementary and alternative medicine (CAM), visit CAM practitioners, or both. Several herbal medicines have been purported for use in treating people with LBP. This is an update of a Cochrane Review first published in 2006.</P>
</ABS_BACKGROUND>
    <ABS_OBJECTIVES>
<P>To determine the effectiveness of herbal medicine for non-specific LBP.</P>
</ABS_OBJECTIVES>
    <ABS_SEARCH_STRATEGY>
<P>We searched the following electronic databases up to September 2014: MEDLINE, EMBASE, CENTRAL, CINAHL, Clinical Trials.gov, World Health Organization International Clinical Trials Registry Portal and PubMed; checked reference lists in review articles, guidelines and retrieved trials; and personally contacted individuals with expertise in this area. </P>
</ABS_SEARCH_STRATEGY>
    <ABS_SELECTION_CRITERIA>
<P>We included randomized controlled trials (RCTs) examining adults (over 18 years of age) suffering from acute, sub-acute, or chronic non-specific LBP. The interventions were herbal medicines which we defined as plants used for medicinal purposes in any form. Primary outcome measures were pain and function.</P>
</ABS_SELECTION_CRITERIA>
    <ABS_DATA_COLLECTION>
<P>A library scientist with the Cochrane Back Review Group conducted the database searches. One review author contacted content experts and acquired relevant citations. We downloaded full references and abstracts of the identified studies and retrieved a hard copy of each study for final inclusion decisions. Two review authors assessed risk of bias, GRADE criteria (<A HREF="GRADE 2004">GRADE 2004</A>), and CONSORT compliance and a random subset were compared to assessments by a third individual. Two review authors assessed clinical relevance and resolved any disagreements by consensus.</P>
</ABS_DATA_COLLECTION>
    <ABS_RESULTS>
<P>We included 14 RCTs (2050 participants) in this review. One trial on <I>Solidago chilensis M.</I> (Brazilian arnica) (20 participants) found very low quality evidence of reduction in perception of pain and improved flexibility with application of Brazilian arnica-containing gel twice daily as compared to placebo gel. <I>Capsicum frutescens</I> cream or plaster probably produces more favourable results than placebo in people with chronic LBP (three trials, 755 participants, <I>moderate quality evidence</I>). Based on current evidence, it is not clear whether topical capsicum cream is more beneficial for treating people with acute LBP compared to placebo (one trial, 40 participants, <I>low quality evidence</I>). Another trial found equivalence of <I>C. frutescens</I> cream to a homeopathic ointment (one trial, 161 participants, <I>very low quality evidence</I>). Daily doses of <I>Harpagophytum procumbens</I> (devil's claw), standardized to 50 mg or 100 mg harpagoside, may be better than placebo for short-term improvements in pain and may reduce use of rescue medication (two trials, 315 participants, <I>low quality evidence</I>). Another <I>H. procumbens </I>trial demonstrated relative equivalence to 12.5 mg per day of rofecoxib (Vioxx®) but was of very low quality (one trial, 88 participants, <I>very low quality</I>). Daily doses of <I>Salix alba</I> (white willow bark), standardized to 120 mg or 240 mg salicin, are probably better than placebo for short-term improvements in pain and rescue medication (two trials, 261 participants, <I>moderate quality evidence</I>). An additional trial demonstrated relative equivalence to 12.5 mg per day of rofecoxib (one trial, 228 participants) but was graded as very low quality evidence. <I>S. alba</I> minimally affected platelet thrombosis versus a cardioprotective dose of acetylsalicylate (one trial, 51 participants). One trial (120 participants) examining <I>Symphytum officinale L.</I> (comfrey root extract) found low quality evidence that a Kytta-Salbe comfrey extract ointment is better than placebo ointment for short-term improvements in pain as assessed by VAS. Aromatic lavender essential oil applied by acupressure may reduce subjective pain intensity and improve lateral spine flexion and walking time compared to untreated participants (one trial, 61 participants,<I> very low quality evidence</I>). No significant adverse events were noted within the included trials.</P>
</ABS_RESULTS>
    <ABS_CONCLUSIONS>
<P>
<I>C. frutescens</I> (Cayenne) reduces pain more than placebo. Although <I>H. procumbens</I>, <I>S. alba</I>, <I>S. officinale L.</I>, <I>S. chilensis</I>, and lavender essential oil also seem to reduce pain more than placebo, evidence for these substances was of moderate quality at best. Additional well-designed large trials are needed to test these herbal medicines against standard treatments. In general, the completeness of reporting in these trials was poor. Trialists should refer to the CONSORT statement extension for reporting trials of herbal medicine interventions.</P>
</ABS_CONCLUSIONS>
  </ABSTRACT>
</DOC>
