<?xml version="1.0"?>
<DOC>
  <TITLE>Anti-inflammatory drugs and analgesics for managing symptoms in people with cystic fibrosis-related arthritis</TITLE>
  <SUMMARY>
    <SUMMARY_TITLE>The use of drugs to manage symptoms in people with arthritis related to cystic fibrosis</SUMMARY_TITLE>
    <SUMMARY_BODY>
<P>Arthritis is not a common complication of cystic fibrosis, but it can be a major complication when it does occur. There are two distinct types of arthritis in cystic fibrosis: cystic fibrosis-related arthropathy (CFA) and hypertrophic pulmonary osteoarthropathy (HPO). The best treatment for these conditions is not clear because of the underlying disease and its intense treatment. We planned to report evidence from clinical trials to evaluate the effectiveness and safety of different anti-inflammatory analgesic drugs compared with placebo, with each other or with no treatment. However, we were disappointed that we could not find any completed randomised controlled trials of these treatments or any evidence from non-randomised controlled trials. One study in CFA has finished and may provide some evidence when published. We suggest that there should be a randomised controlled trial to look at the effects and the safety of using anti-inflammatory drugs or painkillers or both to manage the symptoms of cystic fibrosis-related arthritis. Since no trials have been included in the review up until January 2012, we will still search for trials every two years, but will not publish an updated version of this review until we can include any new trials.</P>
</SUMMARY_BODY>
  </SUMMARY>
  <ABSTRACT>
    <ABS_BACKGROUND>
<P>Arthritis remains a relatively infrequent complication of cystic fibrosis, but is a cause of significant morbidity when it does occur. Two distinct types of arthritis are described in cystic fibrosis: cystic fibrosis-related arthropathy (CFA) and hypertrophic pulmonary osteoarthropathy (HPO). Management of arthritis in people with cystic fibrosis is uncertain and complex because of the underlying disease and its intense treatment.</P>
</ABS_BACKGROUND>
    <ABS_OBJECTIVES>
<P>To review the effectiveness and safety of pharmacological agents for the symptomatic management of cystic fibrosis-related arthritis in adults and children with cystic fibrosis. </P>
</ABS_OBJECTIVES>
    <ABS_SEARCH_STRATEGY>
<P>We searched the Cochrane Cystic Fibrosis and Genetic Disorders Group Trials Register which comprises references identified from comprehensive electronic database searches, handsearches of relevant journals and abstract books of conference proceedings.</P>
<P>Date of most recent search: 16 December 2011.</P>
</ABS_SEARCH_STRATEGY>
    <ABS_SELECTION_CRITERIA>
<P>Randomised controlled trials which compared the efficacy and safety of anti-inflammatory and analgesic agents (e.g. non-steroidal anti-inflammatory agents, systemic corticosteroids, intra-articular corticosteroids) with each other, with no treatment or with placebo for CFA and HPO.</P>
</ABS_SELECTION_CRITERIA>
    <ABS_DATA_COLLECTION>
<P>No relevant studies were identified.</P>
</ABS_DATA_COLLECTION>
    <ABS_RESULTS>
<P>No studies were included in this review.</P>
</ABS_RESULTS>
    <ABS_CONCLUSIONS>
<P>Although it is generally recognised that CFA may be episodic and resolve spontaneously, treatment with analgesics and anti-inflammatory agents may be needed. While this approach may be sufficient to manage symptoms, it is disappointing that no randomised controlled trials to rigorously evaluate these agents were found, nor could the authors identify any quasi-randomised. This systematic review has identified the need for a well-designed adequately-powered randomised controlled trial to assess the efficacy and safety of pharmacological agents for the symptomatic management of cystic fibrosis-related arthritis (CFA and HPO) in adults and children with cystic fibrosis. Studies should also better define the two conditions. A study has recently been conducted in CFA and may help fill this gap when analysed and published.</P>
<P>There are no trials included in the review up to January 2012. We do not plan to update this review until new trials are published, although we will search the Group's Cystic Fibrosis Trials Register on a two-yearly cycle.</P>
</ABS_CONCLUSIONS>
  </ABSTRACT>
</DOC>
