<?xml version="1.0"?>
<DOC>
  <TITLE LABEL="Review Title">Botulinum toxin for myofascial pain syndromes in adults</TITLE>
  <SUMMARY>
    <SUMMARY_TITLE>Botulinum toxin injectable drug for myofascial pain syndrome (a painful condition that could affect any muscle in the body) in adults</SUMMARY_TITLE>
    <SUMMARY_BODY>
<P>Myofascial pain syndrome (MPS) is a regional muscular pain syndrome characterised by the presence of trigger points (painful points) in one or more muscles. The pain can be at the trigger point site or it can be felt away from that point when the muscle is pressed, which is called referred pain. Botulinum toxin is a potent chemical that blocks the communication between nerves and muscles and inhibits muscle contractions in the muscles where the trigger points are located, which may result in pain relief when it is injected into the area. The purpose of this review was to assess how effective botulinum toxin is at reducing pain in patients with MPS. We identified four studies, with 233 participants, comparing botulinum toxin A with placebo (control group). There was inconclusive evidence to support the use of botulinum toxin in the treatment of MPS. More high-quality randomised controlled trials of botulinum toxin for treating MPS need to be conducted before firm conclusions on its effectiveness and safety can be drawn.</P>
</SUMMARY_BODY>
  </SUMMARY>
  <ABSTRACT>
    <ABS_BACKGROUND>
<P>This is an updated version of the original Cochrane review published in Issue 4, 2012. Myofascial pain syndrome (MPS) is a regional muscular pain syndrome characterised by the presence of trigger points, which are painful points in one or more muscles. The pain can be felt at the site where the trigger point is located or it can be felt away from that place when the muscle is pressed (referred pain). Botulinum toxin is a protein produced by the bacterium <I>Clostridium botulinum</I> and is a potent neurotoxin that eventually inhibits muscle contractions. It is capable of selectively weakening painful muscles and interrupting the pain cycle.</P>
</ABS_BACKGROUND>
    <ABS_OBJECTIVES>
<P>To assess the effectiveness and safety of botulinum toxin A (BTXA) in the treatment of myofascial pain syndrome (MPS), excluding MPS in neck and head muscles.</P>
</ABS_OBJECTIVES>
    <ABS_SEARCH_STRATEGY>
<P>This is an updated version of the original Cochrane review published in Issue 4, 2012. The search strategy for the update was the same as in the original review and we searched CENTRAL in <I>The Cochrane Library</I> (2013, Issue 11 of 12), MEDLINE (Ovid) (2012 to 29 November 2013) and EMBASE (Ovid) (2012 to 27 November 2013). The search strategy was composed of terms for myofascial pain and botulinum toxin. For the original review, we also searched the Cochrane Pain, Palliative and Supportive Care (PaPaS) Review Group Specialised Register until December 2011, PubMed (from 1966 to 2011) and LILACS (from 1982 to 2011). There was no language restriction.</P>
</ABS_SEARCH_STRATEGY>
    <ABS_SELECTION_CRITERIA>
<P>We included randomised controlled trials (RCTs) involving botulinum toxin for treating participants with MPS. We excluded studies with MPS of the neck and head from this review as they have already been assessed in existing systematic reviews. We considered a diagnosis of MPS to be based on the identification of trigger points in the taut band through palpation of sensitive nodules, local twitch response and specific patterns of referred pain associated with each trigger point.<BR/>
</P>
</ABS_SELECTION_CRITERIA>
    <ABS_DATA_COLLECTION>
<P>Two review authors independently screened identified studies, extracted data, assessed trial quality and analysed results using the Cochrane PaPaS Review Group criteria.</P>
</ABS_DATA_COLLECTION>
    <ABS_RESULTS>
<P>Four studies with a total of 233 participants, comparing BTXA with placebo, met the inclusion criteria. In one study with 145 participants, significant improvement rates of pain intensity scores and duration of daily pain were demonstrated when comparing BTXA with placebo. The three other studies showed that there was no statistically significant difference between BTXA and placebo in pain intensity.</P>
</ABS_RESULTS>
    <ABS_CONCLUSIONS>
<P>Since the first publication of this review, no new studies were found. There is inconclusive evidence to support the use of botulinum toxin in the treatment of MPS based on data from four studies with a total of 233 participants, which we considered were of sufficient quality to be included in this review. Meta-analyses were not possible due to the heterogeneity between studies. We suggest that in future studies the same methodology to assess pain, a standardised dose of treatment, follow-up of at least four months (to observe the maximum and minimum curve of the drug effect) and appropriate data presentation should be used. More high-quality RCTs of botulinum toxin for treating MPS need to be conducted before firm conclusions on its effectiveness and safety can be drawn.</P>
</ABS_CONCLUSIONS>
  </ABSTRACT>
</DOC>
