<?xml version="1.0"?>
<DOC>
  <TITLE>Metformin treatment before and during IVF or ICSI in women with polycystic ovary syndrome</TITLE>
  <SUMMARY>
    <SUMMARY_TITLE>Metformin in women with polycystic ovary syndrome for improving fertility</SUMMARY_TITLE>
    <SUMMARY_BODY>
<P>
<B>Review question:</B> The aim of this Cochrane review was to determine the effectiveness and safety of metformin, an insulin-sensitising agent, for improving ART outcomes, especially, live birth and clinical pregnancy rates, in women with PCOS undergoing in vitro fertilisation (IVF) treatment.</P>
<P>
<B>Background: </B>Polycystic ovary syndrome (PCOS) is a condition characterised by chronic failure or absence of ovulation (anovulation) and excessive production of male hormones (hyperandrogenism). The main symptoms of this disorder are irregular menstrual cycles, infertility, hirsutism (excessive hair growth) and acne. This condition is the most common endocrine disorder in women, affecting approximately 5% to 10% of all women of reproductive age.</P>
<P>
<B>Study characteristics: </B>The review included nine randomised controlled trials involving a total of 816 women who were randomised to receive metformin (411) versus placebo or no treatment (405). The trials were conducted in the Czech Republic, Italy, Jordan, Norway, Turkey and the United Kingdom. The evidence is current to October 2014.</P>
<P>
<B>Key results: </B>When metformin was compared with placebo or no treatment, there was no conclusive evidence of a difference between the groups in live birth rates, but pregnancy rates were higher in the metformin group, and the risk of OHSS was lower. We estimated that for a woman with a 32 % chance of achieving a live birth using placebo, the corresponding chance using metformin would be between 28% and 53%. For a woman with a 31% chance of achieving a clinical pregnancy without metformin, the corresponding chance using metformin would be between 32% and 49%. For a woman with a 27% risk of ovarian hyperstimulation syndrome (OHSS) without metformin, the corresponding chance using metformin would be between 6% and 15%. Side effects (mostly gastrointestinal) were more common in the metformin group, though only four studies reported this outcome.</P>
<P>
<B>Quality of the evidence: </B>The overall quality of the evidence was moderate for the outcomes of clinical pregnancy, OHSS and miscarriage, and low for other outcomes. The main limitations in the evidence were imprecision and inconsistency.</P>
<P>
<B>Conclusion: </B>We found no conclusive evidence that metformin treatment before or during ART cycles improved live birth rates in women with PCOS. However, the use of this insulin-sensitising agent increased clinical pregnancy rates and decreased the risk of OHSS.</P>
</SUMMARY_BODY>
  </SUMMARY>
  <ABSTRACT>
    <ABS_BACKGROUND>
<P>The use of insulin-sensitising agents, such as metformin, in women with polycystic ovary syndrome (PCOS) who are undergoing ovulation induction or in vitro fertilisation (IVF) cycles has been widely studied. Metformin reduces hyperinsulinaemia and suppresses the excessive ovarian production of androgens. As a consequence, it is suggested that metformin could improve assisted reproductive techniques (ART) outcomes, such as ovarian hyperstimulation syndrome (OHSS), pregnancy and live birth rates.</P>
</ABS_BACKGROUND>
    <ABS_OBJECTIVES>
<P>To determine the effectiveness and safety of metformin as a co-treatment during IVF or intracytoplasmic sperm injection (ICSI) in achieving pregnancy or live birth in women with PCOS.</P>
</ABS_OBJECTIVES>
    <ABS_SEARCH_STRATEGY>
<P>We searched the Cochrane Menstrual Disorders and Subfertility Group Trials Register, Cochrane Central Register of Controlled Trials (CENTRAL) (<I>The Cochrane Library</I>), MEDLINE, EMBASE, LILACS, the <I>meta</I>Register of Controlled Trials and reference lists of articles (up to 15 October 2014).</P>
</ABS_SEARCH_STRATEGY>
    <ABS_SELECTION_CRITERIA>
<P>Types of studies: randomised controlled trials (RCTs) comparing metformin treatment with placebo or no treatment in women with PCOS who underwent IVF or ICSI treatment.</P>
<P>Types of participants: women of reproductive age with anovulation due to PCOS with or without co-existing infertility factors.</P>
<P>Types of interventions: metformin administered before and during IVF or ICSI treatment.</P>
<P>Types of outcome measures: live birth rate, clinical pregnancy rate, miscarriage rate, incidence of ovarian hyperstimulation syndrome , incidence of participant-reported side effects, serum oestradiol level on the day of trigger, serum androgen level, and fasting insulin and glucose levels.</P>
</ABS_SELECTION_CRITERIA>
    <ABS_DATA_COLLECTION>
<P>Two review authors independently selected the studies, extracted the data according to the protocol and assessed study quality. The overall quality of the evidence was assessed using GRADE methods.</P>
</ABS_DATA_COLLECTION>
    <ABS_RESULTS>
<P>We included nine randomised controlled trials involving a total of 816 women with PCOS. When metformin was compared with placebo there was no clear evidence of a difference between the groups in live birth rates (OR 1.39, 95% CI 0.81 to 2.40, five RCTs, 551 women, I<SUP>2 </SUP>= 52%, low-quality evidence). Our findings suggest that for a woman with a 32 % chance of achieving a live birth using placebo, the corresponding chance using metformin treatment would be between 28% and 53%.</P>
<P>When metformin was compared with placebo or no treatment, clinical pregnancy rates were higher in the metformin group (OR 1.52; 95% CI 1.07 to 2.15; eight RCTs, 775 women, I<SUP>2 </SUP>= 18%, moderate-quality evidence). This suggests that for a woman with a 31% chance of achieving a clinical pregnancy using placebo or no treatment, the corresponding chance using metformin treatment would be between 32% and 49%.</P>
<P>The risk of ovarian hyperstimulation syndrome was lower in the metformin group (OR 0.29; 95% CI 0.18 to 0.49, eight RCTs, 798 women, I<SUP>2 </SUP>= 11%, moderate-quality evidence). This suggests that for a woman with a 27% risk of having OHSS without metformin the corresponding chance using metformin treatment would be between 6% and 15%.</P>
<P>Side effects (mostly gastrointestinal) were more common in the metformin group (OR 4.49, 95% CI 1.88 to 10.72, for RCTs, 431 women, I<SUP>2</SUP>=57%, low quality evidence<B>)</B>
</P>
<P>The overall quality of the evidence was moderate for the outcomes of clinical pregnancy, OHSS and miscarriage, and low for other outcomes. The main limitations in the evidence were imprecision and inconsistency.</P>
</ABS_RESULTS>
    <ABS_CONCLUSIONS>
<P>This review found no conclusive evidence that metformin treatment before or during ART cycles improved live birth rates in women with PCOS. However, the use of this insulin-sensitising agent increased clinical pregnancy rates and decreased the risk of OHSS. <BR/>
</P>
</ABS_CONCLUSIONS>
  </ABSTRACT>
</DOC>
