<?xml version="1.0"?>
<DOC>
  <TITLE LABEL="Review Title">Antibiotics for community-acquired lower respiratory tract infections secondary to Mycoplasma pneumoniae in children</TITLE>
  <SUMMARY>
    <SUMMARY_TITLE>Antibiotics to treat respiratory infections caused by the bacteria <I>Mycoplasma pneumoniae</I> in children</SUMMARY_TITLE>
    <SUMMARY_BODY>
<P>
<B>Review question</B>
<BR/>This review sought to answer the question of whether antibiotics are effective in the treatment of LRTIs caused by the bacteria <I>Mycoplasma pneumoniae </I>(<I>M. pneumoniae</I>) in children.</P>
<P>
<B>Background</B>
<BR/>
<I>M. pneumoniae</I> is a bacterial infection, often responsible for lower respiratory tract infections (LRTIs) in children. The infection can present in a number of different ways and the most common respiratory manifestations are acute bronchitis, pneumonia or wheezing. The illness is generally self limiting, with symptoms that can last several weeks but may (occasionally) also cause severe pneumonia. Antibiotics are often given to children with <I>M. pneumoniae</I> LRTI.</P>
<P>
<B>Search date</B>
<BR/>We searched for trials published and pending as at July 2014.</P>
<P>
<B>Study characteristics</B>
<BR/>Randomised controlled trials (RCTs) comparing either two types of antibiotic therapy or an antibiotic versus a placebo in children with pneumonia.</P>
<P>
<B>Key results</B>
<BR/>We identified seven studies (1912 children). Within each study, there were some children who had <I>M. pneumoniae </I>but we could not extract relevant data relating to efficacy or adverse events relating only to children with <I>M. pneumoniae. </I>
</P>
<P>
<B>Quality of evidence</B>
<BR/>Overall the quality of the evidence for each of the main outcomes is very low as there are insufficient data for any outcome. Hence, currently, there is insufficient evidence to show conclusively that antibiotics are effective in children with LRTI caused by <I>M. pneumoniae</I>.</P>
</SUMMARY_BODY>
  </SUMMARY>
  <ABSTRACT>
    <ABS_BACKGROUND>
<P>
<I>Mycoplasma pneumoniae</I> (<I>M. pneumoniae</I>) is widely recognised as an important cause of community-acquired lower respiratory tract infection (LRTI) in children. Pulmonary manifestations are typically tracheobronchitis or pneumonia but <I>M. pneumoniae </I>is also implicated in wheezing episodes in both asthmatic and non-asthmatic individuals. Although antibiotics are used to treat LRTIs, a review of several major textbooks offers conflicting advice for using antibiotics in the management of <I>M. pneumoniae</I> LRTI in children.<BR/>
</P>
</ABS_BACKGROUND>
    <ABS_OBJECTIVES>
<P>To determine whether antibiotics are effective in the treatment of childhood LRTI secondary to <I>M. pneumoniae</I> infections acquired in the community.<BR/>
</P>
</ABS_OBJECTIVES>
    <ABS_SEARCH_STRATEGY>
<P>We searched CENTRAL (2014, Issue 3), MEDLINE (1966 to July week 4, 2014), EMBASE (1980 to July, 2014), and both WHO ICTRP and ClinicalTrials.gov (13 August 2014).</P>
</ABS_SEARCH_STRATEGY>
    <ABS_SELECTION_CRITERIA>
<P>Randomised controlled trials (RCTs) comparing antibiotics commonly used for treating <I>M. pneumoniae</I> (i.e. macrolide, tetracycline or quinolone classes) versus placebo, or antibiotics from any other class in the treatment of children under 18 years of age with community-acquired LRTI secondary to <I>M. pneumoniae</I>.</P>
</ABS_SELECTION_CRITERIA>
    <ABS_DATA_COLLECTION>
<P>The review authors independently selected trials for inclusion and assessed methodological quality. We extracted and analysed relevant data separately and resolved disagreements by consensus.</P>
</ABS_DATA_COLLECTION>
    <ABS_RESULTS>
<P>A total of 1912 children were enrolled from seven studies. Data interpretation was limited by the inability to extract data that referred to children with <I>M. pneumoniae</I>. In most studies, clinical response did not differ between children randomised to a macrolide antibiotic and children randomised to a non-macrolide antibiotic. In one controlled study (of children with recurrent respiratory infections, whose acute LRTI was associated with <I>Mycoplasma</I>, <I>Chlamydia </I>or both, by polymerase chain reaction and/or paired sera) 100% of children treated with azithromycin had clinical resolution of their illness compared to 77% not treated with azithromycin at one month.<BR/>
</P>
</ABS_RESULTS>
    <ABS_CONCLUSIONS>
<P>There is insufficient evidence to draw any specific conclusions about the efficacy of antibiotics for this condition in children (although one trial suggests macrolides may be efficacious in some children with LRTI secondary to <I>Mycoplasma)</I>. The use of antibiotics has to be balanced with possible adverse events. There is still a need for high quality, double-blinded RCTs to assess the efficacy and safety of antibiotics for LRTI secondary to <I>M. pneumoniae</I> in children.</P>
</ABS_CONCLUSIONS>
  </ABSTRACT>
</DOC>
