<?xml version="1.0"?>
<DOC>
  <TITLE LABEL="Review Title">Continuous or extended cycle vs. cyclic use of combined hormonal contraceptives for contraception</TITLE>
  <SUMMARY>
    <SUMMARY_TITLE>Combined hormonal contraceptives taken in extended regimens for more than 28 days compare favorably to traditional 28-day cyclic hormonal contraceptives.</SUMMARY_TITLE>
    <SUMMARY_BODY>
<P>Traditional combined hormonal contraceptives (CHCs), including oral contraceptive pills, the transdermal patch, and the vaginal ring, are administered daily for 21 days, followed by a hormone-free week. During the hormone-free week, uterine bleeding occurs. In recent years, other approaches to taking combined hormonal contraceptives have been developed. These include taking the CHCs for longer than 28 consecutive days. Some of the regimens plan occasional breaks in CHC use, while others do not. Delaying or eliminating the break in hormone use has become a popular way for women to avoid monthly bleeding, so we performed this review to compare these newer regimens to traditional CHC dosing regimens. We searched for all randomized controlled trials on this question in any language; we found twelve that met our criteria. The continuous or extended-cycle and traditional regimens appeared similar, as judged by bleeding, discontinuation rates, and reported satisfaction. The studies were too small to address efficacy, rare adverse events, and safety. Extended-cycle (for more than 28 days) or continuous dosing appears to be a reasonable approach to CHC use.</P>
</SUMMARY_BODY>
  </SUMMARY>
  <ABSTRACT>
    <ABS_BACKGROUND>
<P>The avoidance of menstruation through continuous or extended (greater than 28 days) administration of combination hormonal contraceptives (CHCs) has gained legitimacy through its use in treating endometriosis, dysmenorrhea, and menstruation-associated symptoms. Avoidance of menstruation through extended or continuous use of CHCs for reasons of personal preference may have additional advantages to women, including improved compliance, greater satisfaction, fewer menstrual symptoms, and less menstruation-related absenteeism from work or school.</P>
</ABS_BACKGROUND>
    <ABS_OBJECTIVES>
<P>To determine the differences between continuous or extended-cycle CHCs (pills, patch, ring) in regimens of greater than 28 days of active hormone compared with traditional cyclic dosing (21 days of active hormone and 7 days of placebo, or 24 days of active hormones and 4 days of placebo). Our hypothesis was that continuous or extended-cycle CHCs have equivalent efficacy and safety but improved bleeding profiles, amenorrhea rates, adherence, continuation, participant satisfaction, and menstrual symptoms compared with standard cyclic CHCs.</P>
</ABS_OBJECTIVES>
    <ABS_SEARCH_STRATEGY>
<P>We searched computerized databases (Cochrane Central Register of Controlled Trials, PUBMED, EMBASE, POPLINE, LILACS) for trials using continuous or extended CHCs (oral contraceptives, contraceptive ring and patch) during the years 1966 to 2013. We also searched the references in review articles and publications identified for inclusion in the protocol. Investigators were contacted regarding additional references.</P>
</ABS_SEARCH_STRATEGY>
    <ABS_SELECTION_CRITERIA>
<P>All randomized controlled trials in any language comparing continuous or extended-cycle (greater than 28 days of active hormones) versus traditional cyclic administration (21 days of active hormones and 7 days of placebo, or 24 days of active hormones and 4 days of placebo) of CHCs for contraception.</P>
</ABS_SELECTION_CRITERIA>
    <ABS_DATA_COLLECTION>
<P>Titles and abstracts identified from the literature searches were assessed for potential inclusion. Data were extracted onto data collection forms and then entered into RevMan 5. Peto odds ratios with 95% confidence intervals were calculated for all outcomes for dichotomous outcomes. Weighted mean difference was calculated for continuous outcomes. The trials were critically appraised by examining the following factors: study design, blinding, randomization method, group allocation concealment, exclusions after randomization, loss to follow-up, and early discontinuation. Because the included trials did not have a standard treatment (type of CHC formulation, route of delivery, or time length for continuous dosing), we could not aggregate data into meta-analysis.</P>
</ABS_DATA_COLLECTION>
    <ABS_RESULTS>
<P>Twelve randomized controlled trials met our inclusion criteria. Study findings were similar between 28-day and extended or continuous regimens in regard to contraceptive efficacy (i.e., pregnancy rates) and safety profiles. When compliance was reported, no difference between 28-day and extended or continuous cycles was found. Participants reported high satisfaction with both dosing regimens, but this was not an outcome universally studied. Overall discontinuation and discontinuation for bleeding problems were not uniformly higher in either group. The studies that reported menstrual symptoms found that the extended or continuous group fared better in terms of headaches, genital irritation, tiredness, bloating, and menstrual pain. Eleven out of the twelve studies found that bleeding patterns were either equivalent between groups or improved with extended or continuous cycles over time. Endometrial lining assessments by ultrasound and/or endometrial biopsy were done in some participants and were all normal after cyclic or extended CHC use. </P>
</ABS_RESULTS>
    <ABS_CONCLUSIONS>
<P>The 2014 update yielded four additional trials but unchanged conclusions. Evidence from existing randomized control trials comparing continuous or extended-cycle CHCs (greater than 28 days of active combined hormones) to traditional cyclic dosing (21 days of active hormone and 7 days of placebo, or 24 days of active hormone and 4 days of placebo) is of good quality. However, the variations in type of hormones and time length for extended-cycle dosing make a formal meta-analysis impossible. Future studies should choose a previously described type of CHC and dosing regimen. More attention needs to be directed towards participant satisfaction, continuation, and menstruation-associated symptoms.</P>
</ABS_CONCLUSIONS>
  </ABSTRACT>
</DOC>
