<?xml version="1.0"?>
<DOC>
  <TITLE LABEL="Review Title">Perioperative beta-blockers for preventing surgery-related mortality and morbidity</TITLE>
  <SUMMARY>
    <SUMMARY_TITLE>Influence of beta-blockers on perioperative adverse events</SUMMARY_TITLE>
    <SUMMARY_BODY>
<P>Any type of surgery is associated with an increased stress response, which can make the body vulnerable to untoward outcomes. These outcomes may range from death to a heart attack and rhythm disturbances to heart failure, stroke and the like. Beta-blockers are drugs that attenuate this stress response, which results in slowing down of heart rate and a fall in blood pressure. Whereas on the one hand, these effects are desirable to fight the stress response, the same effects—if pronounced—may cause very low blood pressure, a very low pulse and ultimately stroke or death.</P>
<P>In our analysis of current evidence (89 randomized controlled trials with 19,211 participants: heart surgery—53 trials, other types of surgery—36 trials), we showed that beta-blockers had a protective effect against rhythm disturbances after heart surgery. We found no evidence of an effect of beta-blockers on death; on the occurrence of heart attacks, strokes or heart failure; or on development of disproportionately low blood pressure or slow pulse during this type of surgery. Length of hospital stay after heart surgery was reduced by about 0.5 days in patients taking beta-blockers.</P>
<P>In non-cardiac surgery, beta-blockers increased the risk of death and stroke when a representative group of high-quality trials was analysed. The protective effect against heart attacks and rhythm disturbances was counterbalanced by this increased risk of death and stroke. We could not identify evidence of an effect of beta-blockers on heart failure or length of stay in this group of patients.</P>
<P>In conclusion, perioperative use of beta-blockers seems beneficial overall in <I>
<B>cardiac surgery</B>
</I>, as they can substantially reduce the high burden of rhythm disturbances after cardiac surgery. Their influence on death, heart attacks, stroke, heart failure or development of disproportionately low blood pressure or slow pulse in this setting remains unclear.</P>
<P>In <I>
<B>non-cardiac surgery, </B>
</I>evidence from a representative group of high-quality trials shows an increase in death and stroke with the use of beta-blockers. The substantial reduction in rhythm disturbances and heart attacks in this setting seems to be offset by this potential increase in mortality and stroke. As the quality of evidence is still low to moderate, more evidence is needed before a definitive conclusion can be drawn.</P>
</SUMMARY_BODY>
  </SUMMARY>
  <ABSTRACT>
    <ABS_BACKGROUND>
<P>Randomized controlled trials have yielded conflicting results regarding the ability of beta-blockers to influence perioperative cardiovascular morbidity and mortality. Thus routine prescription of these drugs in unselected patients remains a controversial issue.</P>
</ABS_BACKGROUND>
    <ABS_OBJECTIVES>
<P>The objective of this review was to systematically analyse the effects of perioperatively administered beta-blockers for prevention of surgery-related mortality and morbidity in patients undergoing any type of surgery while under general anaesthesia.</P>
</ABS_OBJECTIVES>
    <ABS_SEARCH_STRATEGY>
<P>We identified trials by searching the following databases from the date of their inception until June 2013: MEDLINE, EMBASE, the Cochrane Central Register of Controlled Trials (CENTRAL), Biosis Previews, CAB Abstracts, Cumulative Index to Nursing and Allied Health Literature (CINAHL), Derwent Drug File, Science Citation Index Expanded, Life Sciences Collection, Global Health and PASCAL. In addition, we searched online resources to identify grey literature.</P>
</ABS_SEARCH_STRATEGY>
    <ABS_SELECTION_CRITERIA>
<P>We included randomized controlled trials if participants were randomly assigned to a beta-blocker group or a control group (standard care or placebo). Surgery (any type) had to be performed with all or at least a significant proportion of participants under general anaesthesia.</P>
</ABS_SELECTION_CRITERIA>
    <ABS_DATA_COLLECTION>
<P>Two review authors independently extracted data from all studies. In cases of disagreement, we reassessed the respective studies to reach consensus. We computed summary estimates in the absence of significant clinical heterogeneity. Risk ratios (RRs) were used for dichotomous outcomes, and mean differences (MDs) were used for continuous outcomes. We performed subgroup analyses for various potential effect modifiers.</P>
</ABS_DATA_COLLECTION>
    <ABS_RESULTS>
<P>We included 89 randomized controlled trials with 19,211 participants. Six studies (7%) met the highest methodological quality criteria (studies with overall low risk of bias: adequate sequence generation, adequate allocation concealment, double/triple-blinded design with a placebo group, intention-to-treat analysis), whereas in the remaining trials, some form of bias was present or could not be definitively excluded (studies with overall unclear or high risk of bias). Outcomes were evaluated separately for cardiac and non-cardiac surgery.</P>
<P>
<B>CARDIAC SURGERY (53 trials)</B>
</P>
<P>We found <U>
<B>no clear evidence of an effect</B>
</U> of beta-blockers on the following outcomes.</P>
<P>• <I>
<B>All-cause mortality:</B>
</I> RR 0.73, 95% CI 0.35 to 1.52, 3783 participants, moderate quality of evidence.</P>
<P>• <I>
<B>Acute myocardial infarction (AMI):</B>
</I> RR 1.04, 95% CI 0.71 to 1.51, 3553 participants, moderate quality of evidence.</P>
<P>• <I>
<B>Myocardial ischaemia:</B>
</I> RR 0.51, 95% CI 0.25 to 1.05, 166 participants, low quality of evidence.</P>
<P>• <I>
<B>Cerebrovascular events:</B>
</I> RR 1.52, 95% CI 0.58 to 4.02, 1400 participants, low quality of evidence.</P>
<P>• <I>
<B>Hypotension:</B>
</I> RR 1.54, 95% CI 0.67 to 3.51, 558 participants, low quality of evidence.</P>
<P>• <I>
<B>Bradycardia:</B>
</I> RR 1.61, 95% CI 0.97 to 2.66, 660 participants, low quality of evidence.</P>
<P>• <I>
<B>Congestive heart failure:</B>
</I> RR 0.22, 95% CI 0.04 to 1.34, 311 participants, low quality of evidence.</P>
<P>Beta-blockers significantly <U>
<B>reduced</B>
</U> the occurrence of the following endpoints.</P>
<P>• <I>
<B>Ventricular arrhythmias:</B>
</I> RR 0.37, 95% CI 0.24 to 0.58, number needed to treat for an additional beneficial outcome (NNTB) 29, 2292 participants, moderate quality of evidence.</P>
<P>• <I>
<B>Supraventricular arrhythmias:</B>
</I> RR 0.44, 95% CI 0.36 to 0.53, NNTB six, 6420 participants, high quality of evidence.</P>
<P>• On average, beta-blockers reduced <I>
<B>length of hospital stay</B>
</I> by 0.54 days (95% CI -0.90 to -0.19, 2450 participants, low quality of evidence).</P>
<P>
<B>NON-CARDIAC SURGERY (36 trials)</B>
</P>
<P>We found a <U>
<B>potential increase</B>
</U> in the occurrence of the following outcomes with the use of beta-blockers.</P>
<P>• <I>
<B>All-cause mortality:</B>
</I> RR 1.24, 95% CI 0.99 to 1.54, 11,463 participants, low quality of evidence.</P>
<P>Whereas no clear evidence of an effect was noted when all studies were analysed, restricting the meta-analysis to low risk of bias studies revealed a significant increase in all-cause mortality with the use of beta-blockers: RR 1.27, 95% CI 1.01 to 1.59, number needed to treat for an additional harmful outcome (NNTH) 189, 10,845 participants.</P>
<P>• <I>
<B>Cerebrovascular events:</B>
</I> RR 1.59, 95% CI 0.93 to 2.71, 9150 participants, low quality of evidence.</P>
<P>Whereas no clear evidence of an effect was found when all studies were analysed, restricting the meta-analysis to low risk of bias studies revealed a significant increase in cerebrovascular events with the use of beta-blockers: RR 2.09, 95% CI 1.14 to 3.82, NNTH 255, 8648 participants.</P>
<P>Beta-blockers significantly <U>
<B>reduced</B>
</U> the occurrence of the following endpoints.</P>
<P>• <I>
<B>AMI:</B>
</I> RR 0.73, 95% CI 0.61 to 0.87, NNTB 72, 10,958 participants, high quality of evidence.</P>
<P>• <I>
<B>Myocardial ischaemia:</B>
</I> RR 0.43, 95% CI 0.27 to 0.70, NNTB seven, 1028 participants, moderate quality of evidence.</P>
<P>• <I>
<B>Supraventricular arrhythmias:</B>
</I> RR 0.72, 95% CI 0.56 to 0.92, NNTB 111, 8794 participants, high quality of evidence.</P>
<P>Beta-blockers significantly <U>
<B>increased</B>
</U> the occurrence of the following adverse events.</P>
<P>• <I>
<B>Hypotension:</B>
</I> RR 1.50, 95% CI 1.38 to 1.64, NNTH 15, 10,947 participants, high quality of evidence.</P>
<P>• <I>
<B>Bradycardia:</B>
</I> RR 2.24, 95% CI 1.49 to 3.35, NNTH 18, 11,083 participants, moderate quality of evidence.</P>
<P>We found <U>
<B>no clear evidence of an effect</B>
</U> of beta-blockers on the following outcomes.</P>
<P>• <I>
<B>Ventricular arrhythmias:</B>
</I> RR 0.64, 95% CI 0.30 to 1.33, 526 participants, moderate quality of evidence.</P>
<P>• <I>
<B>Congestive heart failure:</B>
</I> RR 1.17, 95% CI 0.93 to 1.47, 9223 participants, moderate quality of evidence.</P>
<P>• <I>
<B>Length of hospital stay:</B>
</I> mean difference -0.27 days, 95% CI -1.29 to 0.75, 601 participants, low quality of evidence.</P>
</ABS_RESULTS>
    <ABS_CONCLUSIONS>
<P>According to our findings, perioperative application of beta-blockers still plays a pivotal role in <I>
<B>cardiac surgery</B>
</I>, as they can substantially reduce the high burden of supraventricular and ventricular arrhythmias in the aftermath of surgery. Their influence on mortality, AMI, stroke, congestive heart failure, hypotension and bradycardia in this setting remains unclear.</P>
<P>In <I>
<B>non-cardiac surgery, </B>
</I>evidence from low risk of bias trials shows an increase in all-cause mortality and stroke with the use of beta-blockers. As the quality of evidence is still low to moderate, more evidence is needed before a definitive conclusion can be drawn. The substantial reduction in supraventricular arrhythmias and AMI in this setting seems to be offset by the potential increase in mortality and stroke.</P>
</ABS_CONCLUSIONS>
  </ABSTRACT>
</DOC>
