<?xml version="1.0"?>
<DOC>
  <TITLE LABEL="Review Title">Print-based self-help interventions for smoking cessation</TITLE>
  <SUMMARY>
    <SUMMARY_TITLE>Do printed self-help materials containing information about how to give up smoking help people to quit</SUMMARY_TITLE>
    <SUMMARY_BODY>
<P>
<B>Background</B>
</P>
<P>We reviewed the evidence that printed materials giving structured advice about how to stop smoking help people to quit. We looked for trials of any type of printed self-help material which gave structured support and advice about quitting. We also included materials in audio or video format but we did not include internet programmes or other formats. Trials had to include people who smoked, but they did not need to be currently trying to give up. We were interested in the number of people who were not smoking at least 6 months from the time when materials were provided. Some trials mailed materials on more than one occasion. Some trials gathered information about smoking history and habits in order to provide materials which were individually tailored to the characteristics of the smoker (tailored materials). In some trials, there was no face-to-face contact, and the materials were the only support. Other trials gave everyone advice and were designed to test whether there was any additional benefit from providing written materials.</P>
<P>
<B>Study characteristics</B>
</P>
<P>This evidence is current to April 2014. We identified 74 studies. Most of them took place in North America or Europe and were conducted in adults. Most studies did not require that people wanted to quit smoking in order to join. Although some studies were judged to be at possible risk of bias, mainly because the papers did not report the methods in detail, this did not affect the overall conclusions from the review.</P>
<P>
<B>Key results</B>
</P>
<P>Based on 11 studies with over 21,000 participants, there was evidence of a small benefit of printed non-tailored structured self-help materials when provided without any other contact. The likelihood of quitting was increased by about 20%. If self help was compared to even a brief pamphlet about smoking (6 studies), there was no evidence of additional benefit from structured materials. When self-help materials were provided in addition to brief face-to-face contact (5 studies) or advice (11 studies), there was no longer any evidence of additional benefit compared to the effect of contact or advice alone.</P>
<P>We found 31 trials which provided written materials that were individually tailored. Some studies compared these to no materials and some to non-tailored materials. There was evidence based on 9 studies with over 13,000 participants that tailored materials were of more benefit than no materials. There was also weaker evidence from an additional 22 studies that tailored materials were of more benefit than non-tailored materials.</P>
<P>
<B>Conclusions</B>
</P>
<P>The size of benefit from self-help materials is small, with only about 1 additional successful quitter expected from 100 people receiving materials with no other support. Studies of this type often sent materials to people who were not trying to quit, and the number of successful quitters was low. Most studies also took place in countries where more intensive support was available for people wanting to quit (for example, counselling). People were more likely to make successful quit attempts when they had face-to-face support, but in these studies giving materials did not help increase success further. People who choose to use materials may find them helpful, especially if more intensive support is not available to them, but people who want to quit should be encouraged to seek more intensive support if it is available.</P>
</SUMMARY_BODY>
  </SUMMARY>
  <ABSTRACT>
    <ABS_BACKGROUND>
<P>Many smokers give up smoking on their own, but materials giving advice and information may help them and increase the number who quit successfully.</P>
</ABS_BACKGROUND>
    <ABS_OBJECTIVES>
<P>The aims of this review were to determine: the effectiveness of different forms of print-based self-help materials, compared with no treatment and with other minimal contact strategies; the effectiveness of adjuncts to print-based self help, such as computer-generated feedback, telephone hotlines and pharmacotherapy; and the effectiveness of approaches tailored to the individual compared with non-tailored materials.</P>
</ABS_OBJECTIVES>
    <ABS_SEARCH_STRATEGY>
<P>We searched the Cochrane Tobacco Addiction Group trials register. Date of the most recent search April 2014.</P>
</ABS_SEARCH_STRATEGY>
    <ABS_SELECTION_CRITERIA>
<P>We included randomized trials of smoking cessation with follow-up of at least six months, where at least one arm tested a print-based self-help intervention. We defined self help as structured programming for smokers trying to quit without intensive contact with a therapist.</P>
</ABS_SELECTION_CRITERIA>
    <ABS_DATA_COLLECTION>
<P>We extracted data in duplicate on the participants, the nature of the self-help materials, the amount of face-to-face contact given to intervention and to control conditions, outcome measures, method of randomization, and completeness of follow-up.</P>
<P>The main outcome measure was abstinence from smoking after at least six months follow-up in people smoking at baseline. We used the most rigorous definition of abstinence in each trial, and biochemically validated rates when available. Where appropriate, we performed meta-analysis using a fixed-effect model.</P>
</ABS_DATA_COLLECTION>
    <ABS_RESULTS>
<P>We identified 74 trials which met the inclusion criteria. Many study reports did not include sufficient detail to judge risk of bias for some domains. Twenty-eight studies (38%) were judged at high risk of bias for one or more domains but the overall risk of bias across all included studies was judged to be moderate, and unlikely to alter the conclusions.</P>
<P>Thirty-four trials evaluated the effect of standard, non-tailored self-help materials. Pooling 11 of these trials in which there was no face-to-face contact and provision of structured self-help materials was compared to no intervention gave an estimate of benefit that just reached statistical significance (n = 13,241, risk ratio [RR] 1.19, 95% confidence interval [CI] 1.04 to 1.37). This analysis excluded two trials with strongly positive outcomes that introduced significant heterogeneity. Six further trials without face-to-face contact in which the control group received alternative written materials did not show evidence for an effect of the smoking self-help materials (n = 7023, RR 0.88, 95% CI 0.74 to 1.04). When these two subgroups were pooled, there was no longer evidence for a benefit of standard structured materials (n = 20,264, RR 1.06, 95% CI 0.95 to 1.18). We failed to find evidence of benefit from providing standard self-help materials when there was brief contact with all participants (5 trials, n = 3866, RR 1.17, 95% CI 0.96 to 1.42), or face-to-face advice for all participants (11 trials, n = 5365, RR 0.97, 95% CI 0.80 to 1.18).</P>
<P>Thirty-one trials offered materials tailored for the characteristics of individual smokers, with controls receiving either no materials, or stage matched or non-tailored materials. Most of the trials used more than one mailing. Pooling these showed a benefit of tailored materials (n = 40,890, RR 1.28, 95% CI 1.18 to 1.37) with moderate heterogeneity (I² = 32%). The evidence is strongest for the subgroup of nine trials in which tailored materials were compared to no intervention (n = 13,437, RR 1.35, 95% CI 1.19 to 1.53), but also supports tailored materials as more helpful than standard materials. Part of this effect could be due to the additional contact or assessment required to obtain individual data, since the subgroup of 10 trials where the number of contacts was matched did not detect an effect (n = 11,024, RR 1.06, 95% CI 0.94 to 1.20). In two trials including a direct comparison between tailored materials and brief advice from a health care provider, there was no evidence of a difference, but confidence intervals were wide (n = 2992, RR 1.13, 95% CI 0.86 to 1.49).</P>
<P>Only four studies evaluated self-help materials as an adjunct to nicotine replacement therapy, with no evidence of additional benefit (n = 2291, RR 1.05, 95% CI 0.88 to 1.25). A small number of other trials failed to detect benefits from using additional materials or targeted materials, or to find differences between different self-help programmes.</P>
</ABS_RESULTS>
    <ABS_CONCLUSIONS>
<P>Standard, print-based self-help materials increase quit rates compared to no intervention, but the effect is likely to be small. We did not find evidence that they have an additional benefit when used alongside other interventions such as advice from a healthcare professional, or nicotine replacement therapy. There is evidence that materials that are tailored for individual smokers are more effective than non-tailored materials, although the absolute size of effect is still small. Available evidence tested self-help interventions in high income countries; further research is needed to investigate their effect in contexts where more intensive support is not available.</P>
</ABS_CONCLUSIONS>
  </ABSTRACT>
</DOC>
