<?xml version="1.0"?>
<DOC>
  <TITLE LABEL="Review Title">Intermittent catheterisation for long-term bladder management</TITLE>
  <SUMMARY>
    <SUMMARY_TITLE>Intermittent catheterisation for long-term bladder management</SUMMARY_TITLE>
    <SUMMARY_BODY>
<P>
<B>
<I>Background</I>
</B>
</P>
<P>Intermittent catheterisation is a common treatment used by people who have bladder emptying problems. A hollow tube (catheter) is passed through the channel to the bladder (urethra) or through a surgically made channel to the skin surface to regularly empty the bladder, usually several times every day. This treatment is used by people who have difficulty emptying their bladders themselves. However, this treatment often causes urine infections resulting in school or work absences or even hospitalisations.</P>
<P>
<B>
<I>Review question</I>
</B>
</P>
<P>There are different catheter designs and techniques which may affect urine infection. In this review we focused on urine infection in people who used different catheterisation techniques; different designs of catheter (coated [pre-lubricated] or uncoated [separate or no lubricant]); sterile (single-use) catheters or clean (multiple-use) catheters; self-catheterisation or catheterisation by others (such as parents or carers); and other strategies designed to reduce urine infection, including different ways of catheter cleaning for multiple-use. We also focused on user satisfaction, preference and ease of use.</P>
<P>
<B>
<I>Study characteristics</I>
</B>
</P>
<P>Studies on urine infection and intermittent catheterisation are difficult for researchers to undertake because participants need to take part for many months and tend to drop out. Many of the reviewed trials were too small and had problems with participants not wanting to continue in the trial. Definitions of urine infection also varied considerably. Thus well-designed and long-term trials are strongly recommended. </P>
<P>
<B>
<I>Key results and quality of the evidence</I>
</B>
</P>
<P>Thirty-one trials were included in the review. Currently, the evidence is weak and it is not possible to state that any catheter design, technique or strategy is better than another. Future research should consider cost as it is likely that there are big differences between different catheter designs and techniques.</P>
</SUMMARY_BODY>
  </SUMMARY>
  <ABSTRACT>
    <ABS_BACKGROUND>
<P>Intermittent catheterisation is a commonly recommended procedure for people with incomplete bladder emptying. There are now several designs of intermittent catheter (e.g. different lengths, 'ready to use' presentation) with different materials (e.g. PVC-free) and coatings (e.g. hydrophilic). The most frequent complication of intermittent catheterisation is urinary tract infection (UTI), but satisfaction, preference and ease of use are also important to users. It is unclear which catheter designs, techniques or strategies affect the incidence of UTI, which are preferable to users and which are most cost effective.</P>
</ABS_BACKGROUND>
    <ABS_OBJECTIVES>
<P>To compare one type of catheter design versus another, one type of catheter material versus another, aseptic catheterisation technique versus clean technique, single-use (sterile) catheters versus multiple-use (clean) catheters, self-catheterisation versus catheterisation by others and any other strategies designed to reduce UTI and other complications or improve user-reported outcomes (user satisfaction, preference, ease of use) and cost effectiveness in adults and children using intermittent catheterisation for incomplete bladder emptying.</P>
</ABS_OBJECTIVES>
    <ABS_SEARCH_STRATEGY>
<P>We searched the Cochrane Incontinence Group Specialised Register, which contains trials identified from the Cochrane Central Register of Controlled Trials (CENTRAL), MEDLINE, MEDLINE in process, and handsearching of journals and conference proceedings (searched 30 September 2013), the reference lists of relevant articles and conference proceedings, and we attempted to contact other investigators for unpublished data or for clarification.</P>
</ABS_SEARCH_STRATEGY>
    <ABS_SELECTION_CRITERIA>
<P>Randomised controlled trials (RCTs) or randomised cross-over trials comparing at least two different catheter designs, catheterisation techniques or strategies.</P>
</ABS_SELECTION_CRITERIA>
    <ABS_DATA_COLLECTION>
<P>Two review authors assessed the methodological quality of trials and abstracted data. For dichotomous variables, risk ratios and 95% confidence intervals were derived for each outcome where possible. For continuous variables, mean differences and 95% confidence intervals were calculated for each outcome. Because of trial heterogeneity, it was not always possible to combine data to give an overall estimate of treatment effect.</P>
</ABS_DATA_COLLECTION>
    <ABS_RESULTS>
<P>Thirty-one trials met the inclusion criteria, including 13 RCTs and 18 cross-over trials. Most were small (less than 60 participants completed), although five trials had more than 100 participants. There was considerable variation in length of follow-up and definitions of UTI. Participant dropout was a problem for several trials, particularly where there was long-term follow-up to measure incidence of UTI. Fifteen trials were more than 10 years old and focused mainly on comparing different catheterisation techniques (e.g. single versus multiple-use) on clinical outcomes whereas, several more recent trials have focused on comparing different types of catheter designs or materials, especially coatings, and user preference. It was not possible to combine data from some trials owing to variations in the catheters tested and in particular the catheter coatings. Where there were data, confidence intervals around estimates were wide and hence clinically important differences in UTI and other outcomes could neither be identified nor reliably ruled out. No study assessed cost-effectiveness.</P>
</ABS_RESULTS>
    <ABS_CONCLUSIONS>
<P>Despite a total of 31 trials, there is still no convincing evidence that the incidence of UTI is affected by use of aseptic or clean technique, coated or uncoated catheters, single (sterile) or multiple-use (clean) catheters, self-catheterisation or catheterisation by others, or by any other strategy. Results from user-reported outcomes varied. The current research evidence is weak and design issues are significant. More well-designed trials are strongly recommended. Such trials should include analysis of cost-effectiveness because there are likely to be substantial differences associated with the use of different catheter designs, catheterisation techniques and strategies.</P>
</ABS_CONCLUSIONS>
  </ABSTRACT>
</DOC>
