<?xml version="1.0"?>
<DOC>
  <TITLE LABEL="Review Title">Glutamine supplementation for young infants with severe gastrointestinal disease</TITLE>
  <SUMMARY>
    <SUMMARY_TITLE>Glutamine supplementation for young infants with severe gastrointestinal disease</SUMMARY_TITLE>
    <SUMMARY_BODY>
<P>Glutamine is an amino acid that helps tissues, particularly in the gastrointestinal tract, recover from damage. We looked for evidence that giving extra glutamine to young infants with severe bowel problems helps them to recover faster and more fully. At present, only three trials are available; results suggest that supplemental glutamine has no benefit for these infants.</P>
</SUMMARY_BODY>
  </SUMMARY>
  <ABSTRACT>
    <ABS_BACKGROUND>
<P>Endogenous glutamine biosynthesis may be insufficient to meet the needs of people with severe gastrointestinal disease. Results from studies using experimental animal models of gastrointestinal disease have suggested that glutamine supplementation improves clinical outcomes. This review examines evidence on the effect of glutamine supplementation in young infants with severe gastrointestinal disease.</P>
</ABS_BACKGROUND>
    <ABS_OBJECTIVES>
<P>To assess the effect of supplemental glutamine on mortality and morbidity in young infants with severe gastrointestinal disease.</P>
</ABS_OBJECTIVES>
    <ABS_SEARCH_STRATEGY>
<P>We searcheed the Cochrane Central Register of Controlled Trials (<I>The Cochrane Library</I>, 2014, Issue 8), MEDLINE, EMBASE, and CINAHL (from inception to September 2014), conference proceedings, and reference lists from previous reviews.</P>
</ABS_SEARCH_STRATEGY>
    <ABS_SELECTION_CRITERIA>
<P>Randomised or quasi-randomised controlled trials that compared glutamine supplementation versus no glutamine supplementation in infants up to three months old (corrected for preterm birth if necessary) with severe gastrointestinal disease defined as a congenital or acquired gastrointestinal condition that is likely to necessitate providing parenteral nutrition for at least 24 hours.</P>
</ABS_SELECTION_CRITERIA>
    <ABS_DATA_COLLECTION>
<P>Two review authors assessed trial eligibility and risk of bias and undertook data extraction independently. We analysed the treatment effects in the individual trials and reported the risk ratio (RR) and risk difference (RD) for dichotomous data and mean difference for continuous data, with 95% confidence intervals (CI). We used a fixed-effect model in meta-analyses and explored the potential causes of heterogeneity in sensitivity analyses.</P>
</ABS_DATA_COLLECTION>
    <ABS_RESULTS>
<P>We found three trials in which a total of 274 infants participated. The trials were of good methodological quality but were too small to detect clinically important effects of glutamine supplementation. Meta-analyses did not reveal a statistically significant difference in the risk of death before hospital discharge (typical RR 0.79, 95% CI 0.19 to 3.20; typical RD -0.01, 95% CI -0.05 to 0.03) or in the rate of invasive infection (typical RR 1.37, 95% CI 0.89 to 2.11; typical RD 0.08, 95% CI -0.03 to 0.18]).</P>
</ABS_RESULTS>
    <ABS_CONCLUSIONS>
<P>The available data from randomised controlled trials do not suggest that glutamine supplementation has any important benefits for young infants with severe gastrointestinal disease.</P>
</ABS_CONCLUSIONS>
  </ABSTRACT>
</DOC>
