<?xml version="1.0"?>
<DOC>
  <TITLE LABEL="Review Title">Alpha2-adrenergic agonists for the management of opioid withdrawal</TITLE>
  <SUMMARY>
    <SUMMARY_TITLE>Clonidine, lofexidine and similar medications for the management of opioid withdrawal</SUMMARY_TITLE>
    <SUMMARY_BODY>
<P>
<B>Review question</B>
</P>
<P>We reviewed the evidence about the effect of alpha<SUB>2</SUB>-adrenergic agonists (clonidine, lofexidine, guanfacine and tizanidine) in managing withdrawal in people who are dependent on opioid drugs (eg
, heroin, methadone).</P>
<P>
<B>Background</B>
</P>
<P>Managed withdrawal, or detoxification, is a required first step for longer-term treatments of opioid dependence. The combination of uncomfortable symptoms and intense craving makes completion of opioid withdrawal difficult for most people. For many years, the main approach to detoxification involved suppression of withdrawal with methadone and gradual reduction of the methadone dose. The use of methadone in this way has been limited by government restrictions on prescription of methadone and dislike of the drawn out nature of methadone withdrawal. Clonidine and similar medications (known as alpha<SUB>2</SUB>-adrenergic agonists) offer an alternative approach. This review considered whether alpha<SUB>2</SUB>-adrenergic agonists are more effective than reducing doses of methadone, and whether there are any differences in the effectiveness of different types of alpha<SUB>2</SUB>-adrenergic agonist.</P>
<P>
<B>Search date</B>
</P>
<P>We searched the scientific literature in August 2013.</P>
<P>
<B>Study characteristics</B>
</P>
<P>We identified 25 randomised controlled trials (clinical studies where people are randomly put into one of two or more treatment groups), involving 1668 opioid-dependent participants. The studies were undertaken in 11 different countries and involved treatment with an alpha<SUB>2</SUB>-adrenergic agonist (clonidine, lofexidine, guanfacine and in one study, tizanidine) compared with reducing doses of methadone (12 studies), placebo (five studies), or symptomatic medications (four studies). Five studies compared different alpha<SUB>2</SUB>-adrenergic agonists. In most studies, treatment was scheduled to last for one to two weeks; the shortest duration was three days and the longest was 30 days.</P>
<P>Six studies received some financial support from a pharmaceutical company.</P>
<P>
<B>Key results</B>
</P>
<P>Opioid withdrawal was similar with alpha<SUB>2</SUB>-adrenergic agonists and reducing doses of methadone but the duration of treatment was longer and there were fewer adverse effects with methadone. Withdrawal signs and symptoms occurred earlier with alpha<SUB>2</SUB>-adrenergic agonists, within a few days of cessation of the opioid drugs. The chances of completing withdrawal treatment were similar.</P>
<P>Clonidine and lofexidine were more effective than placebo in managing withdrawal from heroin or methadone, and were associated with higher chances of completing treatment.</P>
<P>Lofexidine had less effect on blood pressure than clonidine.</P>
<P>
<B>Quality of the evidence</B>
</P>
<P>For alpha<SUB>2</SUB>-adrenergic agonists compared with placebo, the evidence was very low to moderate quality. This indicates that further evidence would be likely to change the estimates of relative effect that were made in this review. However, the evidence is sufficient to indicate that alpha<SUB>2</SUB>-adrenergic agonists are more effective than placebo making further comparisons of this nature inappropriate on ethical grounds.</P>
<P>For the comparison of alpha<SUB>2</SUB>-adrenergic agonists with reducing doses of methadone, the quality is rated as low to moderate. The key reasons for the low quality were small numbers of studies reporting some outcomes, low rates of occurrence of some events (eg, drop-out due to adverse effects) and variability between studies.<BR/>
</P>
</SUMMARY_BODY>
  </SUMMARY>
  <ABSTRACT>
    <ABS_BACKGROUND>
<P>Withdrawal is a necessary step prior to drug-free treatment or as the endpoint of long-term substitution treatment.</P>
</ABS_BACKGROUND>
    <ABS_OBJECTIVES>
<P>To assess the effectiveness of interventions involving the use of alpha<SUB>2</SUB>-adrenergic agonists compared with placebo, reducing doses of methadone, symptomatic medications or with comparison of different alpha<SUB>2</SUB>-adrenergic agonists, for the management of the acute phase of opioid withdrawal. Outcomes included the intensity of signs and symptoms and overall withdrawal syndrome experienced, duration of treatment, occurrence of adverse effects and completion of treatment.</P>
</ABS_OBJECTIVES>
    <ABS_SEARCH_STRATEGY>
<P>We searched the Cochrane Central Register of Controlled Trials (Issue 7, 2013), MEDLINE (1946 to July week 4, 2013), EMBASE (January 1985 to August week 1, 2013), PsycINFO (1806 to July week 5, 2013) and reference lists of articles. We also contacted manufacturers in the field.</P>
</ABS_SEARCH_STRATEGY>
    <ABS_SELECTION_CRITERIA>
<P>Randomised controlled trials comparing alpha<SUB>2</SUB>-adrenergic agonists (clonidine, lofexidine, guanfacine, tizanidine) with reducing doses of methadone, symptomatic medications or placebo, or comparing different alpha<SUB>2</SUB>-adrenergic agonists to modify the signs and symptoms of withdrawal in participants who were opioid dependent.</P>
</ABS_SELECTION_CRITERIA>
    <ABS_DATA_COLLECTION>
<P>One review author assessed studies for inclusion and undertook data extraction. All review authors decided on inclusion and confirmed the overall process.</P>
</ABS_DATA_COLLECTION>
    <ABS_RESULTS>
<P>We included 25 randomised controlled trials, involving 1668 participants. Five studies compared a treatment regimen based on an alpha<SUB>2</SUB>-adrenergic agonist with placebo, 12 with a regimen based on reducing doses of methadone, four with symptomatic medications and five compared different alpha<SUB>2</SUB>-adrenergic agonists.</P>
<P>Alpha<SUB>2</SUB>-adrenergic agonists were more effective than placebo in ameliorating withdrawal in terms of the likelihood of severe withdrawal (risk ratio (RR) 0.32, 95% confidence interval (CI) 0.18 to 0.57, 3 studies, 148 participants). Completion of treatment was significantly more likely with alpha<SUB>2</SUB>-adrenergic agonists compared with placebo (RR 1.95, 95% CI 1.34 to 2.84, 3 studies, 148 participants).</P>
<P>Alpha<SUB>2</SUB>-adrenergic agonists were somewhat less effective than reducing doses of methadone in ameliorating withdrawal symptoms, as measured by the likelihood of severe withdrawal (RR 1.18, 95% CI 0.81 to 1.73, 5 studies, 340 participants), peak withdrawal score (standardised mean difference (SMD) 0.22, 95% CI -0.02 to 0.46, 2 studies, 263 participants) and overall withdrawal severity (SMD 0.13, 95% CI -0.24 to 0.49, 3 studies, 119 participants). These differences were not statistically significant. The signs and symptoms of withdrawal occurred and resolved earlier with alpha<SUB>2</SUB>-adrenergic agonists. The duration of treatment was significantly longer with reducing doses of methadone (SMD -1.07, 95% CI -1.31 to -0.83, 3 studies, 310 participants). Hypotensive or other adverse effects were significantly more likely with alpha<SUB>2</SUB>-adrenergic agonists (RR 1.92, 95% CI 1.19 to 3.10, 6 studies, 464 participants) but there was no significant difference in rates of completion of withdrawal treatment (RR 0.85, 95% CI 0.69 to 1.05, 9 studies, 659 participants).</P>
<P>There were insufficient data for quantitative comparison of different alpha<SUB>2</SUB>-adrenergic agonists. Available data suggest that lofexidine does not reduce blood pressure to the same extent as clonidine, but is otherwise similar to clonidine.</P>
</ABS_RESULTS>
    <ABS_CONCLUSIONS>
<P>Clonidine and lofexidine are more effective than placebo for the management of withdrawal from heroin or methadone. No significant difference in efficacy was detected for treatment regimens based on clonidine or lofexidine, and those based on reducing doses of methadone over a period of around 10 days but methadone is associated with fewer adverse effects than clonidine, and lofexidine has a better safety profile than clonidine.</P>
</ABS_CONCLUSIONS>
  </ABSTRACT>
</DOC>
