<?xml version="1.0"?>
<DOC>
  <TITLE LABEL="Review Title">Embolisation for pulmonary arteriovenous malformation</TITLE>
  <SUMMARY>
    <SUMMARY_TITLE>Embolisation therapy for pulmonary arteriovenous malformations</SUMMARY_TITLE>
    <SUMMARY_BODY>
<P>Pulmonary arteriovenous malformations are abnormal connections between arteries and veins in the lung. They are known to cause serious complications such as stroke, brain abscess, bleeding in the lung and poor oxygenation. Embolisation is the mainstream treatment for pulmonary arteriovenous malformations. During embolisation, balloon or coil embolisation devices, or both combined, are used to block the feeding artery or arteries to the pulmonary arteriovenous malformation. These malformations can often be small, multiple and widely spread out thus not all of them are suitable for embolisation treatment. In this systematic review, we did not include any randomised controlled trials of embolisation versus surgery or comparing different embolisation devices; but one potentially eligible ongoing trial has been identified. While accumulated observational studies have suggested benefits of embolisation, randomised controlled trials are not always feasible on ethical grounds. In the absence of randomised controlled trials, a standardised approach to reporting, as well as long-term follow-up through registry studies can help to improve the safety and outcome of embolisation for pulmonary arteriovenous malformations.</P>
</SUMMARY_BODY>
  </SUMMARY>
  <ABSTRACT>
    <ABS_BACKGROUND>
<P>Pulmonary arteriovenous malformations are abnormal direct connections between the pulmonary artery and pulmonary vein which result in a right-to-left shunt. They are associated with substantial morbidity and mortality mainly from the effects of paradoxical emboli. Potential complications include stroke, cerebral abscess, pulmonary haemorrhage and hypoxaemia. Embolisation is an endovascular intervention based on the occlusion of the feeding arteries the pulmonary arteriovenous malformations thus eliminating the abnormal right-to-left-shunting.</P>
</ABS_BACKGROUND>
    <ABS_OBJECTIVES>
<P>To determine the efficacy and safety of embolisation in patients with pulmonary arteriovenous malformations including a comparison with surgical resection and different embolisation devices.</P>
</ABS_OBJECTIVES>
    <ABS_SEARCH_STRATEGY>
<P>We searched the Cystic Fibrosis and Genetic Disorders Group's Trials Register; date of last search: 31 March 2014.</P>
<P>We also searched the following databases: the Australian New Zealand Clinical Trials Registry; ClinicalTrials.gov; International Standard Randomised Controlled Trial Number Register; International Clinical Trials Registry Platform Search Portal (last searched 1 July 2014).</P>
<P>We checked cross-references and searched references from review articles.</P>
</ABS_SEARCH_STRATEGY>
    <ABS_SELECTION_CRITERIA>
<P>Trials in which individuals with pulmonary arteriovenous malformations were randomly allocated to embolisation compared to no treatment, surgical resection or embolisation using a different embolisation device<I>.</I>
</P>
</ABS_SELECTION_CRITERIA>
    <ABS_DATA_COLLECTION>
<P>Studies identified for potential inclusion were independently assessed for eligibility by two authors, with excluded studies further checked by a third author. No trials were identified for inclusion in the review and hence no analysis was performed.</P>
</ABS_DATA_COLLECTION>
    <ABS_RESULTS>
<P>There were no randomised controlled trials included in the review; one ongoing trial has been identified which may be eligible for inclusion in the future.</P>
</ABS_RESULTS>
    <ABS_CONCLUSIONS>
<P>There is no evidence from randomised controlled trials for embolisation of pulmonary arteriovenous malformations. However, randomised controlled trials are not always feasible on ethical grounds. Accumulated data from observational studies suggest that embolisation reduces morbidity. A standardised approach to reporting with long-term follow-up through registry studies can help to strengthen the evidence for embolisation in the absence of randomised controlled trials.</P>
</ABS_CONCLUSIONS>
  </ABSTRACT>
</DOC>
