<?xml version="1.0"?>
<DOC>
  <TITLE LABEL="Review Title">Effectiveness of different treatment modalities for the management of adult-onset granulosa cell tumours of the ovary (primary and recurrent)</TITLE>
  <SUMMARY>
    <SUMMARY_TITLE>Are any effective treatment options available for the management of granulosa cell tumour of the ovary?</SUMMARY_TITLE>
    <SUMMARY_BODY>
<P>
<B>Background </B>
</P>
<P>Granulosa cell tumours (GCTs) of the ovary are rare ovarian tumours (2% to 5% of all ovarian cancers). Most ovarian tumours arise from the outer surface layer of the ovary, but GCTs arise from granulosa cells (sex cord cells) within the ovaries that produce oestrogen (primary female sex hormones). These tumours grow relatively slowly and can recur 10 to 15 years after primary treatment. If women with these tumours want to have children, the surgeon usually removes only the diseased ovary. However, standard treatment has consisted of surgery to remove tubes, ovaries and uterus, as most women develop GCTs around the time of the menopause, when fertility is no longer a matter of concern.</P>
<P>
<B>Review question</B>
</P>
<P>Previous studies have assessed chemotherapy (different combination regimens) with or without radiotherapy following surgery. This review aimed to examine the effects of various treatment methods, including fertility-sparing surgery, on the survival of women with GCT of the ovary.</P>
<P>
<B>Main findings</B>
</P>
<P>Five retrospective studies (including 535 women with a diagnosis of GCT) met our inclusion criteria.</P>
<P>Two studies, which attempted to identify factors associated with better outcomes (in terms of overall survival), suggested that no apparent evidence could be found of differences in overall survival between surgical approaches (including whether the surgery was keyhole or open) whether a patient underwent lymphadenectomy (removal of lymph nodes) or received adjuvant chemotherapy or radiotherapy. Only percentage of survival for all women combined was reported in two trials and was not reported at all in one study.</P>
<P>One study showed that women who received postoperative radiotherapy had lower risk of disease recurrence compared with those who underwent only surgery. In three studies, no apparent evidence to suggest that disease recurrence was associated with type of adjuvant chemotherapy or type of surgery, although surgical staging may be important. In one study, disease recurrence was not noted to be different between patients who underwent fertility-sparing surgery, where only the affected fallopian tube and ovary were removed, and those treated with conventional surgery, in which both tubes and ovaries were removed. Given the high overall survival rate, fertility-sparing surgery may be an important treatment option for young patients wishing to have children in the future. Recurrence-free survival was not reported in one study.</P>
<P>Toxicity and adverse event data were incompletely reported in the five studies. None of the five studies reported on quality of life. All studies were at very high risk of bias (low quality).</P>
<P>
<B>Quality of the evidence</B>
</P>
<P>All five studies were retrospective (looked at past findings) and were at very high risk of bias (low quality); therefore future studies should look at current evidence in randomised studies on adult GCT of the ovary. Three randomised studies comparing chemotherapy are ongoing. The study that may be able to answer the question regarding best choice of chemotherapy in sex cord stromal tumours is an ongoing randomised study comparing the efficacy of two drugs (carboplatin and paclitaxel) versus standard chemotherapy (BEP - bleomycin, etoposide, cisplatin).</P>
<P>Overall, the evidence in this review is of low quality, which may seriously weaken confidence in the results. Further research is very likely to have an important impact on evidence provided in the future. The effectiveness and safety of different ways of treating patients with adult-onset granulosa cell tumour of the ovary have not yet been assessed by high-quality studies. Such trials are required to assess toxicity and quality of life associated with different treatments and to assess the safety of the types of surgery used. Generally, current evidence is not robust enough to allow recommendations for changes in clinical practice.
<B>
<BR/>
</B>

</P>
</SUMMARY_BODY>
  </SUMMARY>
  <ABSTRACT>
    <ABS_BACKGROUND>
<P>Granulosa cell tumour is a rare gynaecological tumour of the ovary with recurrences many years after initial diagnosis and treatment. Evidence-based management of granulosa cell tumour of the ovary is limited, and treatment has not been standardised. Surgery, including fertility-sparing procedures for young women, has traditionally been the standard treatment. Adjuvant treatments following surgery have been based on non-randomised trials. A combination of bleomycin, etoposide and cisplatin (BEP) has traditionally been used for treatment of advanced and/or recurrent disease that cannot be optimally managed surgically.</P>
</ABS_BACKGROUND>
    <ABS_OBJECTIVES>
<P>To evaluate the effectiveness and safety of different treatment modalities offered in current practice for the management of primary, residual and recurrent adult-onset granulosa cell tumours (GCTs) of the ovary.</P>
</ABS_OBJECTIVES>
    <ABS_SEARCH_STRATEGY>
<P>We searched the Cochrane Gynaecological Cancer Group Trials Register, the Cochrane Central Register of Controlled Trials (CENTRAL), MEDLINE and EMBASE up to December 2013. We also searched registers of clinical trials, abstracts of scientific meetings and reference lists of included studies.</P>
</ABS_SEARCH_STRATEGY>
    <ABS_SELECTION_CRITERIA>
<P>We searched for randomised controlled trials (RCTs), quasi-RCTs and observational studies that examined women with adult-onset granulosa cell tumours of the ovary (primary and recurrent). For non-randomised studies, we included studies that used multivariate analysis to adjust for baseline characteristics.</P>
</ABS_SELECTION_CRITERIA>
    <ABS_DATA_COLLECTION>
<P>Two review authors independently abstracted data and assessed risk of bias. Studies were heterogeneous with respect to treatment comparisons, so data were not synthesised in meta-analyses, and methods for assessing heterogeneity were not needed. Risk of bias in included studies was assessed by using the six core items used to assess RCTs and by evaluating four additional criteria specifically addressing risk of bias in non-randomised studies.</P>
</ABS_DATA_COLLECTION>
    <ABS_RESULTS>
<P>Five retrospective cohort studies (535 women with a diagnosis of GCT) that used appropriate statistical methods for adjustment were included in the review.</P>
<P>Two studies, which carried out multivariate analyses that attempted to identify factors associated with better outcomes (in terms of overall survival), reported no apparent evidence of a difference in overall survival between surgical approaches, whether a participant underwent lymphadenectomy or received adjuvant chemotherapy or radiotherapy. Only percentage of survival for all participants combined was reported in two trials and was not reported at all in one study.</P>
<P>One study showed that women who received postoperative radiotherapy had lower risk of disease recurrence compared with those who underwent surgery alone (adjusted hazard ratio (HR) 0.3, 95% confidence interval (CI) 0.1 to 0.6, P value 0.04). Three studies reportedthat there was no evidence of differences in disease recurrence based on execution and type of adjuvant chemotherapy or on type of surgery or surgical approach, other than that surgical staging may be important. One study described no apparent evidence of a difference in disease recurrence between fertility-sparing surgery and conventional surgery. Recurrence-free survival was not reported in one study.</P>
<P>Toxicity and adverse event data were incompletely reported in the five studies. None of the five studies reported on quality of life (QoL). All studies were at very high risk of bias.</P>
</ABS_RESULTS>
    <ABS_CONCLUSIONS>
<P>One study showed a lower recurrence rate with the use of adjuvant radiotherapy, although this study was at high risk of bias and the results should be interpreted with caution. After evaluating the five small retrospective studies, we are unable to reach any firm conclusions as to the effectiveness and safety of different types and approaches of surgery, including conservative surgery, as well as adjuvant chemotherapy or radiotherapy, for management of GCTs of the ovary. The available evidence is very limited, and the review provides only low-quality evidence. Further research is very likely to have an important impact on our confidence in the estimate of effect and may alter our findings.</P>
<P>Ideally, multinational RCTs are needed to answer these questions. The disease is relatively rare and generally has a good prognosis. RCTs are challenging to conduct, but three ongoing trials have been identified, demonstrating that they are feasible, although two of these studies are single-arm trials. The study that may be able to provide answers to the question of which chemotherapeutic regimen should be selected for management of sex cord stromal tumours is an ongoing, randomised, phase 2 study, led by the Gynaecological Oncology Group to compare the efficacy of carboplatin and paclitaxel versus standard BEP. These investigators are also looking into the value of inhibin A and inhibin B as predictive biomarkers. Additional trials are required to assess toxicity and QoL associated with different treatment regimens as well as the safety of conservative surgical options.</P>
</ABS_CONCLUSIONS>
  </ABSTRACT>
</DOC>
