<?xml version="1.0"?>
<DOC>
  <TITLE LABEL="Review Title">Antibiotic prophylaxis for operative vaginal delivery</TITLE>
  <SUMMARY>
    <SUMMARY_TITLE>Antibiotic prophylaxis for operative vaginal delivery</SUMMARY_TITLE>
    <SUMMARY_BODY>
<P>
<B>Background<BR/>
</B>Vacuum and forceps assisted vaginal births are reported to increase the incidence of postpartum infections and maternal readmission to hospital compared to spontaneous vaginal birth. The commonest indications for operative vaginal delivery are prolonged second stage of labour, suspicion of immediate or potential fetal compromise and shortening of the second stage of labour for maternal benefit.</P>
<P>Prophylactic antibiotics may be used to prevent or reduce the risk of these infections. However, there are still some doubts about the benefit of prophylactic antibiotics in reducing postpartum infection after operative vaginal delivery.</P>
<P>
<B>Review question<BR/>
</B>We wanted to assess the effectiveness and safety of antibiotic prophylaxis in reducing infections in women undergoing operative vaginal deliveries including vacuum or forceps delivery.</P>
<P>
<B>Main findings</B>
<BR/>This review found only one randomised trial involving 393 women undergoing either vacuum or forceps deliveries. This trial identified only two out of the nine outcomes we specified for this review. The trial reported there were seven women with endometritis in the group given no antibiotic and none in the prophylactic antibiotic group. Prophylactic antibiotics had no effect on length of maternal stay in hospital between the two groups. The quality of the evidence was low for both outcomes.<BR/>
</P>
</SUMMARY_BODY>
  </SUMMARY>
  <ABSTRACT>
    <ABS_BACKGROUND>
<P>Vacuum and forceps assisted vaginal deliveries are reported to increase the incidence of postpartum infections and maternal readmission to hospital compared to spontaneous vaginal delivery. Prophylactic antibiotics may be prescribed to prevent these infections. However, the benefit of antibiotic prophylaxis for operative vaginal deliveries is still unclear.</P>
</ABS_BACKGROUND>
    <ABS_OBJECTIVES>
<P>To assess the effectiveness and safety of antibiotic prophylaxis in reducing infectious puerperal morbidities in women undergoing operative vaginal deliveries including vacuum or forceps deliveries, or both.</P>
</ABS_OBJECTIVES>
    <ABS_SEARCH_STRATEGY>
<P>We searched the Cochrane Pregnancy and Childbirth Group's Trials Register (31 August 2014).</P>
</ABS_SEARCH_STRATEGY>
    <ABS_SELECTION_CRITERIA>
<P>All randomised trials comparing any prophylactic antibiotic regimens with placebo or no treatment in women undergoing vacuum or forceps deliveries were eligible. Participants were all pregnant women without evidence of infections or other indications for antibiotics of any gestational age undergoing vacuum or forceps delivery for any indications. Interventions were any antibiotic prophylaxis (any dosage regimen, any route of administration or at any time during delivery or the puerperium) compared with either placebo or no treatment.</P>
</ABS_SELECTION_CRITERIA>
    <ABS_DATA_COLLECTION>
<P>Two review authors assessed trial eligibility and methodological quality. Two review authors extracted the data independently using prepared data extraction forms. Any discrepancies were resolved by discussion and a consensus reached through discussion with all review authors. For this update, we assessed methodological quality of the one included trial using the standard Cochrane criteria and the GRADE approach. We calculated the risk ratio (RR) and mean difference (MD) using a fixed-effect model and all the review authors interpreted and discussed the results.</P>
</ABS_DATA_COLLECTION>
    <ABS_RESULTS>
<P>One trial, involving 393 women undergoing either vacuum or forceps deliveries, was included. This trial identified only two out of the nine outcomes specified in this review. It reported seven women with endomyometritis in the group given no antibiotic and none in prophylactic antibiotic group. This difference did not reach statistical significance, but the risk reduction was 93% (risk ratio (RR) 0.07; 95% confidence interval (CI) 0.00 to 1.21). There was no difference in the length of hospital stay between the two groups (mean difference (MD) 0.09 days; 95% CI -0.23 to 0.41). Overall, the risk of bias was judged as low. The quality of the evidence using GRADE was low for both endometritis and maternal length of stay.</P>
</ABS_RESULTS>
    <ABS_CONCLUSIONS>
<P>The data were too few to make any recommendations for practice. Future research on antibiotic prophylaxis for operative vaginal delivery is needed to conclude whether it is useful for reducing postpartum morbidity.</P>
</ABS_CONCLUSIONS>
  </ABSTRACT>
</DOC>
