<?xml version="1.0"?>
<DOC>
  <TITLE LABEL="Review Title">Oral calorie supplements for cystic fibrosis</TITLE>
  <SUMMARY>
    <SUMMARY_TITLE>Use of oral supplements to increase calorie intake in people with cystic fibrosis</SUMMARY_TITLE>
    <SUMMARY_BODY>
<P>We reviewed the evidence for the use of oral supplements to increase calorie intake in people with cystic fibrosis.</P>
<P>
<B>Background</B>
</P>
<P>Cystic fibrosis affects many organs, including the digestive system, and can lead to food not being absorbed as it should be, which in turn leads to growth problems. Children with cystic fibrosis need more energy than other children, but they often have reduced appetites. Poor diet has been linked to poor outcomes in cystic fibrosis. Milks or juices containing additional calories are often added to the diets of children with cystic fibrosis to increase their total daily calorie intake and help them gain weight. However, these supplements are expensive and may not achieve the desired effect if patients take them as a substitute for calories consumed from food rather than as an additional component. In toddlers or young children use of supplements may risk compromising the development of normal eating behaviour.</P>
<P>
<B>Search date</B>
</P>
<P>We last searched for evidence on 03 July 2014.</P>
<P>
<B>Study characteristics</B>
</P>
<P>This review includes three randomised controlled trials with a total of 131 volunteers and two of them only included children. Two of the trials compared supplements to dietary advice and one compared supplements to no advice. The trials lasted between three months and one year.</P>
<P>
<B>Key results</B>
</P>
<P>There were no major differences between people receiving supplements or just dietary advice for any nutritional or growth measurements. This was also true for measures of body composition, lung function, adverse effects on the digestive system or people's levels of activity. Advice and monitoring appear to be enough to manage the diet of moderately malnourished children.</P>
<P>Future trials should look into the use of calorie supplements for acute weight loss or long-term care for adults with cystic fibrosis.</P>
<P>
<B>Quality of the evidence</B>
</P>
<P>One of the trials appeared to be well run and the risk of bias was low for all the aspects of trial design that we assessed; so we do not think any bias will influence the results in a negative way. In both the other two trials, we were not sure if the people taking part could guess which treatment group they were in. In one of these two trials, we further thought it was likely that the person recruiting them to the trial knew which group the participant would be in. In the second of these trials, the volunteers in the group receiving supplements appeared to be generally in better clinical condition at the start of the trial than those who didn't receive any supplements or advice. These factors affect our confidence in the results from these trials.</P>
</SUMMARY_BODY>
  </SUMMARY>
  <ABSTRACT>
    <ABS_BACKGROUND>
<P>Poor nutrition occurs frequently in people with cystic fibrosis (CF) and is associated with other adverse outcomes. Oral calorie supplements are used to increase total daily calorie intake and improve weight gain. However, they are expensive and there are concerns they may reduce the amount of food eaten and not improve overall energy intake.</P>
</ABS_BACKGROUND>
    <ABS_OBJECTIVES>
<P>To establish whether in people with CF, oral calorie supplements: increase daily calorie intake; and improve overall nutritional intake, nutritional indices, lung function, survival and quality of life. To assess adverse effects associated with using these supplements.</P>
</ABS_OBJECTIVES>
    <ABS_SEARCH_STRATEGY>
<P>We searched the Cochrane CF Trials Register comprising references from comprehensive electronic database searches, handsearches of relevant journals and abstract books of conference proceedings. We contacted companies marketing oral calorie supplements.</P>
<P>Last search: 03 July 2014.</P>
</ABS_SEARCH_STRATEGY>
    <ABS_SELECTION_CRITERIA>
<P>Randomised or quasi-randomised controlled trials comparing use of oral calorie supplements for at least one month to increase calorie intake with no specific intervention or additional nutritional advice in people with CF.</P>
</ABS_SELECTION_CRITERIA>
    <ABS_DATA_COLLECTION>
<P>We independently selected the included trials, assessed risk of bias and extracted data. We contacted the authors of included trials and obtained additional information for two trials.</P>
</ABS_DATA_COLLECTION>
    <ABS_RESULTS>
<P>We identified 21 trials and included three, reporting results from 131 participants lasting between three months and one year. Two trials compared supplements to additional nutritional advice and one to no intervention. Two of the included trials recruited only children. In one trial the risk of bias was low across all domains, in a second trial the risk of bias was largely unclear and in the third mainly low. Blinding of participants was unclear in two of the trials. Also, in one trial the clinical condition of groups appeared to be unevenly balanced at baseline and in another trial there were concerns surrounding allocation concealment. There were no significant differences between people receiving supplements or dietary advice alone for change in weight, height, body mass index, z score or other indices of nutrition or growth. Changes in weight (kg) at three, six and twelve months respectively were: MD 0.32 (95% CI -0.09 to 0.72); MD 0.47 (95% CI -0.07 to 1.02 ); and MD 0.16 (-0.68 to 1.00). Total calorie intake was greater in people taking supplements at 12 months, MD 265.70 (95% CI 42.94 to 488.46). There were no significant differences between the groups for anthropometric measures of body composition, lung function, gastrointestinal adverse effects or activity levels.</P>
</ABS_RESULTS>
    <ABS_CONCLUSIONS>
<P>Oral calorie supplements do not confer any additional benefit in the nutritional management of moderately malnourished children with CF over and above the use of dietary advice and monitoring alone. While nutritional supplements may be used, they should not be regarded as essential. Further randomised controlled trials are needed to establish the role of short-term oral protein energy supplements in people with CF and acute weight loss and also for the long-term nutritional management of adults with CF or advanced lung disease, or both.</P>
</ABS_CONCLUSIONS>
  </ABSTRACT>
</DOC>
