<?xml version="1.0"?>
<DOC>
  <TITLE LABEL="Review Title">Anticoagulation for people with cancer and central venous catheters</TITLE>
  <SUMMARY>
    <SUMMARY_TITLE>Blood thinners to prevent blood clots in people with cancer and central venous catheters</SUMMARY_TITLE>
    <SUMMARY_BODY>
<P>
<B>Background</B>
</P>
<P>A central venous catheter (CVC) is a tube that is inserted into a large vein to give fluids or drugs. CVC placement increases the risk of blood clots in people with cancer. This systematic review evaluated the efficacy and safety of blood thinning agents (anticoagulants) in people with cancer.</P>
<P>
<B>Study characteristics</B>
</P>
<P>We searched the scientific literature for studies of anticoagulants (e.g. heparin) in people with cancer. The evidence is current to February 2013.</P>
<P>
<B>Key results</B>
</P>
<P>We found clinically important effects of heparin on blood clots but not on death or major bleeding. The main limitation of this systematic review is the inclusion of different types and stages of cancer.</P>
<P>
<B>Quality of the evidence</B>
</P>
<P>We judged the quality evidence for the effects of heparin to be low or moderate.</P>
</SUMMARY_BODY>
  </SUMMARY>
  <ABSTRACT>
    <ABS_BACKGROUND>
<P>Central venous catheter (CVC) placement increases the risk of thrombosis in people with cancer. Thrombosis often necessitates the removal of the CVC, resulting in treatment delays and thrombosis-related morbidity and mortality.</P>
</ABS_BACKGROUND>
    <ABS_OBJECTIVES>
<P>To evaluate the relative efficacy and safety of anticoagulation for thromboprophylaxis in people with cancer with a CVC.</P>
</ABS_OBJECTIVES>
    <ABS_SEARCH_STRATEGY>
<P>We searched the Cochrane Central Register of Controlled Trials (CENTRAL, Issue 12, 2012), MEDLINE Ovid (January 1966 to February 2013), and EMBASE Ovid (1980 to February 2013). We handsearched conference proceedings, checked references of included studies, used the 'related citations' feature within PubMed, and searched clinicaltrials.gov for ongoing studies.</P>
</ABS_SEARCH_STRATEGY>
    <ABS_SELECTION_CRITERIA>
<P>Randomized controlled trials (RCTs) comparing the effects of any dose of unfractionated heparin (UFH), low-molecular-weight heparin (LMWH), vitamin K antagonists (VKA), or fondaparinux with no intervention or placebo or comparing the effects of two different anticoagulants in people with cancer and a CVC.</P>
</ABS_SELECTION_CRITERIA>
    <ABS_DATA_COLLECTION>
<P>Teams of two review authors independently used a standardized form to extract data in duplicate. They resolved any disagreements by discussion. They extracted data on risk of bias, participants, interventions, and outcomes. Outcomes of interest included mortality, symptomatic deep venous thrombosis (DVT), asymptomatic DVT, major bleeding, minor bleeding, infection, and thrombocytopenia. Where possible, we conducted meta-analyses using the random-effects model.</P>
</ABS_DATA_COLLECTION>
    <ABS_RESULTS>
<P>Of 9559 identified citations, we included 12 RCTs (17 publications) reporting follow-up data on 2823 participants. Two of the RCTs included children. Of the 10 RCTs including 2564 adults, one compared prophylactic dose heparin with low-dose VKA. Three RCTs compared VKA with no VKA and four RCTs compared heparin with no heparin. Two additional trials had three separate arms comparing heparin, VKA, and no intervention. Prophylactic-dose heparin, compared with no heparin, was associated with a statistically significant reduction in symptomatic DVT (risk ratio (RR) 0.48; 95% confidence interval (CI) 0.27 to 0.86; moderate-quality evidence). However, results did not confirm or exclude a beneficial or detrimental effect of heparin on mortality (RR 0.82; 95% CI 0.53 to 1.26; moderate-quality evidence), major bleeding (RR 0.49; 95% CI 0.03 to 7.84; low-quality evidence), infection (RR 1.00; 95% CI 0.54 to 1.85; moderate-quality evidence); thrombocytopenia (RR 1.03; 95% CI 0.80 to 1.33; moderate-quality evidence), or minor bleeding (RR 1.35; 95% CI: 0.62 to 2.92). Low-dose VKAs, compared with no VKAs, were associated with a statistically significant reduction in asymptomatic DVT (RR 0.43; 95% CI 0.30 to 0.62). Results did not confirm or exclude a beneficial or detrimental effect of VKAs on mortality (RR 1.04; 95% CI 0.89 to 1.22; low-quality evidence), symptomatic DVT (RR 0.51; 95% CI 0.21 to 1.22; low-quality evidence), major bleeding (RR 7.60; 95% CI 0.94 to 61.49; very-low-quality evidence), or minor bleeding (RR 3.14; 95% CI 0.14 to 71.51). The use of heparin, compared with VKA was associated with a statistically significant increase in thrombocytopenia (RR 3.73; 95% CI 2.26 to 6.16; low-quality evidence) and asymptomatic DVT (RR 1.74; 95% CI 1.20 to 2.52). However, results did not show or exclude a beneficial or detrimental effect on any of the other outcomes of interest (very-low-quality evidence).</P>
</ABS_RESULTS>
    <ABS_CONCLUSIONS>
<P>Compared with no anticoagulation, we found a statistically significant reduction of symptomatic DVT with heparin and asymptomatic DVT with VKA. Heparin was associated with a higher risk of thrombocytopenia and asymptomatic DVT when compared with VKA. However, the findings did not rule out other clinically important benefits and harms. People with cancer with CVCs considering anticoagulation should balance the possible benefit of reduced thromboembolic complications with the possible harms and burden of anticoagulants.</P>
</ABS_CONCLUSIONS>
  </ABSTRACT>
</DOC>
