<?xml version="1.0"?>
<DOC>
  <TITLE LABEL="Review Title">Laparoscopic entry techniques</TITLE>
  <SUMMARY>
    <SUMMARY_TITLE>Laparoscopic entry techniques</SUMMARY_TITLE>
    <SUMMARY_BODY>
<P>A laparoscope is a medical telescope that is inserted under general anaesthesia through small (0.5 to 1 cm) incisions in or near the umbilicus in order to inspect the pelvis or abdomen. Laparoscopy enables direct visualisation of the pelvic and abdominal organs with the laparoscope so key-hole surgery can be performed as indicated. To perform laparoscopy, gas is inserted into the abdomen. Although usually safe, a small minority of patients experience life-threatening complications, including injuries to the blood vessels (0.9 per 1000 procedures) and the bowel (1.8 per 1000 procedures). These complications often occur at the first step of the procedure when the abdominal wall is perforated using specialised instruments to insert the gas. Different doctors use different specialised instruments and techniques. The update of this review demonstrated a reduction in the incidence of failed entry with the use of an open-entry technique in comparison to closed entry. A reduction in the incidence of failed entry, reduced risk of extraperitoneal insufflation (gas in the layers of the abdominal wall) and reduced omental injury were demonstrated with the use of a direct-entry technique in comparison to Veress Needle entry. This review found no evidence that any single technique or specialised instrument used to enter the abdomen helped to reduce the occurrence of vascular and organ injury. More research is required regarding safety, especially in newer techniques for example single-incision laparoscopic surgery (SILS).</P>
</SUMMARY_BODY>
  </SUMMARY>
  <ABSTRACT>
    <ABS_BACKGROUND>
<P>Laparoscopy is a common procedure in gynaecology. Complications associated with laparoscopy are often related to entry. Life-threatening complications include injury to the bowel, bladder, major abdominal vessels, and an anterior abdominal-wall vessel. Other less serious complications can also occur, such as post-operative infection, subcutaneous emphysema and extraperitoneal insufflation. There is no clear consensus as to the optimal method of entry into the peritoneal cavity. This is an update of a Cochrane review first published in 2008.</P>
</ABS_BACKGROUND>
    <ABS_OBJECTIVES>
<P>To evaluate the benefits and risks of different laparoscopic techniques in gynaecological and non-gynaecological surgery.</P>
</ABS_OBJECTIVES>
    <ABS_SEARCH_STRATEGY>
<P>This review has drawn on the search strategy developed by the Cochrane Menstrual Disorders and Subfertility Group. In addition, MEDLINE, EMBASE, CENTRAL and PsycINFO were searched through to February 2011.</P>
</ABS_SEARCH_STRATEGY>
    <ABS_SELECTION_CRITERIA>
<P>Randomised controlled trials were included when one laparoscopic entry technique was compared with another.</P>
</ABS_SELECTION_CRITERIA>
    <ABS_DATA_COLLECTION>
<P>Data were extracted independently by the first three authors. Differences of opinion were registered and resolved by the fourth author. Results for each study were expressed as odds ratio (Peto OR) with 95% confidence interval (CI).</P>
</ABS_DATA_COLLECTION>
    <ABS_RESULTS>
<P>The review included 28 randomised controlled trials with 4860 individuals undergoing laparoscopy and evaluated 14 comparisons. Overall there was no evidence of advantage using any single technique in terms of preventing major vascular or visceral complications. Using an open-entry technique compared to a Veress Needle demonstrated a reduction in the incidence of failed entry, Peto OR 0.12 (95% CI 0.02 to 0.92). There were three advantages with direct-trocar entry when compared with Veress Needle entry, in terms of lower rates of failed entry (Peto OR 0.21, 95% Cl 0.14 to 0.31), extraperitoneal insufflation (Peto OR 0.18, 95% Cl 0.13 to 0.26), and omental injury (Peto OR 0.28, 95% CI 0.14 to 0.55).</P>
<P>There was also an advantage with radially expanding access system (STEP) trocar entry when compared with standard trocar entry, in terms of trocar site bleeding (Peto OR 0.31, 95% Cl 0.15 to 0.62). Finally, there was an advantage of not lifting the abdominal wall before Veress Needle insertion when compared to lifting in terms of failed entry, without an increase in the complication rate (Peto OR 4.44, 95% CI 2.16 to 9.13). However, studies were limited to small numbers, excluding many patients with previous abdominal surgery and women with a raised body mass index who may have unusually high complication rates.</P>
</ABS_RESULTS>
    <ABS_CONCLUSIONS>
<P>An open-entry technique is associated with a significant reduction in failed entry when compared to a closed-entry technique, with no difference in the incidence of visceral or vascular injury. </P>
<P>Significant benefits were noted with the use of a direct-entry technique when compared to the Veress Needle. The use of the Veress Needle was associated with an increased incidence of failed entry, extraperitoneal insufflation and omental injury; direct-trocar entry is therefore a safer closed-entry technique.</P>
<P>The low rate of reported complications associated with laparoscopic entry and the small number of participants within the included studies may account for the lack of significant difference in terms of major vascular and visceral injury between entry techniques. Results should be interpreted with caution for outcomes where only single studies were included.</P>
</ABS_CONCLUSIONS>
  </ABSTRACT>
</DOC>
