<?xml version="1.0"?>
<DOC>
  <TITLE LABEL="Review Title">Surgical techniques for uterine incision and uterine closure at the time of caesarean section</TITLE>
  <SUMMARY>
    <SUMMARY_TITLE>Surgical techniques involving the uterus at caesarean section</SUMMARY_TITLE>
    <SUMMARY_BODY>
<P>Caesarean section is a common abdominal operation for surgical delivery of a baby and the placenta. Techniques vary depending on the clinical situation and surgeon preferences. Safe delivery is important for mother and infant. Any potential reduction of birth trauma to the infant has to be balanced against increased ill-health for the mother. Factors include not only the duration of the surgical procedure and maternal blood loss but also maternal postoperative pain, continuing blood loss and development of anaemia, fever and wound infection. Additional complications can include problems with breastfeeding, passing urine, longer-term fertility problems, and complications in future pregnancies (uterine rupture) or increased risks associated with future surgery.</P>
<P>The review authors searched the medical literature for randomised controlled trials to inform the most appropriate surgical techniques to use. Twenty-seven trials involving 17,808 women from a number of different countries contributed to the review. None of these trials assessed the type of uterine incision (side to side (transverse) lower uterine segment incision versus other types of uterine incision). Results from 18 randomised trials contributed to reports that single layer closure of the uterine incision was associated with a reduction in blood loss, and duration of the procedure. In these studies the surgical procedure for entering the abdominal cavity also differed and could have contributed to blood loss and duration of surgery.</P>
<P>Five trials compared blunt with sharp dissection at the time of the uterine incision (2141 women) and a further two trials auto-suture devices with standard hysterotomy (300 women). Blunt surgery was associated with a reduction in mean blood loss at the time of the procedure. The use of an auto-suture instrument did not clearly reduce procedural blood loss but increased the duration of the procedure. Overall, trials focused on blood loss and duration of the operative procedure rather than clinical outcomes for the women. The methodological quality of the trials was variable.</P>
</SUMMARY_BODY>
  </SUMMARY>
  <ABSTRACT>
    <ABS_BACKGROUND>
<P>Caesarean section is a common operation. Techniques vary depending on both the clinical situation and the preferences of the operator.</P>
</ABS_BACKGROUND>
    <ABS_OBJECTIVES>
<P>To compare the effects of 1) different types of uterine incision, 2) methods of performing the uterine incision, 3) suture materials and technique of uterine closure (including single versus double layer closure of the uterine incision) on maternal health, infant health, and healthcare resource use.</P>
</ABS_OBJECTIVES>
    <ABS_SEARCH_STRATEGY>
<P>We searched the Cochrane Pregnancy and Childbirth Group's Trials Register (1 September 2013) and reference lists of all identified papers.</P>
</ABS_SEARCH_STRATEGY>
    <ABS_SELECTION_CRITERIA>
<P>All published, unpublished, and ongoing randomised controlled trials comparing various types and closure of uterine incision during caesarean section. </P>
</ABS_SELECTION_CRITERIA>
    <ABS_DATA_COLLECTION>
<P>Two review authors evaluated trials for inclusion and methodological quality without consideration of their results according to the stated eligibility criteria and extracted data independently.</P>
</ABS_DATA_COLLECTION>
    <ABS_RESULTS>
<P>Our search strategy identified 60 studies for consideration, of which 27 randomised trials involving 17,808 women undergoing caesarean section were included in the review. Overall, the methodological quality of the trials was variable, with 12 of the 27 included trials adequately describing the randomisation sequence, with less than half describing adequately methods of allocation concealment, and only six trials indicating blinding of outcome assessors.</P>
<P>Two trials compared auto-suture devices with traditional hysterotomy involving 300 women. No statistically significant difference in febrile morbidity between the stapler and conventional incision groups was apparent (risk ratio (RR) 0.92; 95% confidence interval (CI) 0.38 to 2.20).</P>
<P>Five studies were included in the review that compared blunt versus sharp dissection when performing the uterine incision involving 2141 women. There were no statistically significant differences identified for the primary outcome febrile morbidity following blunt or sharp extension of the uterine incision (four studies; 1941 women; RR 0.86; 95% CI 0.70 to 1.05). Mean blood loss (two studies; 1145 women; average mean difference (MD) -55.00 mL; 95% CI -79.48 to -30.52), and the need for blood transfusion (two studies; 1345 women; RR 0.24; 95% CI 0.09 to 0.62) were significantly lower following blunt extension.</P>
<P>A single trial compared transverse with cephalad-caudad blunt extension of the uterine incision, involving 811 women, and while mean blood loss was reported to be lower following transverse extension (one study; 811 women; MD 42.00 mL; 95% CI 1.31 to 82.69), the clinical significance of such a small volume difference is of uncertain clinical relevance. There were no other statistically significant differences identified for the limited outcomes reported.</P>
<P>A single trial comparing chromic catgut with polygactin-910, involving 9544 women reported that catgut closure versus closure with polygactin was associated with a significant reduction in the need for blood transfusion (one study, 9544 women, RR 0.49, 95% CI 0.32 to 0.76) and a significant reduction in complications requiring re-laparotomy (one study, 9544 women, RR 0.58, 95% CI 0.37 to 0.89).</P>
<P>Nineteen studies were identified comparing single layer with double layer closure of the uterus, with data contributed to the meta-analyses from 14 studies. There were no statistically significant differences identified for the primary outcome, febrile morbidity (nine studies; 13,890 women; RR 0.98; 95% CI 0.85 to 1.12). Although the meta-analysis suggested single layer closure was associated with a reduction in mean blood loss, heterogeneity is high and this limits the clinical applicability of the result. There were no differences identified in risk of blood transfusion (four studies; 13,571 women; average RR 0.86; 95% CI 0.63 to 1.17; Heterogeneity: Tau² = 0.15; I² = 49%), or other reported clinical outcomes.</P>
</ABS_RESULTS>
    <ABS_CONCLUSIONS>
<P>Caesarean section is a common procedure performed on women worldwide. There is increasing evidence that for many techniques, short-term maternal outcomes are equivalent. Until long-term health effects are known, surgeons should continue to use the techniques they prefer and currently use.</P>
</ABS_CONCLUSIONS>
  </ABSTRACT>
</DOC>
