<?xml version="1.0"?>
<DOC>
  <TITLE LABEL="Review Title">Deferasirox for managing iron overload in people with myelodysplastic syndrome</TITLE>
  <SUMMARY>
    <SUMMARY_TITLE>Deferasirox for managing iron overload in people with myelodysplastic syndrome</SUMMARY_TITLE>
    <SUMMARY_BODY>
<P>
<B>Review question</B>
</P>
<P>We aimed to review the evidence about the effects of deferasirox (an oral therapeutic option) on reducing iron overload in people with myelodysplastic syndrome (MDS), which is a diverse group of haematopoietic stem cell disorders.</P>
<P>
<B>Background</B>
</P>
<P>Repeated red blood cell transfusions can lead to clinically relevant secondary (i.e. due to the transfusions) iron overload in some people with MDS, particularly of lower risk groups over the course of their disease. Since the human body has no natural means of removing excess iron, drugs to remove the excess iron (iron chelation therapy) might be indicated to prevent organ complications. Since the newer oral iron chelator deferasirox has become available, iron chelation therapy is offered more widely to people with MDS.</P>
<P>We wanted to assess whether administering deferasirox is beneficial in people with MDS.</P>
<P>
<B>Key results</B>
</P>
<P>We searched the available literature up to 03 April 2014. We could not include any data in this review that answered our question. However, we found three ongoing trials and one completed trial investigating deferasirox in people with MDS of lower risk groups (low and intermediate-1 risk MDS). As the completed trial has only been reported in insufficient detail (in abstract format), we were unable to definitively decide on inclusion of this study or draw any conclusions from this. Once available, these results will be important to inform physicians and patients on the comparative advantages and disadvantages of this treatment option.</P>
</SUMMARY_BODY>
  </SUMMARY>
  <ABSTRACT>
    <ABS_BACKGROUND>
<P>The myelodysplastic syndrome (MDS) comprises a diverse group of haematopoietic stem cell disorders. Due to symptomatic anaemia, most people with MDS require supportive therapy including repeated red blood cell (RBC) transfusions. In combination with increased iron absorption, this contributes to the accumulation of iron resulting in secondary iron overload and the risk of organ dysfunction and reduced life expectancy. Since the human body has no natural means of removing excess iron, iron chelation therapy, i.e. the pharmacological treatment of iron overload, is usually recommended. However, it is unclear whether or not the newer oral chelator deferasirox leads to relevant benefit.</P>
</ABS_BACKGROUND>
    <ABS_OBJECTIVES>
<P>To evaluate the effectiveness and safety of oral deferasirox for managing iron overload in people with myelodysplastic syndrome (MDS).</P>
</ABS_OBJECTIVES>
    <ABS_SEARCH_STRATEGY>
<P>We searched the following databases up to 03 April 2014: MEDLINE, EMBASE, <I>The Cochrane Library</I>, Biosis Previews, Web of Science, Derwent Drug File and four trial registries: Current Controlled Trials (<A HREF="http://www.controlled-trials.com">www.controlled-trials.com</A>), ClinicalTrials.gov (<A HREF="http://www.clinicaltrials.gov">www.clinicaltrials.gov</A>), ICTRP (<A HREF="http://www.who.int./ictrp/en/">www.who.int./ictrp/en/</A>), and German Clinical Trial Register (<A HREF="http://www.drks.de">www.drks.de</A>).</P>
</ABS_SEARCH_STRATEGY>
    <ABS_SELECTION_CRITERIA>
<P>Randomised controlled trials (RCTs) comparing deferasirox with no therapy, placebo or with another iron-chelating treatment schedule.</P>
</ABS_SELECTION_CRITERIA>
    <ABS_DATA_COLLECTION>
<P>We did not identify any trials eligible for inclusion in this review.</P>
</ABS_DATA_COLLECTION>
    <ABS_RESULTS>
<P>No trials met our inclusion criteria. However, we identified three ongoing and one completed trial (published as an abstract only and in insufficient detail to permit us to decide on inclusion) comparing deferasirox with deferoxamine, placebo or no treatment.</P>
</ABS_RESULTS>
    <ABS_CONCLUSIONS>
<P>We planned to report evidence from RCTs that evaluated the effectiveness of deferasirox compared to either placebo, no treatment or other chelating regimens, such as deferoxamine, in people with MDS. However, we did not identify any completed RCTs addressing this question.</P>
<P>We found three ongoing and one completed RCT (published as an abstract only and in insufficient detail) comparing deferasirox with deferoxamine, placebo or no treatment and data will hopefully be available soon. These results will be important to inform physicians and patients on the advantages and disadvantages of this treatment option.</P>
</ABS_CONCLUSIONS>
  </ABSTRACT>
</DOC>
