<?xml version="1.0"?>
<DOC>
  <TITLE LABEL="Review Title">Homeopathic Oscillococcinum® for preventing and treating influenza and influenza-like illness</TITLE>
  <SUMMARY>
    <SUMMARY_TITLE>Homeopathic Oscillococcinum<SUP>®</SUP> for preventing and treating influenza and influenza-like illness</SUMMARY_TITLE>
    <SUMMARY_BODY>
<P>
<B>Review question</B>
<BR/>To determine whether homeopathic Oscillococcinum<SUP>®</SUP> is more effective than placebo in the prevention and/or treatment of influenza and influenza-like illness in adults or children.</P>
<P>
<B>Background</B>
<BR/>Influenza ('the flu') is a highly infectious viral respiratory disease. Other than treatments for complications (such as pneumonia), the conventional medical strategies for the prevention or treatment of flu are not entirely effective or satisfactory. Oscillococcinum<SUP>®</SUP> is a highly diluted homeopathic preparation manufactured from wild duck heart and liver, which may be reservoirs of flu viruses. Some people take Oscillococcinum<SUP>®</SUP> regularly over the winter months either to prevent flu or as a treatment for flu symptoms.</P>
<P>
<B>Study characteristics</B>
<BR/>We included six studies, which comprised two prevention trials (a total of 327 young to middle-aged adults in Russia) and four treatment trials (a total of 1196 teenagers and adults in France and Germany).</P>
<P>
<B>Key results</B>
<BR/>The findings from the two prevention trials did not show that Oscillococcinum<SUP>®</SUP> can prevent the onset of flu. Although the results from the four other clinical trials suggested that Oscillococcinum<SUP>® </SUP>relieved flu symptoms at 48 hours, this might be due to bias in the trial methods. One patient reported headache after taking Oscillococcinum<SUP>®</SUP>. The evidence is current to September 2014.</P>
<P>
<B>Quality of the evidence</B>
<BR/>The overall standard of research reporting was poor, and thus many aspects of the trials' methods and results were at unclear risk of bias. We therefore judged the evidence overall as low quality, preventing clear conclusions from being made about Oscillococcinum<SUP>®</SUP> in the prevention or treatment of flu and flu-like illness.</P>
</SUMMARY_BODY>
  </SUMMARY>
  <ABSTRACT>
    <ABS_BACKGROUND>
<P>Influenza is a highly infectious viral disease that is particularly common in the winter months. Oscillococcinum<SUP>®</SUP> is a patented homeopathic medicine that is made from a 1% solution of wild duck heart and liver extract, which is then serially diluted 200 times with water and alcohol.</P>
</ABS_BACKGROUND>
    <ABS_OBJECTIVES>
<P>To determine whether homeopathic Oscillococcinum<SUP>®</SUP> is more effective than placebo in the prevention and/or treatment of influenza and influenza-like illness in adults or children.</P>
</ABS_OBJECTIVES>
    <ABS_SEARCH_STRATEGY>
<P>We searched CENTRAL (2014, Issue 8), MEDLINE (1966 to August week 4, 2014), MEDLINE In-Process &amp; Other Non-Indexed Citations (4 September 2014), AMED (2006 to September 2014), Web of Science (1985 to September 2014), LILACS (1985 to September 2014) and EMBASE (1980 to September 2014). We contacted the manufacturers of Oscillococcinum<SUP>®</SUP> for information on further trials.</P>
</ABS_SEARCH_STRATEGY>
    <ABS_SELECTION_CRITERIA>
<P>Randomised, placebo-controlled trials of Oscillococcinum<SUP>®</SUP> in the prevention and/or treatment of influenza and influenza-like illness in adults or children.</P>
</ABS_SELECTION_CRITERIA>
    <ABS_DATA_COLLECTION>
<P>Three review authors independently extracted data and assessed risk of bias in the eligible trials.</P>
</ABS_DATA_COLLECTION>
    <ABS_RESULTS>
<P>No new trials were included in this 2014 update. We included six studies: two prophylaxis trials (327 young to middle-aged adults in Russia) and four treatment trials (1196 teenagers and adults in France and Germany). The overall standard of trial reporting was poor and hence many important methodological aspects of the trials had unclear risk of bias. There was no statistically significant difference between the effects of Oscillococcinum<SUP>®</SUP> and placebo in the prevention of influenza-like illness: risk ratio (RR) 0.48, 95% confidence interval (CI) 0.17 to 1.34, P value = 0.16. Two treatment trials (judged as 'low quality') reported sufficient information to allow full data extraction: 48 hours after commencing treatment, there was an absolute risk reduction of 7.7% in the frequency of symptom relief with Oscillococcinum<SUP>® </SUP>compared with that of placebo (risk difference (RD) 0.077, 95% CI 0.03 to 0.12); the RR was 1.86 (95% CI 1.27 to 2.73; P value = 0.001). A significant but lesser effect was observed at three days (RR 1.27, 95% CI 1.03 to 1.56; P value = 0.03), and no significant difference between the groups was noted at four days (RR 1.11, 95% CI 0.98 to 1.27; P value = 0.10) or at five days (RR 1.06, 95% CI 0.96 to 1.16; P value = 0.25). One of the six studies reported one patient who suffered an adverse effect (headache) from taking Oscillococcinum<SUP>®</SUP>.</P>
</ABS_RESULTS>
    <ABS_CONCLUSIONS>
<P>There is insufficient good evidence to enable robust conclusions to be made about Oscillococcinum<SUP>®</SUP> in the prevention or treatment of influenza and influenza-like illness. Our findings do not rule out the possibility that Oscillococcinum<SUP>®</SUP> could have a clinically useful treatment effect but, given the low quality of the eligible studies, the evidence is not compelling. There was no evidence of clinically important harms due to Oscillococcinum<SUP>®</SUP>.</P>
</ABS_CONCLUSIONS>
  </ABSTRACT>
</DOC>
