<?xml version="1.0"?>
<DOC>
  <TITLE LABEL="Review Title">Culturally appropriate health education for people in ethnic minority groups with type 2 diabetes mellitus</TITLE>
  <SUMMARY>
    <SUMMARY_TITLE>Culturally appropriate health education for people in ethnic minority groups with type 2 diabetes mellitus</SUMMARY_TITLE>
    <SUMMARY_BODY>
<P>
<B>Review question</B>
</P>
<P>Does culturally appropriate diabetes health education lead to better outcomes than 'usual care' for people in ethnic minority groups with type 2 diabetes?</P>
<P>
<B>Background</B>
</P>
<P>In upper-middle-income and high-income countries, minority ethnic groups often have a higher prevalence of type 2 diabetes mellitus than is seen in the local population. They also tend to come from lower socioeconomic backgrounds, with attendant difficulties in accessing good-quality health care. In some cases, cultural and communication barriers increase the problems that minority ethnic communities experience when attempting to access good-quality diabetes health education, which is vital for those who wish to understand diabetes and use available services to gain empowerment and bring about behaviour change toward a healthier lifestyle. In this review, 'culturally appropriate' health education is taken to mean any type of health education that has been specifically tailored to the cultural needs of a target minority group with type 2 diabetes mellitus.</P>
<P>
<B>Study characteristics</B>
</P>
<P>This updated review found in the world literature 33 randomised controlled trials (RCTs) of culturally appropriate health education on diabetes that met the selection criteria (participants from a defined ethnic minority group living in a upper-middle-income or high-income country, over 16 years of age, diagnosed with type 2 diabetes mellitus and receiving a culturally tailored health education intervention). The median duration of the intervention was six months, and a total of 7453 participants were involved in the studies.</P>
<P>
<B>Key results</B>
</P>
<P>Culturally appropriate health education improved blood sugar control among participants, compared with those receiving 'usual' care, at three, six, 12 and 24 months after the intervention was provided. Knowledge about diabetes improved, and participants attained healthier lifestyles. No information was available regarding complications of diabetes and death from any cause, and there was a general lack of reporting of adverse effects in most studies. Neutral effects were observed for health-related quality of life, blood lipids like cholesterol, blood pressure and weight. The costs of educational programmes were rarely analysed. Compared with the first review, performed in 2008 (11 studies), many more published studies were identified in this review (altogether 33 studies), strengthening the original findings that blood sugar control and knowledge of diabetes are improved when culturally appropriate health education is provided to people in ethnic minority groups diagnosed with diabetes. The effects of this improvement are shown in this update as lasting longer — up to 24 months after health education was provided in some trials. However, additional high-quality standardised RCTs of longer duration are needed, along with full evaluation of costs.</P>
<P>
<B>Quality of the evidence</B>
</P>
<P>Heterogeneity of the studies, in terms of populations studied, type and duration of health education provided, variety of outcomes measured and differences in timing of assessment, limits interpretation of our findings. Also, risk of bias was judged to be high for many outcomes.</P>
<P>
<B>Currentness of evidence</B>
</P>
<P>This evidence is up-to-date as of September 2013.</P>
</SUMMARY_BODY>
  </SUMMARY>
  <ABSTRACT>
    <ABS_BACKGROUND>
<P>Ethnic minority groups in upper-middle-income and high-income countries tend to be socioeconomically disadvantaged and to have a higher prevalence of type 2 diabetes than is seen in the majority population.</P>
</ABS_BACKGROUND>
    <ABS_OBJECTIVES>
<P>To assess the effectiveness of culturally appropriate health education for people in ethnic minority groups with type 2 diabetes mellitus.</P>
</ABS_OBJECTIVES>
    <ABS_SEARCH_STRATEGY>
<P>A systematic literature search was performed of the following databases: <I>The Cochrane Library</I>, MEDLINE, EMBASE, PsycINFO, the Education Resources Information Center (ERIC) and Google Scholar, as well as reference lists of identified articles. The date of the last search was July 2013 for <I>The Cochrane Library </I>and<I> </I>September 2013 for all other databases. We contacted authors in the field and handsearched commonly encountered journals as well.</P>
</ABS_SEARCH_STRATEGY>
    <ABS_SELECTION_CRITERIA>
<P>We selected randomised controlled trials (RCTs) of culturally appropriate health education for people over 16 years of age with type 2 diabetes mellitus from named ethnic minority groups residing in upper-middle-income or high-income countries.</P>
</ABS_SELECTION_CRITERIA>
    <ABS_DATA_COLLECTION>
<P>Two review authors independently assessed trial quality and extracted data. When disagreements arose regarding selection of papers for inclusion, two additional review authors were consulted for discussion. We contacted study authors to ask for additional information when data appeared to be missing or needed clarification.</P>
</ABS_DATA_COLLECTION>
    <ABS_RESULTS>
<P>A total of 33 trials (including 11 from the original 2008 review) involving 7453 participants were included in this review, with 28 trials providing suitable data for entry into meta-analysis. Although the interventions provided in these studies were very different from one study to another (participant numbers, duration of intervention, group versus individual intervention, setting), most of the studies were based on recognisable theoretical models, and we tried to be inclusive in considering the wide variety of available culturally appropriate health education.</P>
<P>Glycaemic control (as measured by glycosylated haemoglobin A1c (HbA1c)) showed improvement following culturally appropriate health education at three months (mean difference (MD) -0.4% (95% confidence interval (CI) -0.5 to -0.2); 14 trials; 1442 participants; high-quality evidence) and at six months (MD -0.5% (95% CI -0.7 to -0.4); 14 trials; 1972 participants; high-quality evidence) post intervention compared with control groups who received 'usual care'. This control was sustained to a lesser extent at 12 months (MD -0.2% (95% CI -0.3 to -0.04); 9 trials; 1936 participants) and at 24 months (MD -0.3% (95% CI -0.6 to -0.1); 4 trials; 2268 participants; moderate-quality evidence) post intervention. Neutral effects on health-related quality of life measures were noted and there was a general lack of reporting of adverse events in most studies — the other two primary outcomes for this review. Knowledge scores showed improvement in the intervention group at three (standardised mean difference (SMD) 0.4 (95% CI 0.1 to 0.6), six (SMD 0.5 (95% CI 0.3 to 0.7)) and 12 months (SMD 0.4 (95% CI 0.1 to 0.6)) post intervention. A reduction in triglycerides of 24 mg/dL (95% CI -40 to -8) was observed at three months, but this was not sustained at six or 12 months. Neutral effects on total cholesterol, low-density lipoprotein (LDL) cholesterol or high-density lipoprotein (HDL) cholesterol were reported at any follow-up point. Other outcome measures (blood pressure, body mass index, self-efficacy and empowerment) also showed neutral effects compared with control groups. Data on the secondary outcomes of diabetic complications, mortality and health economics were lacking or were insufficient.</P>
<P>Because of the nature of the intervention, participants and personnel delivering the intervention were rarely blinded, so the risk of performance bias was high. Also, subjective measures were assessed by participants who self-reported via questionnaires, leading to high bias in subjective outcome assessment.</P>
</ABS_RESULTS>
    <ABS_CONCLUSIONS>
<P>Culturally appropriate health education has short- to medium-term effects on glycaemic control and on knowledge of diabetes and healthy lifestyles. With this update (six years after the first publication of this review), a greater number of RCTs were reported to be of sufficient quality for inclusion in the review. None of these studies were long-term trials, and so clinically important long-term outcomes could not be studied. No studies included an economic analysis. The heterogeneity of the studies made subgroup comparisons difficult to interpret with confidence. Long-term, standardised, multi-centre RCTs are needed to compare different types and intensities of culturally appropriate health education within defined ethnic minority groups, as the medium-term effects could lead to clinically important health outcomes, if sustained.</P>
</ABS_CONCLUSIONS>
  </ABSTRACT>
</DOC>
