<?xml version="1.0"?>
<DOC>
  <TITLE LABEL="Review Title">Nutritional interventions for preventing and treating pressure ulcers</TITLE>
  <SUMMARY>
    <SUMMARY_TITLE>Dietary supplementation for preventing and treating pressure ulcers</SUMMARY_TITLE>
    <SUMMARY_BODY>
<P>Background<BR/>Pressure ulcers (also called bed sores) are wounds caused by pressure at the weight-bearing, bony points of immobilised people (such as hips, heels and elbows). Poor nutritional status, or dehydration, may weaken the skin and make people more vulnerable to developing pressure ulcers. Once a pressure ulcer has developed, it can become very large and difficult to heal.</P>
<P>Review Question<BR/>We wanted to find out whether changing the diet (for example by giving supplements) could prevent the development of pressure ulcers. We also wanted to find out if dietary changes could help heal pressure ulcers that had already occurred.</P>
<P>The review of trials found that there is no clear evidence that nutritional interventions reduce the number of people who develop pressure ulcers or help the healing of existing pressure ulcers. More research is needed.</P>
</SUMMARY_BODY>
  </SUMMARY>
  <ABSTRACT>
    <ABS_BACKGROUND>
<P>Pressure ulcers affect approximately 10% of people in hospitals and older people are at highest risk. A correlation between inadequate nutritional intake and the development of pressure ulcers has been suggested by several studies, but the results have been inconsistent.</P>
</ABS_BACKGROUND>
    <ABS_OBJECTIVES>
<P>To evaluate the effects of enteral and parenteral nutrition on the prevention and treatment of pressure ulcers.</P>
</ABS_OBJECTIVES>
    <ABS_SEARCH_STRATEGY>
<P>In March 2014, for this first update, we searched The Cochrane Wounds Group Specialised Trials Register, the Cochrane Central register of Controlled Trials (<I>The Cochrane Library</I>), the Database of Abstracts of Reviews of Effects (DARE) (<I>The Cochrane Library), t</I>he Health Technology Assessment Database (HTA) (<I>The Cochrane Library</I>), the Cochrane Methodology Register (<I>The Cochrane Library</I>), NHS Economic Evaluation Database (<I>The Cochrane Library</I>), Ovid Medline, Ovid Embase and EBSCO CINAHL. No date, language or publication status limits were applied.</P>
</ABS_SEARCH_STRATEGY>
    <ABS_SELECTION_CRITERIA>
<P>Randomised controlled trials (RCTs) evaluating the effects of enteral or parenteral nutrition on the prevention and treatment of pressure ulcers, which measured the incidence of new ulcers, ulcer healing or changes in pressure ulcer severity. There were no restrictions on types of patient, setting, date, publication status or language.</P>
</ABS_SELECTION_CRITERIA>
    <ABS_DATA_COLLECTION>
<P>Two review authors independently screened for inclusion, and disagreement was resolved by discussion. Two review authors<I> </I>independently extracted data and assessed quality using the Cochrane Collaboration tool for assessing risk of bias.</P>
</ABS_DATA_COLLECTION>
    <ABS_RESULTS>
<P>We included 23 RCTs, many were small (between 9 and 4023 participants, median 88) and at high risk of bias.</P>
<P>Eleven trials compared a combination of nutritional supplements, consisting of a minimum of energy and protein in different dosages, for the prevention of pressure ulcers. A meta-analysis of eight trials (6062 participants) that compared the effects of mixed nutritional supplements with standard hospital diet found no clear evidence of an effect of supplementation on pressure ulcer development (pooled RR 0.86; 95% CI 0.73 to 1.00; P value 0.05; I<SUP>2 </SUP>= 13%, random effects). This outcome is at unclear or high risk of bias. </P>
<P>Fourteen trials evaluated the effects of nutritional supplements on the healing of existing pressure ulcers: seven trials examined mixed nutritional supplements, three the effects of proteins, two trials examined zinc, and two studies examined ascorbic acid. The included trials were heterogeneous with regard to participants, interventions, comparisons and outcomes and meta-analysis was not appropriate. There was no clear evidence of an improvement in pressure ulcer healing from the nutritional supplements evaluated in any of these individual studies.</P>
</ABS_RESULTS>
    <ABS_CONCLUSIONS>
<P>There is currently no clear evidence of a benefit associated with nutritional interventions for either the prevention or treatment of pressure ulcers. Further trials of high methodological quality are necessary.</P>
</ABS_CONCLUSIONS>
  </ABSTRACT>
</DOC>
