<?xml version="1.0"?>
<DOC>
  <TITLE LABEL="Review Title">Intrapartum antibiotics for known maternal Group B streptococcal colonization</TITLE>
  <SUMMARY>
    <SUMMARY_TITLE>Intrapartum antibiotics for known maternal Group B <I>streptococcal</I> colonization</SUMMARY_TITLE>
    <SUMMARY_BODY>
<P>Women, men and children of all ages can be colonized with Group B <I>streptococcus </I>(GBS) bacteria without having any symptoms. Group B streptococcus are particularly found in the gastrointestinal tract, vagina and urethra. This is the situation in both developed and developing countries. About one in 2000 newborn babies have GBS bacterial infections, usually evident as respiratory disease, general sepsis, or meningitis within the first week. The baby contracts the infection from the mother during labor. Giving the mother an antibiotic directly into a vein during labor causes bacterial counts to fall rapidly, which suggests possible benefits but pregnant women need to be screened. Many countries have guidelines on screening for GBS in pregnancy and treatment with antibiotics. Some risk factors for an affected baby are preterm and low birthweight; prolonged labor; prolonged rupture of the membranes (more than 12 hours); severe changes in fetal heart rate during the first stage of labor; and gestational diabetes. Very few of the women in labor who are GBS positive give birth to babies who are infected with GBS and antibiotics can have harmful effects such as severe maternal allergic reactions, increase in drug-resistant organisms and exposure of newborn infants to resistant bacteria, and postnatal maternal and neonatal yeast infections.</P>
<P>This review finds that giving antibiotics is not supported by conclusive evidence. The review identified four trials involving 852 GBS positive women. Three trials, which were more than 20 years old, compared ampicillin or penicillin to no treatment and found no clear differences in newborn deaths although the occurrence of early GBS infection in the newborn was reduced with antibiotics. The antibiotics ampicillin and penicillin were no different from each other in one trial with 352 GBS positive women. All cases of perinatal GBS infections are unlikely to be prevented even if an effective vaccine is developed.</P>
</SUMMARY_BODY>
  </SUMMARY>
  <ABSTRACT>
    <ABS_BACKGROUND>
<P>Maternal colonization with group B <I>streptococcus</I> (GBS) during pregnancy increases the risk of neonatal infection by vertical transmission. Administration of intrapartum antibiotic prophylaxis (IAP) during labor has been associated with a reduction in early onset GBS disease (EOGBSD). However, treating all colonized women during labor exposes a large number of women and infants to possible adverse effects without benefit.</P>
</ABS_BACKGROUND>
    <ABS_OBJECTIVES>
<P>To assess the effect of intrapartum antibiotics for maternal Group B haemolytic <I>streptococci</I> (GBS) colonization on mortality from any cause, from GBS infection and from organisms other than GBS.</P>
</ABS_OBJECTIVES>
    <ABS_SEARCH_STRATEGY>
<P>We updated the search of the Cochrane Pregnancy and Childbirth Group's Trials Register on 11 March 2014.</P>
</ABS_SEARCH_STRATEGY>
    <ABS_SELECTION_CRITERIA>
<P>Randomized trials assessing the impact of maternal IAP on neonatal GBS infections were included.</P>
</ABS_SELECTION_CRITERIA>
    <ABS_DATA_COLLECTION>
<P>We independently assessed eligibility and quality of the studies. </P>
</ABS_DATA_COLLECTION>
    <ABS_RESULTS>
<P>We did not identify any new trials from the updated search so the results remain unchanged as follows.</P>
<P>We included four trials involving 852 women.</P>
<P>Three trials (involving 500 women) evaluating the effects of IAP versus no treatment were included. The use of IAP did not significantly reduce the incidence of all cause mortality, mortality from GBS infection or from infections caused by bacteria other than GBS. The incidence of early GBS infection was reduced with IAP compared to no treatment (risk ratio (RR) 0.17, 95% confidence interval (CI) 0.04 to 0.74, three trials, 488 infants; risk difference -0.04, 95% CI -0.07 to -0.01; number needed to treat to benefit 25, 95% CI 14 to 100, I² 0%). The incidence of LOD or sepsis from organisms other than GBS and puerperal infection was not significantly different between groups.</P>
<P>One trial (involving 352 women) compared intrapartum ampicillin versus penicillin and reported no significant difference in neonatal or maternal outcomes.</P>
<P>We found a high risk of bias for one or more key domains in the study methodology and execution.</P>
</ABS_RESULTS>
    <ABS_CONCLUSIONS>
<P>Intrapartum antibiotic prophylaxis appeared to reduce EOGBSD, but this result may well be due to bias as we found a high risk of bias for one or more key domains in the study methodology and execution. There is lack of evidence from well designed and conducted trials to recommend IAP to reduce neonatal EOGBSD.</P>
<P>Ideally the effectiveness of IAP to reduce neonatal GBS infections should be studied in adequately sized double-blind controlled trials. The opportunity to conduct such trials has likely been lost, as practice guidelines (albeit without good evidence) have been introduced in many jurisdictions.</P>
</ABS_CONCLUSIONS>
  </ABSTRACT>
</DOC>
