<?xml version="1.0"?>
<DOC>
  <TITLE LABEL="Review Title">Compression for preventing recurrence of venous ulcers</TITLE>
  <SUMMARY>
    <SUMMARY_TITLE>Compression hosiery (stockings) for preventing venous leg ulcers returning</SUMMARY_TITLE>
    <SUMMARY_BODY>
<P>Venous leg ulcers (open wounds on the lower leg) can be caused by a blockage or breakdown in the veins of the legs. Compression, using bandages or hosiery (stockings), can help heal most of these ulcers and is also widely used after healing to prevent ulcers returning. One small trial confirms that compression reduces ulcer recurrence compared with no compression. There is some evidence that people wearing high rather than moderate-compression hosiery are less likely to get a new ulcer. It is not clear whether moderate strength hosiery is better tolerated than high compression. There is, therefore, some evidence that compression hosiery might prevent ulcers, but the evidence is not strong.</P>
</SUMMARY_BODY>
  </SUMMARY>
  <ABSTRACT>
    <ABS_BACKGROUND>
<P>Up to 1% of adults will have a leg ulcer at some time. The majority of leg ulcers are venous in origin and are caused by high pressure in the veins due to blockage or weakness of the valves in the veins of the leg. Prevention and treatment of venous ulcers is aimed at reducing the pressure either by removing/repairing the veins, or by applying compression bandages/stockings to reduce the pressure in the veins.</P>
<P>The majority of venous ulcers heal with compression bandages, however ulcers frequently recur. Clinical guidelines therefore recommend that people continue to wear compression, usually in the form of hosiery (tights, stockings, socks) after their ulcer heals, to prevent recurrence. </P>
</ABS_BACKGROUND>
    <ABS_OBJECTIVES>
<P>To assess the effects of compression (socks, stockings, tights, bandages) in preventing the recurrence of venous ulcers. If compression does prevent ulceration compared with no compression, then to identify whether there is evidence to recommend particular levels of compression (high, medium or low, for example), types of compression, or brands of compression to prevent ulcer recurrence after healing.</P>
</ABS_OBJECTIVES>
    <ABS_SEARCH_STRATEGY>
<P>For this second update we searched The Cochrane Wounds Group Specialised Register (searched 4 September 2014) which includes the results of regular searches of MEDLINE, EMBASE and CINAHL; The Cochrane Central Register of Controlled Trials (CENTRAL) (<I>The Cochrane Library</I> 2014, Issue 8).</P>
</ABS_SEARCH_STRATEGY>
    <ABS_SELECTION_CRITERIA>
<P>Randomised controlled trials (RCTs)evaluating compression bandages or hosiery for preventing the recurrence of venous ulcers.</P>
</ABS_SELECTION_CRITERIA>
    <ABS_DATA_COLLECTION>
<P>Two review authors undertook data extraction and risk of bias assessment independently.</P>
</ABS_DATA_COLLECTION>
    <ABS_RESULTS>
<P>Four trials (979 participants) were eligible for inclusion in this review. One trial in patients with recently healed venous ulcers (n = 153) compared recurrence rates with and without compression and found that compression significantly reduced ulcer recurrence at six months (Risk ratio (RR) 0.46, 95% CI 0.27 to 0.76). </P>
<P>Two trials compared high-compression hosiery (equivalent to UK class 3) with moderate-compression hosiery (equivalent to UK class 2). The first study (n=300) found no significant reduction in recurrence at five years follow up with high-compression hosiery compared with moderate-compression (RR 0.82, 95% CI 0.61 to 1.12). The second study (n = 338) assessed ulcer recurrence at three years follow up and found that high-compression hosiery reduced recurrence compared with moderate-compression (RR 0.57, 95% CI 0.39 to 0.81). Statistically significant heterogeneity precluded meta-analysis of the results from these studies. Patient-reported compliance rates were reported in both trials;,there was significantly higher compliance with medium-compression than with high-compression hosiery in one and no significant difference in the second. </P>
<P>A fourth trial (166 patients) found no statistically significant difference in recurrence between two types of medium (UK class 2) compression hosiery (Medi versus Scholl: RR 0.74, 95% CI 0.45 to 1.2).</P>
<P>No trials of compression bandages for preventing ulcer recurrence were identified.</P>
</ABS_RESULTS>
    <ABS_CONCLUSIONS>
<P>There is evidence from one trial that compression hosiery reduces rates of reulceration of venous ulcers compared with no compression. Results from one trial suggest that recurrence is lower in high-compression hosiery than in medium-compression hosiery at three years whilst another trial found no difference at 5 years. Rates of patient intolerance of compression hosiery were high. There is insufficient evidence to aid selection of different types, brands, or lengths of compression hosiery.</P>
</ABS_CONCLUSIONS>
  </ABSTRACT>
</DOC>
