<?xml version="1.0"?>
<DOC>
  <TITLE LABEL="Review Title">Chemotherapy for thymic carcinoma and advanced thymoma in adults</TITLE>
  <SUMMARY>
    <SUMMARY_TITLE>Chemotherapy (drug treatment) for inoperable thymic cancer in adults</SUMMARY_TITLE>
    <SUMMARY_BODY>
<P>
<B>Question</B>: Which type and when should chemotherapy (drug treatment) be given to people with thymic carcinoma or advanced thymoma?</P>
<P>
<B>Background</B>: Thymic cancers are rare tumours arising in the thymus gland behind the breastbone in the chest cavity. For people with advanced-stage thymic tumours complete surgical resection is normally not possible and the only treatment option is combined chemotherapy. This review aimed to assess the role of chemotherapy in people with advanced thymic tumours.</P>
<P>
<B>Main findings</B>: We did not identify any suitable clinical trials for inclusion in this review from our search (up to July 2012). We have reported details of prospective studies that are not suitable for inclusion in the review, which provide some useful evidence about current clinical practice.</P>
<P>
<B>Quality of the evidence</B>: While various treatment options are used, cisplatin-based chemotherapy is currently the usual regimen of choice, however this is not supported by good-quality trials.</P>
</SUMMARY_BODY>
  </SUMMARY>
  <ABSTRACT>
    <ABS_BACKGROUND>
<P>Thymic carcinoma or advanced thymoma is a rare cancer of the thymus gland that tends to be aggressive and infiltrate neighbouring organs, making total resection very difficult. Induction or adjuvant chemotherapy, or both, are often used in a multimodality approach to treat people affected by this condition, but the effectiveness of chemotherapy for thymic carcinoma or advanced thymoma remains uncertain.</P>
</ABS_BACKGROUND>
    <ABS_OBJECTIVES>
<P>To assess the role of chemotherapy in adults with thymic carcinoma or advanced thymoma.</P>
</ABS_OBJECTIVES>
    <ABS_SEARCH_STRATEGY>
<P>We searched the Cochrane Central Register of Controlled Trials (CENTRAL 2012, Issue 7<I>)</I>, MEDLINE (accessed via Ovid from 1966 to July 2012), EMBASE (accessed via Ovid, from 1980 to July 2012), Latin American and Caribbean Literature on Health Sciences (LILACS), the Chinese Biological Medicine Database (CBM, 1978 to July 2012), China National Knowledge Infrastructure (CNKI, 1980 to July 2012) and the Chinese scientific periodical database VIP Information (VIP, 1989 to July 2012). There was no language restriction in searching for studies.</P>
</ABS_SEARCH_STRATEGY>
    <ABS_SELECTION_CRITERIA>
<P>We planned to include randomised controlled trials (RCTs) of  trials using chemotherapy (either single-agent or combination chemotherapy plus surgery, radiotherapy or not) for thymic carcinoma and/or advanced thymoma. We planned to include all adults (aged 18 years and over) diagnosed with thymic carcinoma and/or with Masaoka stage III or IV thymic tumours. The intended primary outcomes were overall survival (OS) and progression-free survival (PFS).</P>
</ABS_SELECTION_CRITERIA>
    <ABS_DATA_COLLECTION>
<P>Two review authors independently evaluated the search results according to the inclusion and exclusion criteria. There were no studies identified for inclusion and therefore no data extraction was completed.</P>
</ABS_DATA_COLLECTION>
    <ABS_RESULTS>
<P>No RCTs were eligible for inclusion in this review. We report details of excluded prospective studies in an additional table and try to provide some useful evidence regarding current practice.</P>
</ABS_RESULTS>
    <ABS_CONCLUSIONS>
<P>There were no RCTs eligible for inclusion in this review. In current practice the most common regimen for adult patients with thymic carcinoma or advanced thymoma is cisplatin-based chemotherapy. Considering the condition is rare, it is suggested that an international group is set up to organise and evaluate prospective collection of data from cohorts of patients to inform current clinical practice.</P>
</ABS_CONCLUSIONS>
  </ABSTRACT>
</DOC>
