<?xml version="1.0"?>
<DOC>
  <TITLE LABEL="Review Title">Antiepileptic drugs for the primary and secondary prevention of seizures after intracranial venous thrombosis</TITLE>
  <SUMMARY>
    <SUMMARY_TITLE>Antiepileptic drugs for the primary and secondary prevention of seizures after intracranial venous thrombosis (ICVT)</SUMMARY_TITLE>
    <SUMMARY_BODY>
<P>
<B>Review question</B>
</P>
<P>We reviewed the evidence around the use of antiepileptic medication to prevent seizures after intracranial venous thrombosis.</P>
<P>
<B>Background</B>
</P>
<P>Intracranial venous thrombosis is caused by blood clots in a vein or venous sinus in the brain. This can result in seizure activity. It remains unclear which people with intracranial venous thrombosis should receive antiepileptics as a preventative treatment. We wanted to clarify the potential benefit balanced with the potential side effects from using antiepileptic medication in this group of people.</P>
<P>
<B>Study characteristics</B>
</P>
<P>No study up to August 2013 met the inclusion criteria for review.</P>
<P>
<B>Key results</B>
</P>
<P>There is currently no evidence from randomised controlled trials to support or refute the use of antiepileptic drugs for the prevention of seizures related to intracranial venous thrombosis.</P>
</SUMMARY_BODY>
  </SUMMARY>
  <ABSTRACT>
    <ABS_BACKGROUND>
<P>Intracranial venous thrombosis (ICVT) commonly presents with seizures in the acute period, and some people may develop recurrent seizures in the long term. The prophylactic use of antiepileptic drugs (AEDs) for the management of post-ICVT seizures is controversial, and there is currently no consensus on the optimal management of post-ICVT seizures. This is an updated version of the original Cochrane review published in <I>The Cochrane Library </I>2006, Issue 3.</P>
</ABS_BACKGROUND>
    <ABS_OBJECTIVES>
<P>To assess the effects of AEDs for the primary and secondary prevention of seizures related to ICVT.<BR/>(1) For the question of primary prevention, we aimed to examine whether AEDs reduce the likelihood of seizures in people who have had an ICVT but have not had a seizure.<BR/>(2) For the question of secondary prevention, we aimed to examine whether AEDs reduce the likelihood of further seizures in people who have had an ICVT and at least one seizure.</P>
</ABS_OBJECTIVES>
    <ABS_SEARCH_STRATEGY>
<P>We aimed to identify relevant studies in the Cochrane Epilepsy Group and Cochrane Stroke Group Specialised Registers. We also undertook specialised searches of the Cochrane Central Register of Controlled Trials (CENTRAL, <I>The Cochrane Library</I> 2013, Issue 7) and MEDLINE (Ovid 1946 to 22 August 2013) and checked the reference lists of articles retrieved from the searches.</P>
</ABS_SEARCH_STRATEGY>
    <ABS_SELECTION_CRITERIA>
<P>We considered all randomised and quasi-randomised controlled trials in which participants were assigned to a treatment group (that is, receiving at least one AED) or control group (receiving placebo or no drug).</P>
</ABS_SELECTION_CRITERIA>
    <ABS_DATA_COLLECTION>
<P>Both review authors independently screened and assessed the methodological quality of the studies. If studies had been included in the review, then one review author would have extracted the data and the other would have checked the extracted data.</P>
</ABS_DATA_COLLECTION>
    <ABS_RESULTS>
<P>No relevant studies were found.</P>
</ABS_RESULTS>
    <ABS_CONCLUSIONS>
<P>There is no evidence to support or refute the use of antiepileptic drugs for the primary or secondary prevention of seizures related to intracranial venous thrombosis. Well-designed randomised controlled trials are urgently needed to inform practice. Since the last version of this review no new studies have been found.</P>
</ABS_CONCLUSIONS>
  </ABSTRACT>
</DOC>
