<?xml version="1.0"?>
<DOC>
  <TITLE LABEL="Review Title">Cordyceps sinensis (a traditional Chinese medicine) for treating chronic kidney disease</TITLE>
  <SUMMARY>
    <SUMMARY_TITLE>Cordyceps sinensis (a Chinese medicinal herb) for treating chronic kidney disease</SUMMARY_TITLE>
    <SUMMARY_BODY>
<P>People with chronic kidney disease (CKD) experience gradual worsening of kidney function. Cordyceps (<I>Cordyceps sinensis</I>), which is sometimes known as Chinese caterpillar fungus, is widely used in traditional Chinese medicine to treat people with CKD. We conducted this review to investigate if Cordyceps was a safe and effective treatment for people with CKD.</P>
<P>We searched the literature published up to April 2014 and assessed evidence from 22 studies conducted in China that involved 1746 people with CKD who received Cordyceps as part of their treatment.</P>
<P>We found some evidence to indicate that Cordyceps preparations given in addition to conventional Western medicine may be beneficial in improving kidney function and addressing some complications. However, evidence quality was poor, and no definitive conclusions could be made about Cordyceps for people with CKD.</P>
</SUMMARY_BODY>
  </SUMMARY>
  <ABSTRACT>
    <ABS_BACKGROUND>
<P>
<I>Cordyceps sinensis</I> (Cordyceps, Dong Chong Xia Cao)<I>, </I>a herbal medicine also known as Chinese caterpillar fungus, is one of the most commonly used ingredients in traditional Chinese medicine for the treatment of people with chronic kidney disease (CKD).</P>
</ABS_BACKGROUND>
    <ABS_OBJECTIVES>
<P>This review aimed to evaluate the therapeutic effects and potential adverse effects of 
<I>Cordyceps sinensis</I> for the treatment of people with CKD.</P>
</ABS_OBJECTIVES>
    <ABS_SEARCH_STRATEGY>
<P>We searched the Cochrane Renal Group's Specialised Register to 14 April 2014 through contact with the Trials' Search Co-ordinator using search terms relevant to this review. We also searched CINAHL, AMED, Current Controlled Trials, OpenSIGLE, and Chinese databases including CBM, CMCC, TCMLARS, Chinese Dissertation Database, CMAC and Index to Chinese Periodical Literature.</P>
</ABS_SEARCH_STRATEGY>
    <ABS_SELECTION_CRITERIA>
<P>Randomised and quasi-randomised trials comparing Cordyceps or its products with placebo, no treatment, or conventional treatment were considered for inclusion in the review.</P>
</ABS_SELECTION_CRITERIA>
    <ABS_DATA_COLLECTION>
<P>Two authors independently assessed data quality and extracted data. Statistical analyses were performed using the random-effects model and the results expressed as risk ratio (RR) for dichotomous outcomes or mean difference (MD) for continuous data with 95% confidence intervals (CI).</P>
</ABS_DATA_COLLECTION>
    <ABS_RESULTS>
<P>We included 22 studies that involved 1746 participants. Among people with CKD who were not receiving dialysis, Cordyceps preparations were found to significantly decrease serum creatinine (14 studies, 987 participants): MD -60.76 μmol/L, 95% CI -85.82 to -35.71); increase creatinine clearance (6 studies, 362 participants): MD 9.22 mL/min, 95% CI 3.10 to 15.34) and reduce 24 hour proteinuria (4 studies, 211 participants: MD -0.15 g/24 h, 95% CI -0.24 to -0.05). However, suboptimal reporting and flawed methodological approaches meant that risk of bias was assessed as high in four studies and unclear in 18 studies, and hence, these results need to be interpreted with caution.</P>
</ABS_RESULTS>
    <ABS_CONCLUSIONS>
<P>We found that Cordyceps preparation, as an adjuvant therapy to conventional medicine, showed potential promise to decrease serum creatinine, increase creatine clearance, reduce proteinuria and alleviate CKD-associated complications, such as increased haemoglobin and serum albumin. However, definitive conclusions could not be made because of the low quality of evidence.<BR/>
</P>
</ABS_CONCLUSIONS>
  </ABSTRACT>
</DOC>
