<?xml version="1.0"?>
<DOC>
  <TITLE LABEL="Review Title">Repeated use of pre- and postcoital hormonal contraception for prevention of pregnancy</TITLE>
  <SUMMARY>
    <SUMMARY_TITLE>Repeated use of hormonal drugs right before or after sex to prevent pregnancy</SUMMARY_TITLE>
    <SUMMARY_BODY>
<P>Currently, no oral birth control method is approved for using only when needed, that is, at the time of sex. However, many women may want to use such a method. Our review looked at studies of different drugs taken around the sex act to find out how well the drugs worked to prevent pregnancy. We also assessed the safety of the drugs and whether women liked them.</P>
<P>We ran computer searches until 1 September 2014 to find relevant studies in any language. For the initial review, we also wrote to researchers to find other trials. We assessed the quality of the research methods in the studies. We used the Pearl Index to estimate the effect. The Pearl Index is the number of pregnancies for every 100 years of pill use.</P>
<P>We found 22 studies from the past 40 years. They included a total of 12,400 women in Europe, Asia, and the Americas. Fifteen trials studied different doses of the hormone levonorgestrel and seven looked at other hormones. These studies showed that using some hormones right before or after sex did prevent pregnancy. Levonorgestrel seemed to work well, and was safe and accepted by thousands of women in several large trials. The most common side effects were menstrual bleeding problems. However, such bleeding issues were not always related to how often women took the pills or the total dose of the drug.</P>
<P>Most studies were old and many reports were not complete. However, the data had moderate quality because of the many women in these studies, the low pregnancy rates, and the consistent results. We do not know for sure whether using levonorgestrel repeatedly around the time of sex is a good and safe method of birth control. More high-quality research is needed to answer the question.</P>
</SUMMARY_BODY>
  </SUMMARY>
  <ABSTRACT>
    <ABS_BACKGROUND>
<P>Repeated use of postcoital hormonal contraception is not currently recommended due to the higher risk of side effects and lower contraceptive effectiveness compared to other modern methods of contraception. However, emerging evidence indicates renewed interest in a regular coitally-dependent method of oral contraception. We evaluated the existing data on safety and effectiveness of pericoital use of levonorgestrel and other hormonal drugs to prevent pregnancy.</P>
</ABS_BACKGROUND>
    <ABS_OBJECTIVES>
<P>To determine the effectiveness and safety of repeated use of pre- and postcoital hormonal contraception for pregnancy prevention.</P>
</ABS_OBJECTIVES>
    <ABS_SEARCH_STRATEGY>
<P>We searched until 1 September 2014 for trials that tested repeated pre- and postcoital use of hormonal drugs for pregnancy prevention. Databases included CENTRAL, MEDLINE, and POPLINE. We searched for current trials via ClinicalTrials.gov and ICTRP. For the initial review, we also searched EMBASE, CINAHL, and LILACS, and wrote to researchers to identify other trials.</P>
</ABS_SEARCH_STRATEGY>
    <ABS_SELECTION_CRITERIA>
<P>We considered published and unpublished studies of repeated postcoital or immediately precoital use of hormonal drugs for contraception with pregnancy as an outcome. </P>
</ABS_SELECTION_CRITERIA>
    <ABS_DATA_COLLECTION>
<P>Two authors independently confirmed eligibility and extracted data from the included studies. We calculated confidence intervals (CI) around individual study Pearl indices using a Poisson distribution. We presented individual study estimates and pooled estimates and their 95% CI, where appropriate.</P>
</ABS_DATA_COLLECTION>
    <ABS_RESULTS>
<P>We found 22 trials that evaluated pericoital use of LNG and other hormonal drugs on a regular basis to prevent pregnancy. The studies included a total of 12,400 participants, and were conducted in Europe, Asia, and the Americas. The drugs and doses evaluated included levonorgestrel (LNG) 0.75 mg (11 studies), LNG in doses other than 0.75 mg (4 trials), and hormones other than LNG (7 trials). Outcomes included pregnancy rates, discontinuation, side effects, and acceptability.</P>
<P>Pericoital levonorgestrel was reasonably efficacious and safe. The pooled Pearl Index for the 0.75 mg dose of LNG was 5.4 per 100 woman-years (95% CI 4.1 to 7.0). The pooled Pearl Index for all doses of LNG was 5.0 per 100 woman-years (95% CI 4.4 to 5.6). Other hormonal drugs appeared promising but most of them were not studied extensively. Menstrual irregularities were the most common side effects reported. However, the studies provided no consistent evidence of a relationship between bleeding abnormalities and either frequency of pill intake or total dose of the drug. Non-menstrual side effects were reportedly mild and not tabulated in most studies. Most women liked the pericoital method in spite of frequent menstrual irregularities.</P>
</ABS_RESULTS>
    <ABS_CONCLUSIONS>
<P>The studies of pericoital LNG regimens provided promising results but many had serious methodological issues. Most reports were decades old and provided limited information. However, we considered the evidence to be moderate quality because of the large number of participants from diverse populations, the low pregnancy rates, and the consistent results across studies. Rigorous research is still needed to confirm the efficacy and safety of pericoital use of LNG as a primary means of contraception among women with infrequent intercourse. If the method is shown to be efficacious, safe and acceptable, the results may warrant revision of the current World Health Organization recommendations and marketing strategies.</P>
</ABS_CONCLUSIONS>
  </ABSTRACT>
</DOC>
