<?xml version="1.0"?>
<DOC>
  <TITLE LABEL="Review Title">Antifungal therapies for allergic bronchopulmonary aspergillosis in people with cystic fibrosis</TITLE>
  <SUMMARY>
    <SUMMARY_TITLE>Treatments to fight fungal infections which cause allergic bronchopulmonary aspergillosis in people with cystic fibrosis</SUMMARY_TITLE>
    <SUMMARY_BODY>
<P>
<B>Review question</B>
</P>
<P>We planned to review evidence about the effect of treatments to fight fungal infections which cause allergic bronchopulmonary aspergillosis in people with cystic fibrosis.</P>
<P>
<B>Background</B>
</P>
<P>Allergic bronchopulmonary aspergillosis (ABPA) is an allergic lung reaction to a type of fungus (usually <I>Aspergillus fumigatus</I>) in some people with cystic fibrosis. It causes cough and wheezing and sometimes fever. If left untreated ABPA can lead to chronic lung damage. It is usually treated with a high dose of corticosteroids (also known as steroids). However, it has not been proven that corticosteroids can prevent lung function deteriorating in the long term. Also, long-term use of steroids is linked to some serious side effects. Treating the fungus which causes ABPA may be an alternative to using high doses of steroids to combat the allergic reaction.</P>
<P>
<B>Search date</B>
</P>
<P>The evidence is current to: March 2014.</P>
<P>
<B>Study characteristics</B>
</P>
<P>No trials were found which we could include in the review.</P>
<P>
<B>Key results</B>
</P>
<P>There are some trials in people who don't have cystic fibrosis which have shown that if treatment is given to reduce the fungus, the steroid dose can be reduced with no adverse effects. However, in one cystic fibrosis centre, researchers observed that when people were given an anti-fungal treatment in addition to steroids, several of them became unable to produce enough cortisol (a hormone) in their adrenal glands in response to stress. There is not enough evidence for us to recommend the use of antifungal treatment in people with cystic fibrosis and ABPA. There should be a trial of these drugs to assess their effects in the long and the short term.</P>
</SUMMARY_BODY>
  </SUMMARY>
  <ABSTRACT>
    <ABS_BACKGROUND>
<P>Allergic bronchopulmonary aspergillosis (ABPA) is an allergic reaction to colonisation of the lungs with the fungus <I>Aspergillus fumigatus</I> and affects around 10% of people with cystic fibrosis. ABPA is associated with an accelerated decline in lung function. High doses of corticosteroids are the main treatment for ABPA; although the long-term benefits are not clear, their many side effects are well-documented. A group of compounds, the azoles, have activity against <I>Aspergillus fumigatus</I> and have been proposed as an alternative treatment for ABPA. Of this group, itraconazole is the most active. A separate antifungal compound, amphotericin B, has been employed in aerosolised form to treat invasive infection with <I>Aspergillus fumigatus</I>, and may have potential for the treatment of ABPA. Antifungal therapy for ABPA in cystic fibrosis needs to be evaluated. </P>
</ABS_BACKGROUND>
    <ABS_OBJECTIVES>
<P>The review aimed to test the hypotheses that antifungal interventions for the treatment of ABPA in cystic fibrosis:<BR/>1. improve clinical status compared to placebo or standard therapy (no placebo);<BR/>2. do not have unacceptable adverse effects.</P>
<P>If benefit was demonstrated, we aimed to assess the optimal type, duration and dose of antifungal therapy.</P>
</ABS_OBJECTIVES>
    <ABS_SEARCH_STRATEGY>
<P>We searched the Cochrane Cystic Fibrosis and Genetic Disorders Group Trials Register which comprises references identified from comprehensive electronic database searches, handsearches of relevant journals and abstract books of conference proceedings.</P>
<P>In addition, pharmaceutical companies were approached.</P>
<P>Date of the most recent search of the Group's Trials Register: 17 March 2014.</P>
</ABS_SEARCH_STRATEGY>
    <ABS_SELECTION_CRITERIA>
<P>Published or unpublished randomised controlled trials, where antifungal treatments have been compared to either placebo or no treatment, or where different doses of the same treatment have been used in the treatment of ABPA in people with cystic fibrosis. </P>
</ABS_SELECTION_CRITERIA>
    <ABS_DATA_COLLECTION>
<P>Four trials were identified by the searches; none of which was judged eligible for inclusion in the review.</P>
</ABS_DATA_COLLECTION>
    <ABS_RESULTS>
<P>No completed randomised controlled trials were included.</P>
</ABS_RESULTS>
    <ABS_CONCLUSIONS>
<P>At present, there are no randomised controlled trials to evaluate the use of antifungal therapies for the treatment of ABPA in people with cystic fibrosis, although trials in people who do not have cystic fibrosis have shown clinical and serological evidence of improvement and a reduction in the use of corticosteroids with no increase in adverse effects.  Trials with clear outcome measures are needed to properly evaluate this potentially useful treatment for cystic fibrosis.</P>
</ABS_CONCLUSIONS>
  </ABSTRACT>
</DOC>
