<?xml version="1.0"?>
<DOC>
  <TITLE LABEL="Review Title">Written emotional disclosure for asthma</TITLE>
  <SUMMARY>
    <SUMMARY_TITLE>Writing about emotional topics for asthma control and well-being</SUMMARY_TITLE>
    <SUMMARY_BODY>
<P>
<B>Background</B>
</P>
<P>Stress may cause worsening of asthma. Previous studies showed that "written emotional disclosure," an activity that encourages people to write about stressful experiences, helps to reduce stress and improve well-being. Therefore written emotional disclosure may have a role in the management of asthma by reducing stress.</P>
<P>
<B>Review question</B>
</P>
<P>We reviewed the medical literature to find out whether written emotional disclosure improves lung function and asthma symptoms in asthmatic patients. We looked at studies that compared the effectiveness of completing written emotional disclosure versus writing about topics unrelated to emotion.<B> </B>
</P>
<P>
<B>Study characteristics</B>
</P>
<P>Four studies, involving 414 participants, were included in this review. The trials lasted between two months and 12 months. One study was conducted in the UK, the other three in the USA. All studies compared emotional disclosure writing versus non-stressful writing. Three studies were conducted in adult participants and one in adolescents. The average age of participants ranged from 14 to 43 years. In all trials, most of the participants were female.</P>
<P>
<B>Key results</B>
</P>
<P>There is no evidence to support that written emotional disclosure is helpful in improving lung function or symptoms in patients with asthma. However, disclosure may be beneficial for patients' perceptions of their own asthma control. Based on evidence obtained from the studies, we are not able to draw conclusions about the role of written emotional disclosure in quality of life, psychological well-being, asthma medication use or use of healthcare facilities for asthma-related problems. Better designed studies are necessary to determine the effects of written emotional disclosure for patients with asthma.</P>
<P>
<B>Quality of the evidence</B>
</P>
<P>Our interpretation of the studies was limited by variation in study settings, topics of the non-stressful writing exercise and study duration. The evidence presented in this review is generally of low quality. This summary was current to January 2014.</P>
</SUMMARY_BODY>
  </SUMMARY>
  <ABSTRACT>
    <ABS_BACKGROUND>
<P>Psychological stress has been widely implicated in asthma exacerbation. Evidence suggests that written emotional disclosure, an intervention that involves writing about traumatic or stressful experiences, helps to reduce stress and promote physical and psychological well-being. Written emotional disclosure may have a role in the management of asthma.</P>
</ABS_BACKGROUND>
    <ABS_OBJECTIVES>
<P>This review aims to determine the effectiveness of written emotional disclosure for people with asthma, specifically, to assess:</P>
<P>1. overall efficacy of emotional disclosure compared with emotionally neutral writing on self reported quality of life in people with asthma;</P>
<P>2. overall efficacy of emotional disclosure compared with emotionally neutral writing on objective measures of health outcome in people with asthma; and</P>
<P>3. comparative efficacy of different types of emotional disclosure for people with asthma.</P>
</ABS_OBJECTIVES>
    <ABS_SEARCH_STRATEGY>
<P>Trials were identified from the Cochrane Airways Group Specialised Register of trials, CENTRAL, MEDLINE, EMBASE, CINAHL, AMED and PsycINFO. The latest search was conducted in January 2014.</P>
</ABS_SEARCH_STRATEGY>
    <ABS_SELECTION_CRITERIA>
<P>Randomised controlled trials published in any language comparing written emotional disclosure intervention versus a control writing (emotionally neutral) intervention in participants with asthma were included in the review.</P>
</ABS_SELECTION_CRITERIA>
    <ABS_DATA_COLLECTION>
<P>Two review authors independently assessed studies against predetermined inclusion criteria and extracted the data. Corresponding authors were contacted when necessary to provide additional information.</P>
</ABS_DATA_COLLECTION>
    <ABS_RESULTS>
<P>Four studies, involving a total of 414 participants, met the inclusion criteria. Three studies were conducted in adult participants and one in adolescents. The average age of participants ranged from 14 to 43 years. The trials lasted between two months and 12 months. The interventions were based on Pennebaker's method. The risk of bias across most domains of the studies was generally considered to be low, however three of four studies were considered at high risk of bias due to lack of assessor blinding and one study was at high risk of bias for selective reporting. The interpretation of these studies was limited by diverse outcome measurements, measurement tools, control group techniques, and number and/or times of follow-up. A pooled result from the four studies, including a total of 146 intervention and 135 control participants, indicated uncertain effect in forced expiratory volume in one second (FEV<SUB>1</SUB>) % predicted between the disclosure group and the control group (mean difference (MD) 3.43%, 95% confidence interval (CI) -0.61% to 7.47%; very low-quality evidence) at ≤ three months' follow-up. Similarly, evidence from two studies indicated that written emotional disclosure found uncertain effect on forced vital capacity (FVC) (standardised mean difference (SMD) -0.02, 95% CI -0.30 to 0.26; low-quality evidence) and asthma symptoms (SMD -0.22, 95% CI -0.52 to 0.09; low-quality evidence) but may result in improved asthma control at ≤ three months' follow-up (SMD 0.29, 95% CI 0.01 to 0.58; low-quality evidence). We were unable to pool the data for other outcomes. Results from individual trials did not reveal a significant benefit of written emotional disclosure for quality of life, medication use, healthcare utilisation or psychological well-being. Evidence from one trial suggests a significant reduction in beta agonist use (MD -1.62, 95% CI -2.62 to -0.62; low-quality evidence) at ≤ three months' follow-up in the disclosure group compared with controls. The review did not address any adverse effects of emotional writing.</P>
</ABS_RESULTS>
    <ABS_CONCLUSIONS>
<P>Evidence was insufficient to show whether written emotional disclosure compared with writing about non-emotional topics had an effect on the outcomes included in this review. Evidence is insufficient to allow any conclusions as to the role of disclosure in quality of life, psychological well-being, medication use and healthcare utilisation. The evidence presented in this review is generally of low quality. Better designed studies with standardised reporting of outcome measurement instruments are required to determine the effectiveness of written emotional disclosure in the management of asthma.</P>
</ABS_CONCLUSIONS>
  </ABSTRACT>
</DOC>
