<?xml version="1.0"?>
<DOC>
  <TITLE LABEL="Review Title">Antifibrinolytic amino acids for upper gastrointestinal bleeding in patients with acute or chronic liver disease</TITLE>
  <SUMMARY>
    <SUMMARY_TITLE>Antifibrinolytic amino acids for upper gastrointestinal bleeding in patients with acute or chronic liver disease</SUMMARY_TITLE>
    <SUMMARY_BODY>
<P>Upper gastrointestinal bleeding is one of the most frequent causes of morbidity and mortality in the course of liver cirrhosis. Patients with liver disease frequently have haemostatic abnormalities, which include hyperfibrinolysis. Antifibrinolytic amino acids have been suggested for the treatment of gastrointestinal emergency, but it is unknown whether they are of benefit or cause harm when used for treating upper gastrointestinal bleeding in patients with acute or chronic liver disease. No randomised clinical trials could be found for inclusion in this systematic review on the benefits and harms of antifibrinolytic amino acids for upper gastrointestinal bleeding in patients with liver diseases. Accordingly, we cannot recommend or refute antifibrinolytic amino acids for upper gastrointestinal bleeding in patients with acute or chronic liver disease.</P>
</SUMMARY_BODY>
  </SUMMARY>
  <ABSTRACT>
    <ABS_BACKGROUND>
<P>Upper gastrointestinal bleeding is one of the most frequent causes of morbidity and mortality in the course of liver cirrhosis. Patients with liver disease frequently have haemostatic abnormalities like hyperfibrinolysis. Therefore, antifibrinolytic amino acids have been proposed to be used as supplementary interventions alongside any of the primary treatments for upper gastrointestinal bleeding in patients with liver diseases.</P>
</ABS_BACKGROUND>
    <ABS_OBJECTIVES>
<P>To assess the beneficial and harmful effects of antifibrinolytic amino acids for upper gastrointestinal bleeding in patients with acute or chronic liver disease.</P>
</ABS_OBJECTIVES>
    <ABS_SEARCH_STRATEGY>
<P>We searched the Cochrane Hepato-Biliary Group Controlled Trials Register (11 June 2012), Cochrane Central Register of Controlled Trials (CENTRAL) in <I>The Cochrane Library</I> (2012, Issue 5 of 12), MEDLINE (Ovid SP) (1946 to June 2012), EMBASE (Ovid SP) (1974 to June 2012), Science Citation Index EXPANDED (1900 to June 2012), LILACS (1982 to June 2012), Clinical Trials Search Portal of the WHO (accessed June 18, 2012), and the Metaregister of Controlled Trials (accessed June 18, 2012). We scrutinised the reference lists of the retrieved publications.</P>
</ABS_SEARCH_STRATEGY>
    <ABS_SELECTION_CRITERIA>
<P>Randomised clinical trials irrespective of blinding, language, or publication status for assessment of benefits and harms. Observational studies for assessment of harms.</P>
</ABS_SELECTION_CRITERIA>
    <ABS_DATA_COLLECTION>
<P>Data from randomised clinical trials were to be summarised by standard Cochrane Collaboration methodologies.</P>
</ABS_DATA_COLLECTION>
    <ABS_RESULTS>
<P>We could not find any randomised clinical trials assessing antifibrinolytic amino acids for treating upper gastrointestinal bleeding in patients with acute or chronic liver disease. We could not identify quasi-randomised, historically controlled, or observational studies in which we could assess harms.</P>
</ABS_RESULTS>
    <ABS_CONCLUSIONS>
<P>No randomised clinical trials assessing the benefits and harms of antifibrinolytic amino acids for upper gastrointestinal bleeding in patients with acute or chronic liver disease were identified. The benefits and harms of antifibrinolytic amino acids need to be tested in randomised clinical trials. Unless randomised clinical trials are conducted to assess the trade off between benefits and harms, we cannot recommend nor refute antifibrinolytic amino acids for upper gastrointestinal bleeding in patients with acute or chronic liver diseases.</P>
</ABS_CONCLUSIONS>
  </ABSTRACT>
</DOC>
