<?xml version="1.0"?>
<DOC>
  <TITLE LABEL="Review Title">Interventions for reducing medication errors in children in hospital</TITLE>
  <SUMMARY>
    <SUMMARY_TITLE>Interventions for reducing medication errors in children in hospital</SUMMARY_TITLE>
    <SUMMARY_BODY>
<P>Medication safety is important for hospitalised children, as they are at risk of experiencing unintended harm as a result of medication errors. Hospitals implement various interventions to reduce medication errors. This review examines the effectiveness of these interventions. We included seven studies describing five different interventions. The clinical pharmacist, the computerised prescribing system and the barcode medication administration system are interventions at the organisational level. The check and control checklist and a preprinted order sheet are categorised as professional interventions.</P>
<P>The introduction of a clinical pharmacist resulted in a significant decrease in serious medication errors in an intensive care setting, but these results were not seen on a medical and surgical ward. Also introduction of a computerised prescribing system and a check and control checklist did not result in conclusive results. The introduction of a barcode medication administration system and a preprinted order sheet resulted in a significant decrease in medication errors, but the benefits for paediatric patients in terms of less harm remain unclear.</P>
<P>Despite extensive searching, we identified only seven studies for inclusion. Our assessment of the quality and strength of evidence from these studies is low. This review shows that only a handful of medication safety strategies are studied in robust study designs. When the vulnerability of paediatric patients in hospital is considered, more research of high quality should be included on every research agenda.</P>
</SUMMARY_BODY>
  </SUMMARY>
  <ABSTRACT>
    <ABS_BACKGROUND>
<P>Many hospitalised patients are affected by medication errors (MEs) that may cause discomfort, harm and even death. Children are at especially high risk of harm as the result of MEs because such errors are potentially more hazardous to them than to adults. Until now, interventions to reduce MEs have led to only limited improvements.</P>
</ABS_BACKGROUND>
    <ABS_OBJECTIVES>
<P>To determine the effectiveness of interventions aimed at reducing MEs and related harm in hospitalised children.</P>
</ABS_OBJECTIVES>
    <ABS_SEARCH_STRATEGY>
<P>The Effective Practice and Organisation of Care Group (EPOC) Trials Search Co-ordinator searched the following sources for primary studies: <I>The Cochrane Library</I>, including the Cochrane Central Register of Controlled Trials (CENTRAL), the Economic Evaluation Database (EED) and the Health Technology Assessments (HTA) database; MEDLINE, EMBASE, the Cumulative Index to Nursing and Allied Health Literature (CINAHL), PsycINFO, Proquest Dissertations &amp; Theses, Web of Science (citation indexes and conference proceedings) and the EPOC Register of Studies. Related reviews were identified by searching the Cochrane Database of Systematic Reviews and the Database of Abstracts of Reviews of Effects (DARE). Review authors searched grey literature sources and trial registries. They handsearched selected journals, contacted researchers in the field and scanned reference lists of relevant reviews. They conducted searches in November 2013 and November 2014. They applied neither language nor date limits.</P>
</ABS_SEARCH_STRATEGY>
    <ABS_SELECTION_CRITERIA>
<P>Randomised controlled trials, controlled before-after studies and interrupted time series investigating interventions to improve medication safety in hospitalised children (≤ 18 years). Participants were healthcare professionals authorised to prescribe, dispense or administer medications. Outcome measures included MEs, (potential) patient harm, resource utilisation and unintended consequences of the interventions.</P>
</ABS_SELECTION_CRITERIA>
    <ABS_DATA_COLLECTION>
<P>Two review authors independently selected studies, extracted data and assessed study quality using the EPOC data collection checklist. We evaluated the risk of bias of included studies and used the GRADE (Grades of Recommendation, Assessment, Development and Evaluation) approach to assess the quality of the body of evidence. We described results narratively and presented them using GRADE tables.<BR/>
</P>
</ABS_DATA_COLLECTION>
    <ABS_RESULTS>
<P>We included seven studies describing five different interventions: participation of a clinical pharmacist in a clinical team (n = 2), introduction of a computerised physician order entry system (n = 2), implementation of a barcode medication administration system (n = 1), use of a structured prescribing form (n = 1) and implementation of a check and control checklist in combination with feedback (n = 1).</P>
<P>Clinical and methodological heterogeneity between studies precluded meta-analyses. Although some interventions described in this review show a decrease in MEs, the results are not consistent, and none of the studies resulted in a significant reduction in patient harm. Based on the GRADE approach, the overall quality and strengfh of the evidence are low.</P>
</ABS_RESULTS>
    <ABS_CONCLUSIONS>
<P>Current evidence on effective interventions to prevent MEs in a paediatric population in hospital is limited. Comparative studies with robust study designs are needed to investigate interventions including components that focus on specific paediatric safety issues.</P>
</ABS_CONCLUSIONS>
  </ABSTRACT>
</DOC>
