<?xml version="1.0"?>
<DOC>
  <TITLE LABEL="Review Title">Interventions for treating phosphorus burns</TITLE>
  <SUMMARY>
    <SUMMARY_TITLE>Interventions for treating phosphorus burns</SUMMARY_TITLE>
    <SUMMARY_BODY>
<P>Phosphorus is a chemical element sometimes used in a military or industrial context. Phosphorus burns resulting from military or industrial injuries are chemical burns that can be fatal. Although rare, these burns are serious, often very deep and painful, and can be associated with lengthy periods of time in hospital for patients. </P>
<P>The usual procedure for dealing with phosphorus burns is to remove any affected clothing and wash the wounds with water or saline solution. In addition, copper sulphate can be used to make the particles of phosphorus  more visible and easier to remove, however, copper sulphate is poisonous and can in itself be fatal if absorbed into the body. This review found two retrospective studies (88 patients) that compared burns treated with or without copper sulphate. The review found no evidence that using copper sulphate improves the outcome of the burn, indeed, based upon the limited available evidence, the review authors suggest that copper sulphate should not be used in the treatment of phosphorus burns. </P>
<P>No other studies were identified that could be used to assess other treatments for this type of burn.</P>
</SUMMARY_BODY>
  </SUMMARY>
  <ABSTRACT>
    <ABS_BACKGROUND>
<P>Phosphorus burns are rarely encountered in usual clinical practice and occur mostly in military and industrial settings. However, these burns can be fatal, even with minimal burn area, and are often associated with prolonged hospitalisation.</P>
</ABS_BACKGROUND>
    <ABS_OBJECTIVES>
<P>To summarise the evidence of effects (beneficial and harmful) of all interventions for treating people with phosphorus burns.</P>
</ABS_OBJECTIVES>
    <ABS_SEARCH_STRATEGY>
<P>In October 2013 for this first update we searched the Cochrane Wounds Group Specialised Register; the Cochrane Central Register of Controlled Trials (CENTRAL) (The Cochrane Library);Ovid OLDMEDLINE; Ovid MEDLINE; Ovid MEDLINE (In-Process &amp; Other Non-Indexed Citations); Ovid EMBASE; EBSCO CINAHL and Conference Proceedings Citation Index - Science (CPCI-S). We did not apply any methodological filters or restrictions on the basis of study design, language, date of publication or publication status.</P>
</ABS_SEARCH_STRATEGY>
    <ABS_SELECTION_CRITERIA>
<P>Any comparisons of different ways of managing phosphorus burns including, but not restricted, to randomised trials.</P>
</ABS_SELECTION_CRITERIA>
    <ABS_DATA_COLLECTION>
<P>We found two non-randomised comparative studies, both comparing patients treated with and without copper sulphate.</P>
</ABS_DATA_COLLECTION>
    <ABS_RESULTS>
<P>These two comparative studies provide no evidence to support the use of copper sulphate in managing phosphorus burns. Indeed the small amount of available evidence suggests that it may be harmful.</P>
</ABS_RESULTS>
    <ABS_CONCLUSIONS>
<P>First aid for phosphorus burns involves the common sense measures of acting promptly to remove the patient's clothes, irrigating the wound(s) with water or saline continuously, and removing phosphorus particles. There is no evidence that using copper sulphate to assist visualisation of phosphorus particles for removal is associated with better outcome, and some evidence that systemic absorption of copper sulphate may be harmful. We have so far been unable to identify any other comparisons relevant to informing other aspects of the care of patients with phosphorus burns. Future versions of this review will take account of information in articles published in languages other than English, which may contain additional evidence based on treatment comparisons.</P>
</ABS_CONCLUSIONS>
  </ABSTRACT>
</DOC>
