<?xml version="1.0"?>
<DOC>
  <TITLE LABEL="Review Title">Advanced training in trauma life support for ambulance crews</TITLE>
  <SUMMARY>
    <SUMMARY_TITLE>Advanced training in trauma life support for ambulance crews</SUMMARY_TITLE>
    <SUMMARY_BODY>
<P>Injury is one of the top ten causes of death and disability worldwide. It results in an early loss of life for many young people and ongoing high medical care costs among survivors. Advanced life support (ALS) training for ambulance crews with emphasis on trauma is believed to have contributed to a reduction in the number of deaths from injury in predominantly high-income countries where this service is available. ALS services are also being adapted for low- and middle-income countries. This review of trials found there is no evidence to suggest that ALS training for ambulance personnel improves the outcomes for injured people.</P>
</SUMMARY_BODY>
  </SUMMARY>
  <ABSTRACT>
    <ABS_BACKGROUND>
<P>There is an increasing global burden of injury especially in low- and middle-income countries (LMICs). To address this, models of trauma care initially developed in high income countries are being adopted in LMIC settings. In particular, ambulance crews with advanced life support (ALS) training are being promoted in LMICs as a strategy for improving outcomes for victims of trauma. However, there is controversy as to the effectiveness of this health service intervention and the evidence has yet to be rigorously appraised.</P>
</ABS_BACKGROUND>
    <ABS_OBJECTIVES>
<P>To quantify the impact of ALS-trained ambulance crews versus crews without ALS training on reducing mortality and morbidity in trauma patients.</P>
</ABS_OBJECTIVES>
    <ABS_SEARCH_STRATEGY>
<P>The search for studies was run on the 16th May 2014. We searched the Cochrane Injuries Group's Specialised Register, the Cochrane Central Register of Controlled Trials (CENTRAL, <I>The Cochrane Library</I>), Ovid MEDLINE(R), Ovid MEDLINE(R) In-Process &amp; Other Non-Indexed Citations, Ovid MEDLINE(R) Daily and Ovid OLDMEDLINE(R), Embase Classic+Embase (Ovid), ISI WOS (SCI-EXPANDED, SSCI, CPCI-S &amp; CPSI-SSH), CINAHL Plus (EBSCO), PubMed and screened reference lists.</P>
</ABS_SEARCH_STRATEGY>
    <ABS_SELECTION_CRITERIA>
<P>Randomised controlled trials, controlled trials and non-randomised studies, including before-and-after studies and interrupted time series studies, comparing the impact of ALS-trained ambulance crews versus crews without ALS training on the reduction of mortality and morbidity in trauma patients.</P>
</ABS_SELECTION_CRITERIA>
    <ABS_DATA_COLLECTION>
<P>Two review authors assessed study reports against the inclusion criteria, and extracted data.</P>
</ABS_DATA_COLLECTION>
    <ABS_RESULTS>
<P>We found one controlled before-and-after trial, one uncontrolled before-and-after study, and one randomised controlled trial that met the inclusion criteria. None demonstrated evidence to support ALS training for pre-hospital personnel. In the uncontrolled before-and-after study, 'a priori' sub-group analysis showed an increase in mortality among patients who had a Glasgow Coma Scale score of less than nine and received care from ALS trained ambulance crews. Additionally, when the pre-hospital trauma score was taken into account in logistic regression analysis, mortality in the patients receiving care from ALS trained crews increased significantly.</P>
</ABS_RESULTS>
    <ABS_CONCLUSIONS>
<P>At this time, the evidence indicates that there is no benefit of advanced life support training for ambulance crews on patient outcomes.</P>
</ABS_CONCLUSIONS>
  </ABSTRACT>
</DOC>
