<?xml version="1.0"?>
<DOC>
  <TITLE>Nebulized and oral thiol derivatives for pulmonary disease in cystic fibrosis</TITLE>
  <SUMMARY>
    <SUMMARY_TITLE>Compounds which can break down the structure of mucus for lung disease in cystic fibrosis</SUMMARY_TITLE>
    <SUMMARY_BODY>
<P>Cystic fibrosis is a genetic disorder which mainly affects the lungs. Chest infections recur in people with cystic fibrosis due to a build up of thick sputum (phlegm) in the air passages. Several treatments, including thiol derivatives, aim to loosen this sputum and so improve lung function and reduce the frequency of chest infections. Thiol derivatives may be either nebulized (breathed in) or oral (by mouth). They have been shown to help in other lung conditions, such as chronic obstructive pulmonary disease. This review aims to find out if there is enough evidence to recommend the use of nebulized or oral thiol derivatives for people with cystic fibrosis. We included nine trials; three assessed the effect of nebulized thiol derivatives. Of the nebulized trials, one compared 20% N-acetylcysteine to 2% N-acetylcysteine; another compared sodium-2-mercaptoethane sulphonate to 7% hypertonic saline; and the other compared glutathione to 4% hypertonic saline. Nebulized thiol derivatives were generally well-tolerated with no major adverse effects. However they showed no significant improvements in any of our outcome measures.</P>
<P>Six included trials assessed the effects of oral thiol derivatives.Three of these trials compared oral N-acetylcysteine to placebo; one compared oral N-acetylcysteine, oral ambroxol and placebo; and one compared oral carbocysteine and oral ambroxol (no placebo). None of the trials showed an overall significant benefit in any of the outcome measures of this review. Oral thiol derivatives were generally well-tolerated with no major adverse effects.</P>
<P>In summary, the trials included in the review did not provide any evidence that nebulized or oral thiol derivatives were either beneficial or harmful to people with cystic fibrosis. Further research investigating the effects of thiol derivatives in people with cystic fibrosis is required before their use can be recommended.</P>
</SUMMARY_BODY>
  </SUMMARY>
  <ABSTRACT>
    <ABS_BACKGROUND>
<P>Cystic fibrosis is an inherited condition resulting in thickened, sticky respiratory secretions. Respiratory failure, due to recurrent pulmonary infection and inflammation, is the most common cause of mortality. Muco-active therapies (e.g. dornase alfa and nebulized hypertonic saline) may decrease sputum viscosity, increase airway clearance of sputum, reduce infection and inflammation and improve lung function. Thiol derivatives, either oral or nebulized, have shown benefit in other respiratory diseases. Their mode of action is likely to differ according to the route of administration. There are several thiol derivatives, and it is unclear which of these may be beneficial in cystic fibrosis.</P>
</ABS_BACKGROUND>
    <ABS_OBJECTIVES>
<P>To evaluate the efficacy and safety of nebulized and oral thiol derivatives in people with cystic fibrosis.</P>
</ABS_OBJECTIVES>
    <ABS_SEARCH_STRATEGY>
<P>We searched the Cochrane Cystic Fibrosis and Genetic Disorders Group Trials Register, comprising references identified from comprehensive electronic database searches, hand searches of relevant journals, abstract books and conference proceedings.</P>
<P>Most recent search: 13 June 2013.</P>
<P>We also conducted a PubMed search on 26 February 2013 for relevant published articles.</P>
</ABS_SEARCH_STRATEGY>
    <ABS_SELECTION_CRITERIA>
<P>Randomized and quasi-randomized controlled trials comparing nebulized or oral thiol derivatives to placebo or another thiol derivative in people with cystic fibrosis.</P>
</ABS_SELECTION_CRITERIA>
    <ABS_DATA_COLLECTION>
<P>The authors independently assessed trials for inclusion, analysed risk of bias and extracted data.</P>
</ABS_DATA_COLLECTION>
    <ABS_RESULTS>
<P>Searches identified 23 trials; nine trials (255 participants) are included, of these seven trials are more than 10 years old. Three trials of nebulized thiol derivatives were identified (one compared 20% N-acetylcysteine to 2% N-acetylcysteine; another compared sodium-2-mercaptoethane sulphonate to 7% hypertonic saline; and another compared glutathione to 4% hypertonic saline). Although generally well-tolerated with no significant adverse effects, there was no evidence of significant clinical benefit in our primary outcomes in participants receiving these treatments.</P>
<P>Six trials of oral thiol derivatives were identified. Three trials compared N-acetylcysteine to placebo; one compared N-acetylcysteine, ambroxol and placebo; one compared carbocysteine to ambroxol; and one compared low and high-dose N-acetylcysteine. Oral thiol derivatives were generally well-tolerated with no significant adverse effects, however there was no evidence of significant clinical benefit in our primary outcomes in participants receiving these treatments.</P>
</ABS_RESULTS>
    <ABS_CONCLUSIONS>
<P>We found no evidence to recommend the use of either nebulized or oral thiol derivatives in people with cystic fibrosis. There are very few good quality trials investigating the effect of these medications in cystic fibrosis, and further research is required to investigate the potential role of these medications in improving the outcomes of people with cystic fibrosis.</P>
</ABS_CONCLUSIONS>
  </ABSTRACT>
</DOC>
