<?xml version="1.0"?>
<DOC>
  <TITLE LABEL="Review Title">Interventions to reduce waiting times for elective procedures</TITLE>
  <SUMMARY>
    <SUMMARY_TITLE>Effects of interventions to reduce waiting times for non-urgent health procedures</SUMMARY_TITLE>
    <SUMMARY_BODY>
<P>Long waiting times for non-urgent procedures are common in public healthcare systems, where care is provided free of charge and supply is limited by budget constraints. This may cause distress among patients as well as adverse health consequences.</P>
<P>We reviewed the evidence on the effects of interventions in reducing waiting times. We found eight eligible studies (three randomised controlled trials and five interrupted time series studies) involving 135 primary care clinics, seven hospitals and one outpatient clinic. Different interventions, elective procedures and clinical conditions across included studies made pooling of data unfeasible. The quality of the included evidence (to November 2013) ranged from low to very low, as data were obtained from randomised controlled trials that for the most part suffered from serious bias, and from non-randomised studies without a control group.</P>
<P>The single study that evaluated an intervention aimed at prioritising demand showed that introducing a system for streamlining elective surgery reduced the number of semi-urgent patients waiting longer than recommended, but did not affect urgent or non-urgent groups.</P>
<P>Seven studies evaluated interventions aimed at restructuring the intake assessment/referral process. Three of four studies evaluating effects of open access or direct booking/referral showed beneficial effects: One study showed reduced waiting times for open access to sterilisation through keyhole surgery; another showed that open access to investigative services may lead to reduced waiting times for patients with urinary symptoms (but not for patients with microscopic blood in urine); and one study reported that same-day scheduling reduced waiting times for those seeking child health outpatient services. One study showed no effect of a direct booking system on the proportion of patients reported to have moderate or severe cell changes on the neck of the womb who received an appointment for further investigation within four weeks.</P>
<P>Two studies of distant consultancy (instant photography for skin conditions and telemedicine for ear, nose and throat conditions) showed no effect on waiting times to see a specialist. One study reported that using a pooled waiting list did not change the number of patients waiting for routine back surgery within the recommended time. We found no studies evaluating interventions aimed at increasing capacity or rationing demand.</P>
<P>As only a handful of low-quality studies are presently available, we cannot draw any firm conclusions about the effectiveness of the evaluated interventions in reducing waiting times. However, interventions involving the provision of more accessible services (open access or direct booking/referral) show some promise.</P>
</SUMMARY_BODY>
  </SUMMARY>
  <ABSTRACT>
    <ABS_BACKGROUND>
<P>Long waiting times for elective healthcare procedures may cause distress among patients, may have adverse health consequences and may be perceived as inappropriate delivery and planning of health care.</P>
</ABS_BACKGROUND>
    <ABS_OBJECTIVES>
<P>To assess the effectiveness of interventions aimed at reducing waiting times for elective care, both diagnostic and therapeutic.</P>
</ABS_OBJECTIVES>
    <ABS_SEARCH_STRATEGY>
<P>We searched the following electronic databases: Cochrane Effective Practice and Organisation of Care (EPOC) Group Specialised Register, the Cochrane Central Register of Controlled Trials (CENTRAL), MEDLINE (1946-), EMBASE (1947-), the Cumulative Index to Nursing and Allied Health Literature (CINAHL), ABI Inform, the Canadian Research Index, the Science, Social Sciences and Humanities Citation Indexes, a series of databases via Proquest: Dissertations &amp; Theses (including UK &amp; Ireland), EconLit, PAIS (Public Affairs International), Political Science Collection, Nursing Collection, Sociological Abstracts, Social Services Abstracts and Worldwide Political Science Abstracts. We sought related reviews by searching the Cochrane Database of Systematic Reviews and the Database of Abstracts of Reviews of Effectiveness (DARE). We searched trial registries, as well as grey literature sites and reference lists of relevant articles.</P>
</ABS_SEARCH_STRATEGY>
    <ABS_SELECTION_CRITERIA>
<P>We considered randomised controlled trials (RCTs), controlled before-after studies (CBAs) and interrupted time series (ITS) designs that met EPOC minimum criteria and evaluated the effectiveness of any intervention aimed at reducing waiting times for any type of elective procedure. We considered studies reporting one or more of the following outcomes: number or proportion of participants whose waiting times were above or below a specific time threshold, or participants' mean or median waiting times. Comparators could include any type of active intervention or standard practice.</P>
</ABS_SELECTION_CRITERIA>
    <ABS_DATA_COLLECTION>
<P>Two review authors independently extracted data from, and assessed risk of bias of, each included study, using a standardised form and the EPOC 'Risk of bias' tool. They classified interventions as follows: interventions aimed at (1) rationing and/or prioritising demand, (2) expanding capacity, or (3) restructuring the intake assessment/referral process.</P>
<P>For RCTs when available, we reported preintervention and postintervention values of outcome for intervention and control groups, and we calculated the absolute change from baseline or the effect size with 95% confidence interval (CI). We reanalysed ITS studies that had been inappropriately analysed using segmented time-series regression, and obtained estimates for regression coefficients corresponding to two standardised effect sizes: change in level and change in slope.</P>
</ABS_DATA_COLLECTION>
    <ABS_RESULTS>
<P>Eight studies met our inclusion criteria: three RCTs and five ITS studies involving a total of 135 general practices/primary care clinics, seven hospitals and one outpatient clinic. The studies were heterogeneous in terms of types of interventions, elective procedures and clinical conditions; this made meta-analysis unfeasible.</P>
<P>One ITS study evaluating prioritisation of demand through a system for streamlining elective surgery services reduced the number of semi-urgent participants waiting longer than the recommended time (&lt; 90 days) by 28 participants/mo, while no effects were found for urgent (&lt; 30 days) versus non-urgent participants (&lt; 365 days).</P>
<P>Interventions aimed at restructuring the intake assessment/referral process were evaluated in seven studies. Four studies (two RCTs and two ITSs) evaluated open access, or direct booking/referral: One RCT, which showed that open access to laparoscopic sterilisation reduced waiting times, had very high attrition (87%); the other RCT showed that open access to investigative services reduced waiting times (30%) for participants with lower urinary tract syndrome (LUTS) but had no effect on waiting times for participants with microscopic haematuria. In one ITS study, same-day scheduling for paediatric health clinic appointments reduced waiting times (direct reduction of 25.2 days, and thereafter a decrease of 3.03 days per month), while another ITS study showed no effect of a direct booking system on proportions of participants receiving a colposcopy appointment within the recommended time. One RCT and one ITS showed no effect of distant consultancy (instant photography for dermatological conditions and telemedicine for ear nose throat (ENT) conditions) on waiting times; another ITS study showed no effect of a pooled waiting list on the number of participants waiting for uncomplicated spinal surgery.</P>
<P>Overall quality of the evidence for all outcomes, assessed using the GRADE (Grades of Recommendation, Assessment, Development and Evaluation) tool, ranged from low to very low.</P>
<P>We found no studies evaluating interventions to increase capacity or to ration demand.</P>
</ABS_RESULTS>
    <ABS_CONCLUSIONS>
<P>As only a handful of low-quality studies are presently available, we cannot draw any firm conclusions about the effectiveness of the evaluated interventions in reducing waiting times. However, interventions involving the provision of more accessible services (open access or direct booking/referral) show some promise.</P>
</ABS_CONCLUSIONS>
  </ABSTRACT>
</DOC>
