<?xml version="1.0"?>
<DOC>
  <TITLE LABEL="Review Title">Relaxation for perimenopausal and postmenopausal symptoms</TITLE>
  <SUMMARY>
    <SUMMARY_TITLE>Relaxation for perimenopausal and postmenopausal symptoms</SUMMARY_TITLE>
    <SUMMARY_BODY>
<P>
<B>Review question: </B>We wanted to discover whether relaxation techniques were better or worse than other interventions, such as acupuncture, in the management of menopausal symptoms. We reviewed the evidence on the effects of these techniques on hot flushes, night sweats and sleep disturbances in menopausal women.</P>
<P>
<B>Background:</B> Management of menopausal symptoms, such as hot flushes, depressed mood or sleep disturbances, has become more complicated because of increased awareness of the risks associated with hormone replacement therapy (HRT). Options include prescription drugs and self care strategies such as relaxation techniques. Relaxation techniques are thought to be relatively harmless, but their effectiveness in treating hot flushes and sleep disturbances remains unclear.</P>
<P>
<B>Study characteristics: </B>We found four randomised controlled studies, with 281 participants. Relaxation was compared with electroacupuncture, superficial needling, paced respiration, placebo and no treatment. The age range of participants was 30 to 77 years. These trials were conducted in Sweden, the UK and the USA. No study was funded by an agency with commercial interest in the results of the study. The evidence is current to February 2014.</P>
<P>
<B>Key results: </B>Evidence is insufficient to show the effectiveness of relaxation techniques as treatment for menopausal vasomotor symptoms, or to determine whether this treatment is more effective than no treatment, placebo, acupuncture, superficial needle insertion or paced respiration.<I> </I>No evidence indicates that relaxation reduces the number of hot flushes per 24 hours or their severity. None of the studies reported night sweats, sleep disturbances associated with night sweats or adverse effects as an outcome.</P>
<P>
<B>Quality of the evidence: </B>The quality of the evidence was very low. The main limitations of identified evidence included lack of data, imprecision and failure to report study methods in adequate detail.</P>
</SUMMARY_BODY>
  </SUMMARY>
  <ABSTRACT>
    <ABS_BACKGROUND>
<P>Since the time of publication of the Women’s Health Initiative (WHI) study, menopausal symptom management has become more complex because of increased awareness of the risks associated with hormone replacement therapy (HRT). Currently, a wide range of management options is available. Some women take prescription drugs, and others use self care strategies, including lifestyle modifications, over-the-counter preparations and complementary and alternative therapies, such as herbal preparations, exercise programmes and relaxation techniques. Relaxation techniques consist of a group of behavioural interventions. They are considered relatively harmless, but their effectiveness in treating vasomotor symptoms and sleep disturbances remains debatable. </P>
</ABS_BACKGROUND>
    <ABS_OBJECTIVES>
<P>To determine the effectiveness of relaxation techniques as treatment for vasomotor symptoms and associated sleep disturbances in perimenopausal and postmenopausal women.</P>
</ABS_OBJECTIVES>
    <ABS_SEARCH_STRATEGY>
<P>Searches of the following electronic bibliographic databases were performed in February 2014 to identify randomised controlled trials (RCTs): the Cochrane Menstrual Disorders and Subfertility Group Specialised Trials Register; the Cochrane Central Register of Controlled Trials (CENTRAL), MEDLINE, EMBASE, AMED, PsycINFO, Social Science Citation Index and CINAHL. Handsearches of trial registers, relevant journals and published conference abstracts were also performed.</P>
</ABS_SEARCH_STRATEGY>
    <ABS_SELECTION_CRITERIA>
<P>RCTs were included if they compared any type of relaxation intervention with no treatment or other treatments (except hormones) for vasomotor symptoms in symptomatic perimenopausal/postmenopausal women.</P>
</ABS_SELECTION_CRITERIA>
    <ABS_DATA_COLLECTION>
<P>Two review authors selected studies, assessed quality and extracted data. Included studies were combined, if appropriate, by using a random-effects model to calculate pooled mean differences and 95% confidence intervals.</P>
</ABS_DATA_COLLECTION>
    <ABS_RESULTS>
<P>Four studies were eligible for inclusion (281 participants):<I> </I>Two studies compared relaxation with electroacupuncture or superficial needling, one study compared relaxation with paced respiration or placebo control (α-wave electroencephalographic biofeedback) and one study compared relaxation with no treatment.</P>
<P>No evidence was found of a difference between relaxation and acupuncture or superficial needle insertion in the number of hot flushes per 24 hours (mean difference (MD) 0.05, 95% confidence interval (CI) -1.33 to 1.43, two studies, 72 participants, I<SUP>2</SUP> = 0%; very low-quality evidence). Nor did any evidence suggest a difference between the two interventions in hot flush severity, measured using the Kupperman Index (MD -1.32, 95% CI -5.06 to 2.43, two studies, 72 participants, I<SUP>2</SUP> = 0%; very low-quality evidence).</P>
<P>The other two studies found no clear evidence of a difference in hot flush frequency between relaxation and paced respiration, placebo or no treatment. The data for these comparisons were unsuitable for analysis.</P>
<P>None of these studies reported night sweats, sleep disturbances associated with night sweats or adverse effects as an outcome.</P>
<P>The main limitations of identified evidence were lack of data, imprecision and failure to report study methods in adequate detail.</P>
</ABS_RESULTS>
    <ABS_CONCLUSIONS>
<P>Evidence is insufficient to show the effectiveness of relaxation techniques as treatment for menopausal vasomotor symptoms, or to determine whether this treatment is more effective than no treatment, placebo, acupuncture, superficial needle insertion or paced respiration.</P>
</ABS_CONCLUSIONS>
  </ABSTRACT>
</DOC>
