<?xml version="1.0"?>
<DOC>
  <TITLE LABEL="Review Title">Drug therapies for reducing gastric acidity in people with cystic fibrosis</TITLE>
  <SUMMARY>
    <SUMMARY_TITLE>Drugs for reducing stomach acid for people with cystic fibrosis</SUMMARY_TITLE>
    <SUMMARY_BODY>
<P>Cystic fibrosis causes damage to the lungs and to the pancreas. The pancreas produces digestive enzymes which are needed for the body to absorb food. If the pancreas is damaged this can affect how people can absorb food. It can also increase acidity in the stomach, which may lead to heartburn and peptic ulcers. There are drugs that can reduce the amount of acid in the stomach. Trials of these drugs have shown that they can improve problems in the stomach and digestive system and in the absorption of fat. The review looked at 17 trials with a total of 273 children and adults. We were unable to combine the results from these trials due to their design. Individual trials reported some improvements in abdominal pain and fat absorption. However, the trials did not report improvements for other issues such as lung function, quality of life, or survival. The different drugs studied caused some adverse events; mainly diarrhoea (two people withdrew from one trial because of this) and bloating due to wind. There were few trials included in the review whose quality was well reported. The results from these trials could not be combined and so did not allow us to reach firm conclusions about whether people with cystic fibrosis would benefit from taking these drugs. New long-term trials are needed to examine the benefits and possible adverse effects for people with cystic fibrosis taking these drugs.</P>
</SUMMARY_BODY>
  </SUMMARY>
  <ABSTRACT>
    <ABS_BACKGROUND>
<P>Malabsorption of fat and protein contributes to poor nutritional status in people with cystic fibrosis. Impaired pancreatic function may also result in increased gastric acidity, leading in turn to heartburn, peptic ulcers and the impairment of oral pancreatic enzyme replacement therapy. The administration of gastric acid-reducing agents has been used as an adjunct to pancreatic enzyme therapy to improve absorption of fat and gastro-intestinal symptoms in people with cystic fibrosis. It is important to establish the evidence regarding potential benefits of drugs that reduce gastric acidity in people with cystic fibrosis.</P>
</ABS_BACKGROUND>
    <ABS_OBJECTIVES>
<P>To assess the effect of drug therapies for reducing gastric acidity for: nutritional status; symptoms associated with increased gastric acidity; fat absorption; lung function; quality of life and survival; and to determine if any adverse effects are associated with their use.</P>
</ABS_OBJECTIVES>
    <ABS_SEARCH_STRATEGY>
<P>We searched the Cochrane Cystic Fibrosis and Genetic Disorders Group Trials Register which comprises references identified from comprehensive electronic database searches, handsearches of relevant journals, abstract books and conference proceedings.</P>
<P>Most recent search of the Group's Trials Register: 17 March 2014.</P>
</ABS_SEARCH_STRATEGY>
    <ABS_SELECTION_CRITERIA>
<P>All randomised and quasi-randomised trials involving agents that reduce gastric acidity compared to placebo or a comparator treatment.</P>
</ABS_SELECTION_CRITERIA>
    <ABS_DATA_COLLECTION>
<P>Both authors independently selected trials, assessed trial quality and extracted data. </P>
</ABS_DATA_COLLECTION>
    <ABS_RESULTS>
<P>The searches identified 39 trials; 17 of these, with 273 participants, were suitable for inclusion, but the number of trials assessing each of the different agents was small. Seven trials were limited to children and four trials enrolled only adults. Meta-analysis was not performed, 14 trials were of a cross-over design and we did not have the appropriate information to conduct comprehensive meta-analyses. The included trials were generally not reported adequately enough to allow judgements on risk of bias.</P>
<P>However, one trial found that drug therapies that reduce gastric acidity improved gastro-intestinal symptoms such as abdominal pain; seven trials reported significant improvement in measures of fat malabsorption; and two trials reported no significant improvement in nutritional status. Only one trial reported measures of respiratory function and one trial reported an adverse effect with prostaglandin E2 analogue misoprostol. No trials have been identified assessing the effectiveness of these agents in improving quality of life, the complications of increased gastric acidity, or survival.</P>
</ABS_RESULTS>
    <ABS_CONCLUSIONS>
<P>Trials have shown limited evidence that agents that reduce gastric acidity are associated with improvement in gastro-intestinal symptoms and fat absorption. Currently, there is insufficient evidence to indicate whether there is an improvement in nutritional status, lung function, quality of life, or survival. Furthermore, due to the unclear risks of bias in the included trials, we are unable to make firm conclusions based on the evidence reported therein. We therefore recommend that large, multicentre, randomised controlled clinical trials are undertaken to evaluate these interventions.</P>
</ABS_CONCLUSIONS>
  </ABSTRACT>
</DOC>
