<?xml version="1.0"?>
<DOC>
  <TITLE LABEL="Review Title">Immunosuppressant and immunomodulatory treatments for multifocal motor neuropathy</TITLE>
  <SUMMARY>
    <SUMMARY_TITLE>Treatments that suppress or modify the immune system for multifocal motor neuropathy</SUMMARY_TITLE>
    <SUMMARY_BODY>
<P>
<B>Review question</B>
</P>
<P>We reviewed the evidence for the benefits and harms of treatments that suppress or modify the immune system in multifocal motor neuropathy (MMN).</P>
<P>
<B>Background</B>
</P>
<P>MMN is a rare condition causing progressive weakness of the limbs, especially the hands and arms. This disorder is believed to be driven by an immune-based process. The usual treatment is infusion of immunoglobulin (antibodies purified from the blood) into a vein (IVIg). This is expensive, needs to be repeated every few weeks and is not always completely effective. Immunosuppressive drugs (drugs that suppress immune responses) such as cyclophosphamide, azathioprine, ciclosporin, interferon beta-1a, mycophenolate mofetil and rituximab have been tried as initial or add-on treatments.  </P>
<P>
<B>Study characteristics</B>
</P>
<P>We found only one randomised controlled trial (RCT), of a drug called mycophenolate mofetil. The trial involved 28 people with MMN.</P>
<P>
<B>Key results and quality of the evidence</B>
</P>
<P>The trial provided moderate quality evidence that mycophenolate mofetil, when used with IVIg, did not reduce the requirement for IVIg or improve muscle strength of trial participants with MMN. No serious side-effects were observed. The risk of bias was low in this study. New RCTs of other immunosuppressive drugs are needed to identify beneficial treatments for MMN.</P>
<P>The evidence is current to September 2014.</P>
</SUMMARY_BODY>
  </SUMMARY>
  <ABSTRACT>
    <ABS_BACKGROUND>
<P>Multifocal motor neuropathy (MMN) is characterised by progressive, predominantly distal, asymmetrical limb weakness and usually multiple partial motor nerve conduction blocks. Intravenous immunoglobulin (IVIg) is beneficial but the role of immunosuppressive agents is uncertain. This is an update of a review first published in 2002 and previously updated in 2003, 2005, 2008 and 2011.</P>
</ABS_BACKGROUND>
    <ABS_OBJECTIVES>
<P>To assess the effects of immunosuppressive agents for the treatment of multifocal motor neuropathy.</P>
</ABS_OBJECTIVES>
    <ABS_SEARCH_STRATEGY>
<P>On 22 September 2014 we searched the Cochrane Neuromuscular Disease Group Specialized Register, CENTRAL, MEDLINE, EMBASE and LILACS for trials of MMN. We also searched two trials registers for ongoing studies.</P>
</ABS_SEARCH_STRATEGY>
    <ABS_SELECTION_CRITERIA>
<P>We planned to include randomised controlled trials (RCTs) and quasi-RCTs. We considered prospective and retrospective case series and case reports in the Discussion.</P>
</ABS_SELECTION_CRITERIA>
    <ABS_DATA_COLLECTION>
<P>Two review authors searched the titles and abstracts of the articles identified and extracted the data independently.</P>
</ABS_DATA_COLLECTION>
    <ABS_RESULTS>
<P>Only one RCT of an immunosuppressive or immunomodulatory agent has been performed in MMN. This study randomised 28 participants and showed that mycophenolate mofetil, when used with IVIg, did not significantly improve strength, function or reduce the need for IVIg. No serious adverse events were observed. The study was deemed at low risk of bias. We summarised the results of retrospective and prospective case series in the discussion.</P>
</ABS_RESULTS>
    <ABS_CONCLUSIONS>
<P>According to moderate quality evidence, mycophenolate mofetil did not produce significant benefit in terms of reducing need for IVIg or improving muscle strength in MMN. Trials of other immunosuppressants should be undertaken.</P>
</ABS_CONCLUSIONS>
  </ABSTRACT>
</DOC>
