<?xml version="1.0"?>
<DOC>
  <TITLE LABEL="Review Title">Collection devices for obtaining cervical cytology samples</TITLE>
  <SUMMARY>
    <SUMMARY_TITLE>This review is no longer appropriate for update as liquid based cytology has superceded smear technology.</SUMMARY_TITLE>
    <SUMMARY_BODY>
<P>Cervical screening (pap smear) is an effective way of detecting pre-cancerous abnormalities of the cervix (cervical intraepithelial neoplasia). Tests can be affected by the tester's skill and the design of the device used. Inadequate smears can produce incorrect results, causing stress and inconvenience to women having to undergo repeat screening. This review of trials found that the commonly used Ayre spatula is not as effective in collecting cells as the extended tip spatula. The most effective appears to be a combination of the cytobrush with an extended tip spatula.</P>
</SUMMARY_BODY>
  </SUMMARY>
  <ABSTRACT>
    <ABS_BACKGROUND>
<P>
<B>This review is no longer appropriate for update as liquid based cytology has superceded smear technology.</B>
</P>
<P>The large variation in disease detection rated with cervical smears may be partly due to differences in the sampling devices and the techniques of sampling.</P>
</ABS_BACKGROUND>
    <ABS_OBJECTIVES>
<P>To assess whether the design of the cervical smear device affects rates of inadequate smears and the detection of disease; and whether the presence of endocervical cells in the smear affects disease detection.</P>
</ABS_OBJECTIVES>
    <ABS_SEARCH_STRATEGY>
<P>We searched the Cochrane Gynaecological Cancer Group<BR/>trials register and MEDLINE up to July 1997. We also handsearched 16<BR/>journals.</P>
</ABS_SEARCH_STRATEGY>
    <ABS_SELECTION_CRITERIA>
<P>Randomised and quasi-randomised trials and non-randomised comparative studies comparing cervical smear collection devices in women attending for primary screening, colposcopy following an abnormal smear or colposcopy after treatment.</P>
</ABS_SELECTION_CRITERIA>
    <ABS_DATA_COLLECTION>
<P>Two reviewers independently abstracted data. Study quality was assessed.</P>
</ABS_DATA_COLLECTION>
    <ABS_RESULTS>
<P>Thirty-six trials and six observational comparative studies were included. The Ayre spatula was shown to be less effective compared with extended tip spatulas for collecting endocervical cells in eight trials (odds ratio 2.25, 95% confidence interval 2.06 to 2.44).<BR/>Use of a spatula with the cytobrush was more effective than spatula alone at collecting endocervical cells (odds ratio 3.33, 95% confidence interval 3.05 to 3.63) and the same effect was present for adequate smear rates (odds ratio 1.51 95% confidence interval 1.19-1.92). Extended tip spatulas were also superior for the detection of dyskaryosis in seven trials (odds ratio 1.21, 95% confidence interval 1.10 to 1.33). Based on data from two trials and three observational studies, smears that contained endocervical cells were more likely to detect dyskaryosis, particularly in severe disease. The proportion of smears with endocervical cells present increased with increasing severity of the disease.</P>
</ABS_RESULTS>
    <ABS_CONCLUSIONS>
<P>Extended tip spatulas of various designs appear to be better for collecting endocervical cells than the commonly used Ayre spatula. The most effective combination appears to be the cytobrush with an extended tip spatula. The rate of detection of endocervical cells appears to be a valid and convenient surrogate for the ability to detect dyskaryosis and for adequate smear rates. The ability of the extended tip spatula with the cytobrush compared with the extended tip spatula alone to detect disease, needs to be evaluated in a trial.</P>
</ABS_CONCLUSIONS>
  </ABSTRACT>
</DOC>
