<?xml version="1.0"?>
<DOC>
  <TITLE LABEL="Review Title">Cyclophosphamide versus ifosfamide for paediatric and young adult bone and soft tissue sarcoma patients</TITLE>
  <SUMMARY>
    <SUMMARY_TITLE>Cyclophosphamide compared to ifosfamide for the treatment of sarcoma in children and young adults</SUMMARY_TITLE>
    <SUMMARY_BODY>
<P>Sarcomas are tumours that arise from bone and soft tissues. They can occur in all ages. As a result of the introduction of polychemotherapy, the survival of children and young adults with different types of sarcoma has improved dramatically. Alkylating agents, such as cyclophosphamide and ifosfamide, have played a major role in this improvement. However, in the literature there is still no consensus as to which chemotherapeutic agent is more effective. A well-informed decision on the use of cyclophosphamide and ifosfamide in the treatment of children and young adults diagnosed with a sarcoma should be based on high quality evidence on both anti-tumour efficacy and adverse effects.</P>
<P>This systematic review focused on (ideally randomised) controlled studies. The authors found that there were no such studies comparing cyclophosphamide and ifosfamide in paediatric and young adult sarcoma patients. More high quality research is needed.</P>
</SUMMARY_BODY>
  </SUMMARY>
  <ABSTRACT>
    <ABS_BACKGROUND>
<P>Alkylating agents, such as cyclophosphamide and ifosfamide, play a major role in the improved survival of children and young adults with bone and soft tissue sarcoma. However, there is still controversy as to their comparative anti-tumour efficacy and possible adverse effects. This is an update of the first systematic review evaluating the state of evidence on the effectiveness of cyclophosphamide as compared to ifosfamide for paediatric and young adult patients with sarcoma.</P>
</ABS_BACKGROUND>
    <ABS_OBJECTIVES>
<P>To compare the possible effectiveness of cyclophosphamide with that of ifosfamide for paediatric and young adult patients with sarcoma.</P>
</ABS_OBJECTIVES>
    <ABS_SEARCH_STRATEGY>
<P>We searched CENTRAL (<I>The Cochrane Library</I> 2012, issue 2), MEDLINE/PubMed (from 1966 to March 2012) and EMBASE/Ovid (from 1980 to March 2012) with pre-specified terms. In addition, we searched reference lists of relevant articles, conference proceedings and ongoing trial databases (www.controlled-trials.com; searched April 2012).</P>
</ABS_SEARCH_STRATEGY>
    <ABS_SELECTION_CRITERIA>
<P>Randomised controlled trials (RCTs) or controlled clinical trials (CCTs) comparing cyclophosphamide and ifosfamide for the treatment of different types of sarcoma in paediatric and young adult patients (aged less than 30 years at diagnosis). Chemotherapy other than either cyclophosphamide or ifosfamide should have been the same in both treatment groups.</P>
</ABS_SELECTION_CRITERIA>
    <ABS_DATA_COLLECTION>
<P>Two authors independently performed the study selection.</P>
</ABS_DATA_COLLECTION>
    <ABS_RESULTS>
<P>No studies meeting the inclusion criteria of the review were identified.</P>
</ABS_RESULTS>
    <ABS_CONCLUSIONS>
<P>No RCTs or CCTs comparing the effectiveness of cyclophosphamide and ifosfamide in the treatment of bone and soft tissue sarcoma in children and young adults were identified. Therefore no definitive conclusions can be made about the effects of cyclophosphamide and ifosfamide in these patients. Based on the currently available evidence we are not able to give recommendations for clinical practice. More high quality research is needed.</P>
</ABS_CONCLUSIONS>
  </ABSTRACT>
</DOC>
