<?xml version="1.0"?>
<DOC>
  <TITLE TRANSLATED="NO">D-Penicillamine for preventing retinopathy of prematurity in preterm infants</TITLE>
  <SUMMARY TRANSLATED="NO">
    <SUMMARY_TITLE>D-Penicillamine for preventing retinopathy of prematurity in preterm infants</SUMMARY_TITLE>
    <SUMMARY_BODY>
<P>Retinopathy of prematurity (ROP) is an eye disease of premature infants that continues to be a serious problem. The drug D-penicillamine, given by mouth, is commonly used to treat poisoning by iron or copper or other heavy metals. In research studies of D-penicillamine used for another problem that premature infants have (high bilirubin), it was observed that the treated infants had less ROP. However, this systematic review did not show any significant benefits of this drug for the outcomes of ROP, death or development of nerves. Thus, the use of this drug cannot be recommended for the prevention of ROP based on available evidence.</P>
</SUMMARY_BODY>
  </SUMMARY>
  <ABSTRACT TRANSLATED="NO">
    <ABS_BACKGROUND>
<P>The rate of retinopathy of prematurity (ROP) in moderately premature infants has decreased dramatically with improved care in the neonatal intensive care unit. A low rate of this disorder was unexpectedly observed among infants treated with intravenous D-penicillamine to prevent hyperbilirubinaemia. This observation led to the investigation of its use, both enterally as well as intravenously, to prevent ROP.</P>
</ABS_BACKGROUND>
    <ABS_OBJECTIVES>
<P>To determine the effect of prophylactic administration of D-penicillamine on the incidence of acute ROP or severe ROP and other morbidities in preterm infants.</P>
</ABS_OBJECTIVES>
    <ABS_SEARCH_STRATEGY>
<P>We used the Cochrane Neonatal Review Group search strategy. Two review authors independently searched multiple electronic databases, previous reviews including cross references, abstracts, conference/symposia proceedings, and expert informants. We updated the search on November 27, 2012.</P>
</ABS_SEARCH_STRATEGY>
    <ABS_SELECTION_CRITERIA>
<P>We included randomised or quasi-randomised controlled trials if they administered D-penicillamine and compared it with no treatment or placebo to premature infants and reported on the outcome of ROP.</P>
</ABS_SELECTION_CRITERIA>
    <ABS_DATA_COLLECTION>
<P>We used the criteria and standard methods of the Cochrane Neonatal Review Group to assess the methodological quality of the included trials. One review author examined trials for validity. A second review author checked validity and they reached consensus on the final data before entry into this review. We used the standards of the Neonatal Cochrane Review Group to analyse data.</P>
</ABS_DATA_COLLECTION>
    <ABS_RESULTS>
<P>Three randomised trials met the inclusion criteria. The meta-analysis showed no significant differences in the risk of any stage ROP (typical risk ratio (RR) 0.32, 95% confidence interval (CI) 0.03 to 3.70), severe ROP (typical RR 0.38, 95% CI 0.03 to 4.26) or death (typical RR 0.95, 95% CI 0.68 to 1.32) in all treated infants. When the subgroup of infants under 1500 g birth weight was examined, the results were similar. No side effects were reported, and follow-up at one year revealed no significant differences in spasticity or developmental delay.</P>
</ABS_RESULTS>
    <ABS_CONCLUSIONS>
<P>Administration of prophylactic D-penicillamine in preterm infants does not prevent acute or severe ROP, death or neurodevelopmental delay. D-penicillamine cannot be recommended for the prevention of ROP based on the available evidence.</P>
</ABS_CONCLUSIONS>
  </ABSTRACT>
</DOC>
