<?xml version="1.0"?>
<DOC>
  <TITLE TRANSLATED="NO">Hormonal contraceptives for contraception in overweight or obese women</TITLE>
  <SUMMARY TRANSLATED="NO">
    <SUMMARY_TITLE>Hormones for birth control in overweight or obese women</SUMMARY_TITLE>
    <SUMMARY_BODY>
<P>Excess body weight has become a problem around the world. Being overweight or obese may affect how well some birth control methods work to prevent pregnancy.  Hormonal birth control includes birth control pills, the skin patch, the vaginal ring, implants, and injectables. We looked at studies of hormonal birth control for women who were overweight or obese compared to women of normal weight or body mass index (BMI). The formula for BMI is weight (kg) / height (m)<SUP>2</SUP>.</P>
<P>Though January 2013, we did computer searches for studies of hormonal birth control among women who were overweight or obese. We wrote to researchers to find other studies we might have missed. All types of studies were considered.</P>
<P>We found 9 reports with data from 13 trials and 49,712 women. Five reports from 2002 to 2012 compared BMI groups. Only one found more pregnancies among overweight or obese women using one of the combined birth control pills. The other groups compared were not very different. Another study of a birth control pill found no trend with higher weight or BMI. Among skin patch users, more pregnancies were found among women weighing 80 kg or more. However, the researchers reported that BMI was not related to pregnancy. An implant study had one pregnancy and an injectable study reported none.</P>
<P>Studies from the 1990s used weight alone rather than BMI. Results were mixed. Two studies showed women weighing 70 kg or more had more pregnancies than those weighing less than 70 kg. They examined an early vaginal ring (never marketed) and a six-rod implant. Two implant studies showed the body weight groups to be similar for pregnancy.</P>
<P>These studies did not generally show that BMI was related to how well hormonal methods work. BMI reflects the body fat while weight shows overall body size. Of five studies using BMI, only one found more pregnancies among overweight or obese women using one type of birth control pill. The other four studies examined another birth control pill, a patch, an implant, and an injectable. BMI might not affect how well implants and injectable methods work to prevent pregnancy. The recent studies were moderate quality and the older ones were low quality for this review. The birth control methods studied here are very effective when the directions are followed.</P>
</SUMMARY_BODY>
  </SUMMARY>
  <ABSTRACT TRANSLATED="NO">
    <ABS_BACKGROUND>
<P>Obesity has reached epidemic proportions around the world. Effectiveness of hormonal contraceptives may be related to metabolic changes in obesity or greater body mass or body fat. Hormonal contraceptives mainly include oral contraceptives, injectables and implants, the transdermal patch, and the vaginal ring. We systematically reviewed the evidence on the effectiveness of hormonal contraceptives among overweight and obese women.</P>
</ABS_BACKGROUND>
    <ABS_OBJECTIVES>
<P>To examine the effectiveness of hormonal contraceptives in preventing unplanned pregnancies among women who are overweight or obese versus women of lower weight or body mass index (BMI).</P>
</ABS_OBJECTIVES>
    <ABS_SEARCH_STRATEGY>
<P>Through January 2013, we searched MEDLINE, CENTRAL, POPLINE, ClinicalTrials.gov, and ICTRP. The previous search also included EMBASE. We contacted investigators to identify other trials.</P>
</ABS_SEARCH_STRATEGY>
    <ABS_SELECTION_CRITERIA>
<P>All study designs were eligible. Any type of hormonal contraceptive could have been examined. Reports had to contain information on the specific contraceptive method(s). The primary outcome was pregnancy. Overweight or obese women must have been identified by an analysis cutoff for weight or BMI (kg/m<SUP>2</SUP>).</P>
</ABS_SELECTION_CRITERIA>
    <ABS_DATA_COLLECTION>
<P>Data were abstracted by two authors. Life-table rates were included where available. For dichotomous variables, we computed an odds ratio with 95% confidence interval (CI). We used reported pregnancy rates or relative risk (RR) when those were the only results provided. The main comparisons were between overweight or obese women and women of lower weight or BMI. We assessed the quality of evidence for this review.</P>
</ABS_DATA_COLLECTION>
    <ABS_RESULTS>
<P>We found nine reports with data from 13 trials that included a total of 49,712 women. Five reports from 2002 to 2012 compared BMI groups; of those, one reported a higher pregnancy risk for overweight or obese women. In that trial, women assigned to an oral contraceptive containing norethindrone acetate 1.0 mg plus EE 20 µg and having a BMI at least 25 had greater pregnancy risk compared to those with BMI less than 25 (reported RR 2.49; 95% CI 1.01 to 6.13). The comparisons reported in the other four studies were not significantly different for pregnancy. These included studies of a combined oral contraceptive (COC), a transdermal patch, an implant, and an injectable. The COC study showed no trend by BMI or weight. With the transdermal patch, body weight was associated with pregnancy (reported P &lt; 0.001) but BMI was not. The implant study had one pregnancy and the injectable study reported no pregnancies.</P>
<P>Four studies from the 1990s used weight alone rather than BMI. Results were mixed. Studies of a vaginal ring (never marketed) and a six-rod implant showed higher pregnancy rates for women weighing at least 70 kg versus those weighing less than 70 kg (reported P values: 0.0013 and &lt; 0.05, respectively). However, two implant studies showed no trend by body weight.</P>
</ABS_RESULTS>
    <ABS_CONCLUSIONS>
<P>The evidence did not generally show an association of BMI with effectiveness of hormonal contraceptives. However, the evidence was limited for any individual contraceptive method. Studies using BMI (rather than weight alone) can provide more information about whether body composition is related to contraceptive effectiveness. The efficacy of subdermal implants and injectable contraceptives may be unaffected by body mass. The contraceptive methods examined here are among the most effective when the recommended regimen is followed.</P>
<P>The overall quality of evidence was low for this review. More recent reports provided moderate quality evidence, while the older studies provided evidence of low or very low quality for our purposes. Investigators should consider adjusting for potential confounding related to BMI. Trials should be designed to include sufficient numbers of overweight or obese women to adequately examine effectiveness and side effects of hormonal contraceptives within those groups.<BR/>
</P>
</ABS_CONCLUSIONS>
  </ABSTRACT>
</DOC>
