<?xml version="1.0"?>
<DOC>
  <TITLE TRANSLATED="NO">Endoscopic release for carpal tunnel syndrome</TITLE>
  <SUMMARY TRANSLATED="NO">
    <SUMMARY_TITLE>Endoscopic release for carpal tunnel syndrome</SUMMARY_TITLE>
    <SUMMARY_BODY>
<P>
<B>Review question</B>
</P>
<P>We reviewed the evidence about how safe and effective endoscopic carpal tunnel release (ECTR) is, compared to any other type of surgery for carpal tunnel syndrome (CTS).</P>
<P>
<B>Background</B>
</P>
<P>CTS is the most common cause of nerve compression in the arm. The carpal tunnel is the space between a ligament that stretches across the wrist and the bones below. In CTS there is increased pressure on a nerve (the median nerve) as it passes over the wrist towards the palm of the hand through the carpal tunnel. To release the pressure on the nerve in the carpal tunnel, surgeons cut the ligament. This operation can be done as traditional ‘open’ surgery (OCTR), or through an endoscope (ECTR), using a small camera with one or two small cuts in the skin.</P>
<P>We searched widely for trials that compared ECTR with other types of surgery.</P>
<P>
<B>Study characteristics</B>
</P>
<P>We found 28 studies, involving 2586 people, that were suitable for the review. We considered results at less than three months and more than three months after surgery.</P>
<P>
<B>Key results and quality of the evidence</B>
</P>
<P>With support from low quality evidence only, OCTR and ECTR are about as effective as each other in relieving symptoms and improving hand function in CTS. ECTR probably has lower rates of minor complications (such as scar pain and infections) than OCTR but similar rates of major complications. ECTR also allows a faster return to work or daily activities. However, limitations in the studies in this review limit the quality of this evidence.</P>
<P>Only one study declared a conflict of interest and nine studies clearly reported no conflict of interest. Four studies were funded from an academic source. Evaluation following the GRADE assessment reveals a low to moderate quality of evidence for the outcomes provided.</P>
<P>The evidence in the review is current to November 2012. We re-ran the search shortly before publication and we will fully assess three further studies from this search when the review is updated.</P>
</SUMMARY_BODY>
  </SUMMARY>
  <ABSTRACT TRANSLATED="NO">
    <ABS_BACKGROUND>
<P>Carpal tunnel syndrome (CTS) is the most common compressive neuropathy of the upper extremity. It is caused by increased pressure on the median nerve between the transverse carpal ligament and the carpal bones. Surgical treatment consists of the release of the nerve by cutting the transverse carpal ligament. This can be done either with an open approach or endoscopically.</P>
</ABS_BACKGROUND>
    <ABS_OBJECTIVES>
<P>To assess the effectiveness and safety of the endoscopic techniques of carpal tunnel release compared to any other surgical intervention for the treatment of CTS. More specifically, to evaluate the relative impact of endoscopic techniques in relieving symptoms, producing functional recovery (return to work and return to daily activities) and reducing complication rates.</P>
</ABS_OBJECTIVES>
    <ABS_SEARCH_STRATEGY>
<P>This review fully incorporates the results of searches conducted up to 5 November 2012, when we searched the Cochrane Neuromuscular Disease Group Specialized Register, CENTRAL, MEDLINE and EMBASE. There were no language restrictions. We reviewed the reference lists of relevant articles and contacted trial authors. We also searched trial registers for ongoing trials. We performed a preliminary screen of searches to November 2013 to identify any additional recent publications.</P>
</ABS_SEARCH_STRATEGY>
    <ABS_SELECTION_CRITERIA>
<P>We included any randomised controlled trials (RCTs) and quasi-RCTs comparing endoscopic carpal tunnel release (ECTR) with any other surgical intervention for the treatment of CTS. </P>
</ABS_SELECTION_CRITERIA>
    <ABS_DATA_COLLECTION>
<P>We used standard methodological procedures expected by the Cochrane Collaboration.</P>
</ABS_DATA_COLLECTION>
    <ABS_RESULTS>
<P>Twenty-eight studies (2586 hands) were included. Twenty-three studies compared ECTR to standard open carpal tunnel release (OCTR), five studies compared ECTR with OCTR using a modified incision, and two studies used a three-arm design to compare ECTR, standard OCTR and modified OCTR. </P>
<P>At short-term follow-up (three months or less), only one study provided data for overall improvement. We found no differences on the Symptom Severity Scale (SSS) (scale zero to five) (five studies, standardised mean difference (SMD) -0.13, 95% CI -0.47 to 0.21) or on the Functional Status Scale (FSS) (scale zero to five) (five studies, SMD -0.23, 95% CI -0.60 to 0.14) within three months postoperatively between ECTR and OCTR. Pain scores favoured ECTR over conventional OCTR (two studies, SMD -0.41, 95% CI -0.65 to -0.18). No difference was found between ECTR and OCTR (standard and modified) when pain was assessed on non-continuous dichotomous scales (five studies, RR 0.69, 95% CI 0.33 to 1.45). Also, no difference was found in numbness (five studies, RR 1.14; 95% CI 0.76 to 1.71). Grip strength was increased after ECTR when compared with OCTR (six studies, SMD 0.36, 95% CI 0.09 to 0.63). This corresponds to a mean difference (MD) of 4 kg (95% CI 1 to 6.9 kg) when compared with OCTR, which is probably not clinically significant.</P>
<P>In the long term (more than three months postoperatively) there was no significant difference in overall improvement between ECTR and OCTR (four studies, RR 1.04, 95% CI 0.95 to 1.14). SSS and FSS were also similar in both treatment groups (two studies, MD 0.02, 95% CI -0.18 to 0.22 for SSS and MD 0.01, 95% CI -0.14 to 0.16 for FSS). ECTR and OCTR did not differ in the long term in pain (six studies, RR 0.88, 95% CI 0.57 to 1.38) or in numbness (four studies, RR 0.64, 95% CI 0.31 to 1.35). Results from grip strength testing favoured ECTR (two studies, SMD 1.13, 95% CI 0.56 to 1.71), corresponding to an MD of 11 kg (95% CI 6.2 to 18.81). Participants treated with ECTR returned to work or daily activities eight days earlier than participants treated with OCTR (four studies, MD -8.10 days, 95% CI -14.28 to -1.92 days).</P>
<P>Both treatments were equally safe with only a few reports of major complications (mainly with complex regional pain syndrome) (15 studies, RR 1.00, 95% CI 0.38 to 2.64).</P>
<P>ECTR resulted in a significantly lower rate of minor complications (18 studies, RR 0.55, 95% CI 0.38 to 0.81), corresponding to a 45% relative drop in the probability of complications (95% CI 62% to 19%). ECTR more frequently resulted in transient nerve problems (ie, neurapraxia, numbness, and paraesthesiae), while OCTR had more wound problems (ie, infection, hypertrophic scarring, and scar tenderness). ECTR was safer than OCTR when the total number of complications were assessed (20 studies, RR 0.60, 95% CI 0.40 to 90) representing a relative drop in the probability by 40% (95% CI 60% to 10%).</P>
<P>Rates of recurrence of symptoms and the need for repeated surgery were comparable between ECTR and OCTR groups.</P>
<P>The overall risk of bias in studies that contribute data to these results is rather high; fewer than 25% of the included studies had adequate allocation concealment, generation of allocation sequence or blinding of the outcome assessor.</P>
<P>The quality of evidence in this review may be considered as generally low. Five of the studies were presented only as abstracts, with insufficient information to judge their risk of bias. In selection bias, attrition bias or other bias (baseline differences and financial conflict of interest) we could not reach a safe judgement regarding a high or low risk of bias. Blinding of participants is impossible due to the nature of interventions.</P>
<P>We identified three further potentially eligible studies upon updating searches just prior to publication. These compared ECTR with OCTR (two studies) or mini-open carpal tunnel release (one study) and will be fully assessed when we update the review.</P>
</ABS_RESULTS>
    <ABS_CONCLUSIONS>
<P>In this review, with support from low quality evidence only, OCTR and ECTR for carpal tunnel release are about as effective as each other in relieving symptoms and improving functional status, although there may be a functionally significant benefit of ECTR over OCTR in improvement in grip strength. ECTR appears to be associated with fewer minor complications compared to OCTR, but we found no difference in the rates of major complications. Return to work is faster after endoscopic release, by eight days on average. Conclusions from this review are limited by the high risk of bias, statistical imprecision and inconsistency in the included studies.</P>
</ABS_CONCLUSIONS>
  </ABSTRACT>
</DOC>
