<?xml version="1.0"?>
<DOC>
  <TITLE TRANSLATED="NO">Chest radiographs for acute lower respiratory tract infections</TITLE>
  <SUMMARY TRANSLATED="NO">
    <SUMMARY_TITLE>Chest X-rays in acute chest infections</SUMMARY_TITLE>
    <SUMMARY_BODY>
<P>Acute chest infections (lower respiratory tract infections) such as pneumonia, bronchitis and bronchiolitis are a major cause of deaths worldwide and expected to be amongst the leading four causes of death by 2030. The most affected population groups are children under 59 months and adults over 50 years of age. Patients with chest infections often have a fever, cough, shortness of breath and phlegm production. A chest X-ray is commonly used to help diagnose and manage chest infections and is widely used in high-income countries. However, the impact of chest X-rays in terms of how they may change patient recovery in suspected chest infection has not been evaluated. We focused on whether the use of chest X-rays compared to not using them led to improved outcomes such as a faster recovery rate, less time in hospital and fewer complications for the patient. We did not investigate the use of chest X-rays as a tool in the diagnosis of chest infections or the differences in the interpretation of X-rays between doctors.</P>
<P>Two trials with a total of 2024 participants were included in this review. The trial published in 1983 in the USA included only adults, while the trial in 1998 in South Africa included only children. Both trials were set in large metropolitan cities. We were unable to combine the results of the two studies due to incomplete data. However, both trials came to the same conclusion regarding the use of chest X-rays in chest infections, except in the subgroup of patients with evidence of infection (infiltrates) on their X-rays. In both adults and children, chest X-rays did not result in significant differences in recovery time.</P>
<P>In summary, there were no differences in patient outcomes between the groups with or without chest X-ray. Although both studies suggest that chest X-rays do not improve patient outcomes, it is not clear if this finding can be applied to all populations and settings. Results may be different in resource poor countries. Our conclusions are limited due to the lack of complete data available and by the risk of bias of the studies. Adverse effects of chest X-rays were not assessed by either study. We assessed the quality of the evidence from both trials as being moderate. For the remainder of this review, X-rays will be referred to as radiographs.</P>
<P>The evidence is current as of February 2013.</P>
</SUMMARY_BODY>
  </SUMMARY>
  <ABSTRACT TRANSLATED="NO">
    <ABS_BACKGROUND>
<P>Acute lower respiratory tract infections (LRTIs) (e.g. pneumonia) are a major cause of morbidity and mortality and management focuses on early treatment. Chest radiographs (X-rays) are one of the commonly used strategies. Although radiological facilities are easily accessible in high-income countries, access can be limited in low-income countries. The efficacy of chest radiographs as a tool in the management of acute LRTIs has not been determined. Although chest radiographs are used for both diagnosis and management, our review focuses only on management.</P>
</ABS_BACKGROUND>
    <ABS_OBJECTIVES>
<P>To assess the effectiveness of chest radiographs in addition to clinical judgement, compared to clinical judgement alone, in the management of acute LRTIs in children and adults.</P>
</ABS_OBJECTIVES>
    <ABS_SEARCH_STRATEGY>
<P>We searched CENTRAL 2013, Issue 1; MEDLINE (1948 to January week 4, 2013); EMBASE (1974 to February 2013); CINAHL (1985 to February 2013) and LILACS (1985 to February 2013). We also searched NHS EED, DARE, ClinicalTrials.gov and WHO ICTRP (up to February 2013).</P>
</ABS_SEARCH_STRATEGY>
    <ABS_SELECTION_CRITERIA>
<P>Randomised controlled trials (RCTs) of chest radiographs versus no chest radiographs in acute LRTIs in children and adults.</P>
</ABS_SELECTION_CRITERIA>
    <ABS_DATA_COLLECTION>
<P>Two review authors independently applied the inclusion criteria, extracted data and assessed risk of bias. A third review author compiled the findings and any discrepancies were discussed among all review authors. We used the standard methodological procedures expected by The Cochrane Collaboration.</P>
</ABS_DATA_COLLECTION>
    <ABS_RESULTS>
<P>Two RCTs involving 2024 patients (1502 adults and 522 children) were included in this review. Both RCTs excluded patients with suspected severe disease. It was not possible to pool the results due to incomplete data. Both included trials concluded that the use of chest radiographs did not result in a better clinical outcome (duration of illness and of symptoms) for patients with acute LRTIs. In the study involving children in South Africa, the median time to recovery was seven days (95% confidence interval (CI) six to eight days (radiograph group) and six to nine days (control group)), P value = 0.50, log-rank test) and the hazard ratio for recovery was 1.08 (95% CI 0.85 to 1.34). In the study with adult participants in the USA, the average duration of illness was 16.9 days versus 17.0 days (P value &gt; 0.05) in the radiograph and no radiograph groups respectively. This result was not statistically significant and there were no significant differences in patient outcomes between the groups with or without chest radiograph.</P>
<P>The study in adults also reports that chest radiographs did not affect the frequencies with which clinicians ordered return visits or antibiotics. However, there was a benefit of chest radiographs in a subgroup of the adult participants with an infiltrate on their radiograph, with a reduction in length of illness (16.2 days in the group allocated to chest radiographs and 22.6 in the non-chest radiograph group, P &lt; 0.05), duration of cough (14.2 versus 21.3 days, P &lt; 0.05) and duration of sputum production (8.5 versus 17.8 days, P &lt; 0.05). The authors mention that this difference in outcome between the intervention and control group in this particular subgroup only was probably a result of "the higher proportion of patients treated with antibiotics when the radiograph was used in patient care".</P>
<P>Hospitalisation rates were only reported in the study involving children and it was found that a higher proportion of patients in the radiograph group (4.7%) required hospitalisation compared to the control group (2.3%) with the result not being statistically significant (P = 0.14). None of the trials report the effect on mortality, complications of infection or adverse events from chest radiographs. Overall, the included studies had a low or unclear risk for blinding, attrition bias and reporting bias, but a high risk of selection bias. Both trials had strict exclusion criteria which is important but may limit the clinical practicability of the results as participants may not reflect those presenting in clinical practice.</P>
</ABS_RESULTS>
    <ABS_CONCLUSIONS>
<P>Data from two trials suggest that routine chest radiography does not affect the clinical outcomes in adults and children presenting to a hospital with signs and symptoms suggestive of a LRTI. This conclusion may be weakened by the risk of bias of the studies and the lack of complete data available.</P>
</ABS_CONCLUSIONS>
  </ABSTRACT>
</DOC>
