<?xml version="1.0"?>
<DOC>
  <TITLE TRANSLATED="NO">Disposable surgical face masks for preventing surgical wound infection in clean surgery</TITLE>
  <SUMMARY TRANSLATED="NO">
    <SUMMARY_TITLE>Disposable surgical face masks for preventing surgical wound infection in clean surgery</SUMMARY_TITLE>
    <SUMMARY_BODY>
<P>Surgeons and nurses performing clean surgery wear disposable face masks to prevent them passing germs from their noses and mouths into patients' wounds. Face masks are thought to reduce the number of postoperative wound infections. Incorrectly worn masks may increase the contamination of the wound. This review of trials found no clear evidence that wearing disposable face masks increases or reduces the number of surgical wound infections in clean surgery. More research is needed.</P>
</SUMMARY_BODY>
  </SUMMARY>
  <ABSTRACT TRANSLATED="NO">
    <ABS_BACKGROUND>
<P>Surgical face masks were originally developed to contain and filter droplets containing microorganisms expelled from the mouth and nasopharynx of healthcare workers during surgery, thereby providing protection for the patient. However, there are several ways in which surgical face masks could potentially contribute to contamination of the surgical wound, e.g. by incorrect wear or by leaking air from the side of the mask due to poor string tension.</P>
</ABS_BACKGROUND>
    <ABS_OBJECTIVES>
<P>To determine whether disposable surgical face masks worn by the surgical team during clean surgery prevent postoperative surgical wound infection.</P>
</ABS_OBJECTIVES>
    <ABS_SEARCH_STRATEGY>
<P>We searched The Cochrane Wounds Group Specialised Register on 23 October 2013; The Cochrane Central Register of Controlled Trials (CENTRAL) (<I>The Cochrane Library</I>); Ovid MEDLINE; Ovid MEDLINE (In-Process &amp; Other Non-Indexed Citations); Ovid EMBASE; and EBSCO CINAHL.</P>
</ABS_SEARCH_STRATEGY>
    <ABS_SELECTION_CRITERIA>
<P>Randomised controlled trials (RCTs) and quasi-randomised controlled trials comparing the use of disposable surgical masks with the use of no mask.</P>
</ABS_SELECTION_CRITERIA>
    <ABS_DATA_COLLECTION>
<P>Two review authors extracted data independently.</P>
</ABS_DATA_COLLECTION>
    <ABS_RESULTS>
<P>Three trials were included, involving a total of 2113 participants. There was no statistically significant difference in infection rates between the masked and unmasked group in any of the trials.</P>
</ABS_RESULTS>
    <ABS_CONCLUSIONS>
<P>From the limited results it is unclear whether the wearing of surgical face masks by members of the surgical team has any impact on surgical wound infection rates for patients undergoing clean surgery.</P>
</ABS_CONCLUSIONS>
  </ABSTRACT>
</DOC>
