<?xml version="1.0"?>
<DOC>
  <TITLE TRANSLATED="NO">Omega-3 fatty acids for cystic fibrosis</TITLE>
  <SUMMARY TRANSLATED="NO">
    <SUMMARY_TITLE>The use of omega-3 supplements in people with cystic fibrosis</SUMMARY_TITLE>
    <SUMMARY_BODY>
<P>Cycles of infection and inflammation are believed to worsen lung function in people with cystic fibrosis. Studies suggest that omega-3 fatty acids, such as those derived from fish oils, may be anti-inflammatory and may benefit many chronic inflammatory diseases including cystic fibrosis. This review includes four small studies with a total of 91 participants which compare omega-3 supplements to placebo. It was not clear if these studies had any risk of bias to the results. One short-term study reported that lung function and clinical status improved when taking omega-3 supplements. Patients also produced less sputum when taking omega-3 supplements. Two longer studies showed significant increases in essential fatty acid content of white blood cell membranes and serum phospholipids in people taking omega-3 supplements. Few adverse effects were reported in any of the studies. We conclude that regular omega-3 supplements may benefit people with cystic fibrosis with few adverse effects. However, there is not enough evidence from the four small studies included in this review to draw firm conclusions or recommend routine use of these supplements in people with cystic fibrosis. Larger and longer trials are needed to assess the clinical benefit of omega-3 supplementation and to determine the appropriate dosage.</P>
</SUMMARY_BODY>
  </SUMMARY>
  <ABSTRACT TRANSLATED="NO">
    <ABS_BACKGROUND>
<P>Studies suggest that a diet rich in omega-3 essential fatty acids may have beneficial anti-inflammatory effects for chronic conditions such as cystic fibrosis.</P>
</ABS_BACKGROUND>
    <ABS_OBJECTIVES>
<P>To determine whether there is evidence that omega-3 polyunsaturated fatty acid supplementation reduces morbidity and mortality and to identify any adverse events associated with supplementation.</P>
</ABS_OBJECTIVES>
    <ABS_SEARCH_STRATEGY>
<P>We searched the Cochrane Cystic Fibrosis and Genetic Disorders Group's Trials Register comprising references identified from comprehensive electronic database searches and handsearches of relevant journals and abstract books of conference proceedings. Authors and persons interested in the subject of the review were contacted.</P>
<P>Date of last search: 08 July 2013.</P>
</ABS_SEARCH_STRATEGY>
    <ABS_SELECTION_CRITERIA>
<P>Randomised controlled trials in people with cystic fibrosis comparing omega-3 fatty acid supplements with placebo.</P>
</ABS_SELECTION_CRITERIA>
    <ABS_DATA_COLLECTION>
<P>Two authors independently selected studies for inclusion, extracted data and assessed the risk of bias of the studies.</P>
</ABS_DATA_COLLECTION>
    <ABS_RESULTS>
<P>The searches identified 14 studies; four studies with 91 participants were included. Two studies were judged to be at low risk of bias based on adequate randomisation but this was unclear in the other two studies. Three of the studies adequately blinded patients, however, the risk of bias was unclear in all studies with regards to allocation concealment and selective reporting.</P>
<P>Two studies compared omega-3 fatty acids to olive oil for six weeks. One study compared a liquid dietary supplement containing omega-3 fatty acids to one without for six months. One study compared omega-3 fatty acids and omega-6 fatty acids to a control (capsules with customised fatty acid blends) for three months. Only one short-term study (19 participants) comparing omega-3 to placebo reported a significant improvement in lung function and Shwachman score and a reduction in sputum volume in the omega-3 group. Another study (43 participants) demonstrated a significant increase in serum phospholipid essential fatty acid content and a significant drop in the n-6/n-3 fatty acid ratio following omega-3 fatty acid supplementation compared to control. The longer-term study (17 participants) demonstrated a significant increase in essential fatty acid content in neutrophil membranes and a significant decrease in the leukotriene B4 to leukotriene B5 ratio in participants taking omega-3 supplements compared to placebo.</P>
</ABS_RESULTS>
    <ABS_CONCLUSIONS>
<P>This review found that regular omega-3 supplements may provide some benefits for people with cystic fibrosis with relatively few adverse effects, although evidence is insufficient to draw firm conclusions or recommend routine use of these supplements in people with cystic fibrosis. This review has highlighted the lack of data for many outcomes meaningful to people with or making treatment decisions about cystic fibrosis. A large, long-term, multicentre, randomised controlled study is needed to determine any significant therapeutic effect and to assess the influence of disease severity, dosage and duration of treatment. Future researchers should note the need for additional pancreatic enzymes.</P>
</ABS_CONCLUSIONS>
  </ABSTRACT>
</DOC>
