<?xml version="1.0"?>
<DOC>
  <TITLE TRANSLATED="NO">Routine abdominal drainage versus no abdominal drainage for uncomplicated laparoscopic cholecystectomy</TITLE>
  <SUMMARY TRANSLATED="NO">
    <SUMMARY_TITLE>Routine abdominal drainage versus no drainage for patients undergoing uncomplicated laparoscopic cholecystectomy</SUMMARY_TITLE>
    <SUMMARY_BODY>
<P>The liver produces bile which has many functions, including elimination of waste processed by the liver and digestion of fat. The bile is temporarily stored in the gallbladder (an organ situated underneath the liver) before it reaches the small bowel. Concretions in the gallbladder are called gallstones. Gallstones are present in about 5% to 25% of the adult western population. Between 2% and 4% become symptomatic in a year. The symptoms include pain related to the gallbladder (biliary colic), inflammation of the gallbladder (cholecystitis), obstruction to the flow of bile from the liver and gallbladder into the small bowel resulting in jaundice (yellowish discolourisation of the body usually most prominently noticed in the white of the eye, which turns yellow), bile infection (cholangitis), and inflammation of the pancreas, an organ which secretes digestive juices and harbours the insulin secreting cells which maintain blood sugar level (pancreatitis). Removal of the gallbladder (cholecystectomy) is currently considered the best treatment option for patients with symptomatic gallstones. This is generally performed by key-hole surgery (laparoscopic cholecystectomy). Drain is a tube that is left inside the tummy to allow drainage of fluids to outside the tummy. Some surgeons have routinely drained after laparoscopic cholecystectomy because of the fear of collection of bile or blood requiring re-operation. As the name indicates, the drain may drain out these collections to the exterior, thereby avoiding open surgery. However, routine use of drains may necessitate the patient to stay overnight or require drain removal after discharge both of which increase resource utilisation in this era of day surgery (where patients are admitted and discharged on the same day of surgery). The review authors set out to determine whether it is preferable to use routine drainage after laparoscopic cholecystectomy. A systematic search of medical literature was performed in order to identify studies which provided information on the above question. The authors obtained information from randomised trials only since such types of trials provide the best information if conducted well. Two authors independently identified the trials and collected the information.</P>
<P>A total of 1831 participants received drain (915 patients) versus 'no drain' (916 patients) in 12 trials included in this review. The decision of whether the patients received drain or not was determined by a method similar to toss of a coin. Only two trials including 199 patients were of low risk of bias (free from errors in study design that can result in wrong conclusions, leading to overestimation of benefits and to underestimation of harms of the drainage or no drainage). Nine of the 12 trials included patients who underwent planned operations. The average age of participants in the trials ranged between 48 years and 63 years in the 10 trials that provided this information. The proportion of females ranged between 55.0% and 79.0% in the 11 trials that provided this information. There was no significant or clinically important differences in the short-term mortality, serious complications, quality of life, length of hospital stay, operating time, return to normal activity, or return to work in the trials that reported these outcomes. The proportion of patients who were discharged as day-procedure laparoscopic cholecystectomy seemed significantly lower in the drain group than in the 'no drain' group in one trial of high risk of bias involving 68 participants. Currently, there is no evidence to support the use of drain after laparoscopic cholecystectomy. Further well-designed randomised clinical trials are necessary.</P>
</SUMMARY_BODY>
  </SUMMARY>
  <ABSTRACT TRANSLATED="NO">
    <ABS_BACKGROUND>
<P>Laparoscopic cholecystectomy is the main method of treatment of symptomatic gallstones. Drains are used after laparoscopic cholecystectomy to prevent abdominal collections. However, drain use may increase infective complications and delay discharge.</P>
</ABS_BACKGROUND>
    <ABS_OBJECTIVES>
<P>The aim is to assess the benefits and harms of routine abdominal drainage in uncomplicated laparoscopic cholecystectomy. </P>
</ABS_OBJECTIVES>
    <ABS_SEARCH_STRATEGY>
<P>We searched the Cochrane Central Register of Controlled Trials (CENTRAL) in <I>The Cochrane Library</I>, MEDLINE, EMBASE, and Science Citation Index Expanded until February 2013.</P>
</ABS_SEARCH_STRATEGY>
    <ABS_SELECTION_CRITERIA>
<P>We included all randomised clinical trials comparing drainage versus no drainage after uncomplicated laparoscopic cholecystectomy irrespective of language and publication status.</P>
</ABS_SELECTION_CRITERIA>
    <ABS_DATA_COLLECTION>
<P>We used standard methodological procedures defined by The Cochrane Collaboration.</P>
</ABS_DATA_COLLECTION>
    <ABS_RESULTS>
<P>A total of 1831 participants were randomised to drain (915 participants) versus 'no drain' (916 participants) in 12 trials included in this review. Only two trials including 199 participants were of low risk of bias. Nine trials included patients undergoing elective laparoscopic cholecystectomy exclusively. One trial included patients undergoing laparoscopic cholecystectomy for acute cholecystitis exclusively. One trial included patients undergoing elective and emergency laparoscopic cholecystectomy, and one trial did not provide this information. The average age of participants in the trials ranged between 48 years and 63 years in the 10 trials that provided this information. The proportion of females ranged between 55.0% and 79.0% in the 11 trials that provided this information. There was no significant difference between the drain group (1/840) (adjusted proportion: 0.1%) and the 'no drain' group (2/841) (0.2%) (RR 0.41; 95% CI 0.04 to 4.37) in short-term mortality in the ten trials with 1681 participants reporting on this outcome. There was no significant difference between the drain group (7/567) (adjusted proportion: 1.1%) and the 'no drain' group (3/576) (0.5%) in the proportion of patients who developed serious adverse events in the seven trials with 1143 participants reporting on this outcome (RR 2.12; 95% CI 0.67 to 7.40) or in the number of serious adverse events in each group reported by eight trials with 1286 participants; drain group (12/646) (adjusted rate: 1.5 events per 100 participants) versus 'no drain' group (6/640) (0.9 events per 100 participants); rate ratio 1.60; 95% CI 0.66 to 3.87). There was no significant difference in the quality of life between the two groups (one trial; 93 participants; SMD 0.22; 95% CI -0.19 to 0.63). The proportion of patients who were discharged as day-procedure laparoscopic cholecystectomy seemed significantly lower in the drain group than the 'no drain' group (one trial; 68 participants; drain group (0/33) (adjusted proportion: 0.2%) versus 'no drain' group (11/35) (31.4%); RR 0.05; 95% CI 0.00 to 0.75). There was no significant difference in the length of hospital stay between the two groups (five trials; 449 participants; MD 0.22 days; 95% CI -0.06 days to 0.51 days). The operating time was significantly longer in the drain group than the 'no drain' group (seven trials; 775 participants; MD 5.00 minutes; 95% CI 2.69 minutes to 7.30 minutes). There was no significant difference in the return to normal activity and return to work between the groups in one trial involving 100 participants. This trial did not provide any information from which the standard deviation could be imputed and so the confidence intervals could not be calculated for these outcomes.</P>
</ABS_RESULTS>
    <ABS_CONCLUSIONS>
<P>There is currently no evidence to support the routine use of drain after laparoscopic cholecystectomy. Further well designed randomised clinical trials are necessary.</P>
</ABS_CONCLUSIONS>
  </ABSTRACT>
</DOC>
