<?xml version="1.0"?>
<DOC>
  <TITLE TRANSLATED="NO">Combined and alternating paracetamol and ibuprofen therapy for febrile children</TITLE>
  <SUMMARY TRANSLATED="NO">
    <SUMMARY_TITLE>Alternating and combined antipyretics for treatment of fever in children</SUMMARY_TITLE>
    <SUMMARY_BODY>
<P>When they are ill with infections, children often develop a fever. The fever with common viral illnesses, such as colds, coughs, sore throats and gastrointestinal illness, usually lasts a few days, makes children feel unwell, and is distressing for the children, their parents, or other caregivers.</P>
<P>Paracetamol (also known as acetaminophen) and ibuprofen lower the child's temperature and relieve their discomfort. This review evaluates whether giving both treatments together, or alternating the two treatments, is more effective than giving paracetamol or ibuprofen alone. </P>
<P>In September 2013, we found six studies, involving 915 children, that evaluated combined or alternating paracetamol and ibuprofen to treat fever in children.</P>
<P>Compared to giving ibuprofen or paracetamol alone, giving both medications together is probably more effective at lowering temperature for the first four hours after treatment (<I>moderate quality evidence</I>). However, only one trial assessed whether combined treatment made children less uncomfortable or distressed and found no difference compared to ibuprofen or paracetamol alone.</P>
<P>In practice, caregivers are often advised to initially give a single agent (paracetamol or ibuprofen), and then give a further dose of the alternative if the child continues to have a fever. Giving alternating treatment in this way may be more effective at lowering temperature for the first three hours after the second dose (<I>low quality evidence</I>), and may also result in less child discomfort (<I>low quality evidence</I>)</P>
<P>Only one small trial compared alternating therapy with combined therapy and found no advantages between the two (<I>very low quality evidence</I>).</P>
</SUMMARY_BODY>
  </SUMMARY>
  <ABSTRACT TRANSLATED="NO">
    <ABS_BACKGROUND>
<P>Health professionals frequently recommend fever treatment regimens for children that either combine paracetamol and ibuprofen or alternate them. However, there is uncertainty about whether these regimens are better than the use of single agents, and about the adverse effect profile of combination regimens.</P>
</ABS_BACKGROUND>
    <ABS_OBJECTIVES>
<P>To assess the effects and side effects of combining paracetamol and ibuprofen, or alternating them on consecutive treatments, compared with monotherapy for treating fever in children.</P>
</ABS_OBJECTIVES>
    <ABS_SEARCH_STRATEGY>
<P>In September 2013, we searched Cochrane Infectious Diseases Group Specialized Register; Cochrane Central Register of Controlled Trials (CENTRAL); MEDLINE; EMBASE; LILACS; and International Pharmaceutical Abstracts (2009-2011).</P>
</ABS_SEARCH_STRATEGY>
    <ABS_SELECTION_CRITERIA>
<P>We included randomized controlled trials comparing alternating or combined paracetamol and ibuprofen regimens with monotherapy in children with fever.</P>
</ABS_SELECTION_CRITERIA>
    <ABS_DATA_COLLECTION>
<P>One review author and two assistants independently screened the searches and applied inclusion criteria. Two authors assessed risk of bias and graded the evidence independently. We conducted separate analyses for different comparison groups (combined therapy versus monotherapy, alternating therapy versus monotherapy, combined therapy versus alternating therapy).</P>
</ABS_DATA_COLLECTION>
    <ABS_RESULTS>
<P>Six studies, enrolling 915 participants, are included.</P>
<P>Compared to giving a single antipyretic alone, giving combined paracetamol and ibuprofen to febrile children can result in a lower mean temperature at one hour after treatment (MD -0.27 °Celsius, 95% CI -0.45 to -0.08, two trials, 163 participants, <I>moderate quality evidence</I>). If no further antipyretics are given, combined treatment probably also results in a lower mean temperature at four hours (MD -0.70 °Celsius, 95% CI -1.05 to -0.35, two trials, 196 participants, <I>moderate quality evidence</I>), and in fewer children remaining or becoming febrile for at least four hours after treatment (RR 0.08, 95% CI 0.02 to 0.42<I>,</I> two trials, 196 participants, <I>moderate quality evidence</I>). Only one trial assessed a measure of child discomfort (fever associated symptoms at 24 hours and 48 hours), but did not find a significant difference in this measure between the treatment regimens (one trial, 156 participants, <I>evidence quality not graded</I>).</P>
<P>In practice, caregivers are often advised to initially give a single agent (paracetamol or ibuprofen), and then give a further dose of the alternative if the child's fever fails to resolve or recurs. Giving alternating treatment in this way may result in a lower mean temperature at one hour after the second dose (MD -0.60 °Celsius, 95% CI -0.94 to -0.26, two trials, 78 participants, <I>low quality evidence</I>), and may also result in fewer children remaining or becoming febrile for up to three hours after it is given (RR 0.25, 95% CI 0.11 to 0.55, two trials, 109 participants, <I>low quality evidence). </I>One trial assessed child discomfort (mean pain scores at 24, 48 and 72 hours), finding that these mean scores were lower, with alternating therapy, despite fewer doses of antipyretic being given overall (one trial, 480 participants, <I>low quality evidence</I>)</P>
<P>Only one small trial compared alternating therapy with combined therapy. No statistically significant differences were seen in mean temperature, or the number of febrile children at one, four or six hours (one trial, 40 participants, <I>very low quality evidence</I>).</P>
<P>There were no serious adverse events in the trials that were directly attributed to the medications used.</P>
</ABS_RESULTS>
    <ABS_CONCLUSIONS>
<P>There is some evidence that both alternating and combined antipyretic therapy may be more effective at reducing temperatures than monotherapy alone. However, the evidence for improvements in measures of child discomfort remains inconclusive. There is insufficient evidence to know which of combined or alternating therapy might be more beneficial.Future research needs to measure child discomfort using standardized tools, and assess the safety of combined and alternating antipyretic therapy.</P>
</ABS_CONCLUSIONS>
  </ABSTRACT>
</DOC>
