<?xml version="1.0"?>
<DOC>
  <TITLE TRANSLATED="NO">Partial breast irradiation for early breast cancer</TITLE>
  <SUMMARY TRANSLATED="NO">
    <SUMMARY_TITLE>Partial breast irradiation for early breast cancer</SUMMARY_TITLE>
    <SUMMARY_BODY>
<P>For women with early breast cancer, removal of the tumour followed by radiation therapy (RT) allows the breast to be kept (breast conserving therapy). A tumour occurring again within the breast can be either a true recurrence (arising in the same area of the breast as the original cancer) or a new primary cancer (another breast cancer arising in another part of the breast). RT reduces the risk of a true recurrence but does not prevent the development of a new primary cancer.</P>
<P>RT usually involves treating the whole breast (WBRT) in four to six weeks of daily treatments. This can be costly and inconvenient for women and their families. This can mean women choose mastectomy (removal of the breast) to avoid RT. RT delivered only to the area of the breast from which the tumour was removed (partial breast irradiation: PBI) offers the potential for preservation of the breast if the tumour then occurs in a previously untreated part of the breast. If RT is also delivered over a shorter period of time (accelerated partial breast irradiation: APBI) than WBRT, fewer visits to the RT department are required, reducing inconvenience for the woman who is treated.</P>
<P>In this Cochrane Review, we investigated the role of PBI and APBI against WBRT.</P>
<P>We included four completed trials: one had a short follow-up so the information is not mature enough yet, two trials involved RT techniques that do not meet today's standards, and the other trial stopped early. The evidence is current to April 2014. We found local relapse-free survival appeared worse with PBI/APBI than WBRT. When PBI/APBI was compared with WBRT the rates of overall survival were similar, but we could not exclude potentially important differences between treatment groups. This was also the case for the effects of PBI/APBI on cause-specific survival, distant metastasis-free survival, subsequent mastectomy rate and relapse-free survival when PBI/APBI was compared with WBRT. We found no data for: acute toxicity, costs, quality of life or consumer preference. Breast appearance was better with PBI/APBI in a single trial but late adverse events were increased in another trial.</P>
<P>The quality of the evidence (<I>low</I> to <I>very low</I>) means we cannot make any recommendations about the benefit of or best way to deliver PBI/APBI. We would only advise the use of PBI/APBI in a trial. We found seven ongoing trials which do reflect modern RT practice and await their completion; it may be possible to answer these questions in a future update of this review.</P>
</SUMMARY_BODY>
  </SUMMARY>
  <ABSTRACT TRANSLATED="NO">
    <ABS_BACKGROUND>
<P>Breast conserving therapy for women with breast cancer consists of local excision of the tumour (achieving clear margins) followed by radiation therapy (RT). RT is given to sterilize tumour cells that may remain after surgery to decrease the risk of local tumour recurrence. Most true recurrences occur in the same quadrant as the original tumour. Whole breast RT may not protect against the development of a new primary cancer developing in other quadrants of the breast. In this Cochrane Review, we investigated the role of delivering radiation to a limited volume of the breast around the tumour bed (partial breast irradiation: PBI) sometimes with a shortened treatment duration (accelerated partial breast irradiation: APBI).</P>
</ABS_BACKGROUND>
    <ABS_OBJECTIVES>
<P>To determine whether PBI/APBI is equivalent to or better than conventional or hypofractionated WBRT after breast conservation therapy for early-stage breast cancer.</P>
</ABS_OBJECTIVES>
    <ABS_SEARCH_STRATEGY>
<P>We searched the Cochrane Breast Cancer Group Specialised Register (07 November 2013), CENTRAL (2014, Issue 3), MEDLINE (January 1966 to 11 April 2014), EMBASE (1980 to 11 April 2014), CINAHL (11 April 2014) and Current Contents (11 April 2014). Also we searched the International Standard Randomised Controlled Trial Number Register, the World Health Organization's International Clinical Trials Registry Platform (07 November 2013) and US clinical trials registry (www.clinicaltrials.gov) (22 April 2014). We searched for grey literature: Open Grey (23 April 2014), reference lists of articles, a number of conference proceedings and published abstracts, and did not apply any language restrictions.</P>
</ABS_SEARCH_STRATEGY>
    <ABS_SELECTION_CRITERIA>
<P>Randomised controlled trials (RCTs) without confounding and evaluating conservative surgery plus PBI/APBI versus conservative surgery plus whole breast RT. We included both published and unpublished trials.</P>
</ABS_SELECTION_CRITERIA>
    <ABS_DATA_COLLECTION>
<P>Three review authors (ML, DF and BH) performed data extraction and resolved any disagreements through discussion. We entered data into Review Manager for analysis. BH and ML assessed trials, graded the methodological quality using Cochrane's Risk of Bias tool and resolved any disagreements through discussion.</P>
</ABS_DATA_COLLECTION>
    <ABS_RESULTS>
<P>We included four RCTs that had 2253 women. Two older trials examined RT techniques which do not reflect current practice and one trial had a short follow-up. We downgraded the quality of the evidence for our key outcomes due to risk of bias. Taken together with other GRADE recommendations, the quality of evidence for our outcomes was very low to low. For the comparison of partial breast irradiation/accelerated breast irradiation (PBI/APBI) with whole breast irradiation (WBRT), local recurrence-free survival appeared worse (Hazard Ratio (HR) 1.74, 95% confidence interval (CI) 1.23 to 2.45; three trials, 1140 participants, <I>very low quality evidence</I>). Cosmesis appeared improved with PBI/APBI in a single trial (OR 0.40, 95% CI 0.23 to 0.72; one trial, 241 participants, <I>very low quality evidence</I>), but late toxicity (telangiectasia OR 4.41, 95% CI 3.21 to 6.05; <I>very low quality evidence, </I>708 participants) and subcutaneous fibrosis (OR 4.27, 95% CI 3.04 to 6.01; one trial, 710 participants, <I>very low quality evidence</I>) appeared increased in another trial. We found no clear evidence of a difference for the comparison of PBI/APBI versus WBRT for the outcomes of: overall survival (HR 0.99, 95% CI 0.83 to 1.18; three trials, 1140 participants, <I>very low quality evidence</I>), cause-specific survival (HR 0.95, 95% CI 0.74 to 1.22; two trials, 966 participants, <I>low evidence quality</I>), distant metastasis-free survival (HR 1.02, 95% CI 0.81 to 1.28; 1140 participants, <I>low quality evidence</I>), subsequent mastectomy rate (OR 0.20, 95% CI 0.01 to 4.21; 258 participants, <I>low quality evidence</I>) and relapse-free survival (HR 0.99, 95% CI 0.53 to 1.85; 258 participants, <I>low quality evidence</I>). We found no data for the outcomes of acute toxicity, new ipsilateral breast primaries, costs, quality of life or consumer preference.</P>
</ABS_RESULTS>
    <ABS_CONCLUSIONS>
<P>The limitations of the data currently available mean that we cannot make definitive conclusions about the efficacy and safety or ways to deliver of PBI/APBI. We await completion of ongoing trials.</P>
</ABS_CONCLUSIONS>
  </ABSTRACT>
</DOC>
