<?xml version="1.0"?>
<DOC>
  <TITLE TRANSLATED="NO">Fixed-dose combination therapy for the prevention of cardiovascular disease</TITLE>
  <SUMMARY TRANSLATED="NO">
    <SUMMARY_TITLE>Fixed-dose combination therapy for the prevention of cardiovascular disease</SUMMARY_TITLE>
    <SUMMARY_BODY>
<P>Cardiovascular diseases (CVD), including heart attacks and strokes, are the leading cause of death and disability worldwide. Drug therapy with blood pressure and cholesterol lowering medications, particularly statins, have been proven to reduce the likelihood that individuals will experience a fatal or non-fatal cardiovascular event. Aspirin has also been proven to prevent heart attacks, certain types of strokes, and death in people with prior cardiovascular disease. The concept of fixed-dose combination therapy is to combine mulitple medications in a single pill as this has been shown to improve adherence in patients with high blood pressure and human immunodeficiency virus (HIV). There have been recent randomised controlled clinical trials to evaluate the effect of fixed-dose combination therapy for CVD prevention. The aim of this systematic review was to determine the effects of fixed-dose combination therapy on all-cause mortality, fatal and non-fatal CVD events, adverse events, blood pressure, lipids, discontinuation rates, quality of life, and costs for CVD prevention.</P>
<P>We searched the Cochrane Central Register of Controlled Trials (CENTRAL), MEDLINE, and EMBASE until 2013. We found nine randomised controlled trials of two-drug through to five-drug fixed-dose combination therapy with placebo, single drug active component, or usual care in 7047 patients, dating from 2009 to 2013. Trials were generally short-term, ranging from six weeks to 15 months, and included middle-age adults with and without prior CVD.</P>
<P>Compared with placebo, single drug active component, or usual care, the effects of fixed-dose combination therapy on all-cause mortality or CVD events were uncertain. However, the event rates for these outcomes were relatively uncommon, only two out of nine trials reported these outcomes, these trials were primarily designed to observed changes in CVD risk factor levels rather than clinical events, and the trials had a high risk of bias in at least one domain, suggesting that these results should not viewed with confidence. Of 1000 people treated with fixed-dose combination therapy during the study period, 297 (range 264 to 315) would experience a side effect compared with 242 people treated with placebo. Fixed-dose combination therapy was associated with lower systolic blood pressure (-7.05 mmHg, range -10.18 to -3.87) and total cholesterol (-0.75 mmol/L, range -1.05 to -0.46). However, there was a high degree of statistical heterogeneity in these comparisons so these results should be viewed with caution. Of 1000 patients treated with fixed-dose combination therapy during the study period, 140<B> </B>(range 122 to 186) would discontinue the therapy compared with 115 patients treated with placebo. The effects on quality of life were uncertain, and no cost data were reported. Ongoing trials of fixed-dose combination therapy will likely inform these important endpoints. </P>
</SUMMARY_BODY>
  </SUMMARY>
  <ABSTRACT TRANSLATED="NO">
    <ABS_BACKGROUND>
<P>Cardiovascular disease (CVD) is the leading cause of death and disability worldwide, yet CVD risk factor control and secondary prevention rates remain low. A fixed-dose combination of blood pressure and cholesterol lowering and antiplatelet treatments into a single pill, or polypill, has been proposed as one strategy to reduce the global burden of CVD by up to 80% given its potential for better adherence and lower costs.</P>
</ABS_BACKGROUND>
    <ABS_OBJECTIVES>
<P>To determine the effectiveness of fixed-dose combination therapy on reducing fatal and non-fatal CVD events and on improving blood pressure and lipid CVD risk factors for both primary and secondary prevention of CVD. We also aimed to determine discontinuation rates, adverse events, health-related quality of life, and costs of fixed-dose combination therapy.</P>
</ABS_OBJECTIVES>
    <ABS_SEARCH_STRATEGY>
<P>We searched the Cochrane Central Register of Controlled Trials (CENTRAL) in <I>The Cochrane Library</I> (2013, Issue 6), MEDLINE Ovid (1946 to week 2 July 2013), EMBASE Ovid (1980 to Week 28 2013), ISI Web of Science (1970 to 19 July 2013), and the Database of Abstracts of Reviews of Effects (DARE), Health Technology Assessment Database (HTA), and Health Economics Evaluations Database (HEED) (2011, Issue 4) in <I>The Cochrane Library</I>. We used no language restrictions.</P>
</ABS_SEARCH_STRATEGY>
    <ABS_SELECTION_CRITERIA>
<P>We included randomised controlled trials of a fixed-dose combination therapy including at least one blood pressure lowering and one lipid lowering component versus usual care, placebo, or a single drug active component for any treatment duration in adults ≥ 18 years old with no restrictions on presence or absence of pre-existing cardiovascular disease.</P>
</ABS_SELECTION_CRITERIA>
    <ABS_DATA_COLLECTION>
<P>Three review authors independently selected studies for inclusion and extracted the data. We evaluated risk of bias using the Cochrane risk of bias assessment tool. We sought to include outcome data on all-cause mortality, fatal and non-fatal CVD events, adverse events, changes in systolic and diastolic blood pressure, total and low density lipoprotein (LDL) cholesterol concentrations, discontinuation rates, quality of life, and costs. We calculated risk ratios (RR) for dichotomous data and weighted mean differences (MD) for continuous data with 95% confidence intervals (CI) using fixed-effect models when heterogeneity was low (I<SUP>2 </SUP>&lt; 50%) and random-effects models when heterogeneity was high (I<SUP>2 </SUP>&gt; 50%).</P>
</ABS_DATA_COLLECTION>
    <ABS_RESULTS>
<P>We found nine randomised controlled trials with a total of 7047 participants. Seven of the nine trials evaluated the effects of fixed-dose combination therapy on primary CVD prevention, and the trial length ranged from six weeks to 15 months. We found a moderate to high risk of bias in the domains of selection, performance, detection, attrition, and other types of bias in five of the nine trials. Compared with the comparator groups, the effects of the fixed-dose combination treatment on mortality (1.2% versus 1.0%, RR 1.26, 95% CI 0.67 to 2.38,  N = 3465) and cardiovascular events (4.0% versus 2.9%, RR 1.38, 95% CI 0.91 to 2.10, N = 2479) were uncertain (low quality evidence). The low event rates for these outcomes, limited availability of data as only two out of nine trials reported on these outcomes, and a high risk of bias in at least one domain suggest that these results should not be viewed with confidence. Adverse events were common in both the intervention (30%) and comparator (24%) groups, with participants randomised to fixed-dose combination therapy being 20% (95% CI 9% to 30%) more likely to report an adverse event. Notably, no serious adverse events were reported. Compared with placebo, the rate of discontinuation among participants randomised to fixed-dose combination was higher (14% versus 11%, RR 1.26 95% CI 1.02 to 1.55). The weighted mean differences in systolic and diastolic blood pressure between the intervention and control arms were -7.05 mmHg (95% CI -10.18 to -3.87) and -3.65 mmHg (95% CI -5.44 to -1.85), respectively. The weighted mean differences (95% CI) in total and LDL cholesterol between the intervention and control arms were -0.75 mmol/L (95% CI -1.05 to -0.46) and -0.81 mmol/L (95% CI -1.09 to -0.53), respectively. There was a high degree of statistical heterogeneity in comparisons of blood pressure and lipids (I<SUP>2 </SUP>≥ 70% for all) that could not be explained, so these results should be viewed with caution. Fixed-dose combination therapy improved adherence to a multi-drug strategy by 33% (26% to 41%) compared with usual care, but this comparison was reported in only one study. The effects of fixed-dose combination therapy on quality of life are uncertain, though these results were reported in only one trial. No trials reported costs.</P>
</ABS_RESULTS>
    <ABS_CONCLUSIONS>
<P>Compared with placebo, single drug active component, or usual care, the effects of fixed-dose combination therapy on all-cause mortality or CVD events are uncertain; only few trials report these outcomes and the included trials were primarily designed to observe changes in CVD risk factor levels rather than clinical events. Reductions in blood pressure and lipid parameters are generally lower than those previously projected, though substantial heterogeneity of results exists. Fixed-dose combination therapy is associated with modest increases in adverse events compared with placebo, single drug active component, or usual care but may be associated with improved adherence to a multidrug regimen. Ongoing trials of fixed-dose combination therapy will likely inform key outcomes.</P>
</ABS_CONCLUSIONS>
  </ABSTRACT>
</DOC>
