<?xml version="1.0"?>
<DOC>
  <TITLE TRANSLATED="NO">Once-daily versus multiple-daily dosing with intravenous aminoglycosides for cystic fibrosis</TITLE>
  <SUMMARY TRANSLATED="NO">
    <SUMMARY_TITLE>Giving aminoglycoside antibiotics intravenously once daily compared to giving them several times per day in people with cystic fibrosis</SUMMARY_TITLE>
    <SUMMARY_BODY>
<P>Cystic fibrosis is a serious genetic disorder which affects the lungs and the exocrine glands (sweat glands and others). Most people with cystic fibrosis develop persistent lung infections and they may receive frequent courses of intravenous antibiotics. Giving the antibiotics once per day reduces the cost and the time involved, compared to giving several doses per day. This review includes four trials with a total of 328 people. All the trials compared once-a-day dosing with three times-a-day dosing. The review found that giving the antibiotics once per day was just as good at treating lung infections in people with cystic fibrosis as giving them more frequently. The review also found that giving the antibiotics once per day appeared to be less toxic to the kidneys in children. There were no differences between the different treatments for other outcomes. While once-daily treatment can be just as effective and more convenient than three-times daily treatment, we recommend further studies to look at the long-term safety of this treatment schedule.</P>
</SUMMARY_BODY>
  </SUMMARY>
  <ABSTRACT TRANSLATED="NO">
    <ABS_BACKGROUND>
<P>People with cystic fibrosis, who are chronically colonised with the organism <I>Pseudomonas aeruginosa</I>, often require multiple courses of intravenous aminoglycoside antibiotics for the management of pulmonary exacerbations. The properties of aminoglycosides suggest that they could be given in higher doses less often. </P>
</ABS_BACKGROUND>
    <ABS_OBJECTIVES>
<P>To assess the effectiveness and safety of once-daily versus multiple-daily dosing of intravenous aminoglycoside antibiotics for the management of pulmonary exacerbations in cystic fibrosis.</P>
</ABS_OBJECTIVES>
    <ABS_SEARCH_STRATEGY>
<P>We searched the Cystic Fibrosis Specialist Register held at the Cochrane Cystic Fibrosis and Genetic Disorders Group's editorial base, comprising references identified from comprehensive electronic database searches, handsearching relevant journals and handsearching abstract books of conference proceedings.</P>
<P>Date of the most recent search: 25 November 2013.</P>
</ABS_SEARCH_STRATEGY>
    <ABS_SELECTION_CRITERIA>
<P>All randomised controlled trials, whether published or unpublished, in which once-daily dosing of aminoglycosides has been compared with multiple-daily dosing in terms of efficacy or toxicity or both, in people with cystic fibrosis. </P>
</ABS_SELECTION_CRITERIA>
    <ABS_DATA_COLLECTION>
<P>The two authors independently selected the studies to be included in the review and assessed the risk of bias of each study. Data were independently extracted by each author. Authors of the included studies were contacted for further information. As yet unpublished data were obtained for one of the included studies.</P>
</ABS_DATA_COLLECTION>
    <ABS_RESULTS>
<P>Fifteen studies were identified for possible inclusion in the review. Four studies reporting results from a total of 328 participants were included in this review. All studies compared once-daily dosing with thrice-daily dosing. One study had a low risk of bias for all criteria assessed; the remaining three included studies had a high risk of bias from blinding, but for other criteria were judged to have either an unclear or a low risk of bias. </P>
<P>There was no significant difference between treatment groups in: forced expiratory volume at one second, mean difference 0.33 (95% confidence interval -2.81 to 3.48); forced vital capacity, mean difference 0.29 (95% confidence interval -6.58 to 7.16); % weight for height, mean difference -0.82 (95% confidence interval -3.77 to 2.13); body mass index, mean difference 0.00 (95% confidence interval -0.42 to 0.42); or in the incidence of ototoxicity, relative risk 0.56 (95% confidence interval 0.04 to 7.96). The percentage change in creatinine significantly favoured once-daily treatment in children, mean difference -8.20 (95% confidence interval -15.32 to -1.08), but showed no difference in adults, mean difference 3.25 (95% confidence interval -1.82 to 8.33).</P>
</ABS_RESULTS>
    <ABS_CONCLUSIONS>
<P>Once- and three-times daily aminoglycoside antibiotics appear to be equally effective in the treatment of pulmonary exacerbations of cystic fibrosis. There is evidence of less nephrotoxicity in children.</P>
</ABS_CONCLUSIONS>
  </ABSTRACT>
</DOC>
