<?xml version="1.0"?>
<DOC>
  <TITLE TRANSLATED="NO">Thrombolysis for acute deep vein thrombosis</TITLE>
  <SUMMARY TRANSLATED="NO">
    <SUMMARY_TITLE>Thrombolysis for treatment of acute deep vein thrombosis</SUMMARY_TITLE>
    <SUMMARY_BODY>
<P>Deep vein thrombosis (DVT) occurs when a blood clot forms in a leg vein. The clot can break up and move to the lungs, leading to a potentially serious blockage in blood flow (pulmonary embolism or PE). Because of the damage to the leg vein, post-thrombotic syndrome (PTS) may develop any time over the next couple of years. Symptoms include leg pain, swelling, skin pigmentation and leg ulcers, leading to loss of mobility. Anticoagulants are the standard treatment for DVT or a clot in a calf vein. These thin the blood to reduce further clots forming and prevent PE; yet PTS can still develop. Thrombolysis breaks down the blood clot. For DVT, drugs such as streptokinase, urokinase and tissue plasminogen activator are infused into a vein in the arm or foot or, in some cases, directly at the site of the clot using a catheter and X-ray control. Bleeding complications, stroke or intracerebral haemorrhage are potential harmful events for both treatments.</P>
<P>The present review showed that thrombolysis may have advantages over standard anticoagulation treatment. Thrombolysis effectively dissolved the clot so that complete clot breakdown occurred more often with thrombolysis than with standard anticoagulant therapy. Blood flow in the affected vein (venous patency) was also better maintained. Four trials (341 participants) continued for over six months and found that fewer people developed PTS when treated with thrombolysis, 43% compared with 64% in the standard anticoagulation treatment group (the number needed to treat was five).</P>
<P>The review results are based on 17 controlled trials that randomised a total of 1103 people with acute DVT (within 21 days of onset of symptoms) to receive thrombolysis or anticoagulant treatment. Trials were carried out principally in the USA, Scandinavia, Germany and the UK. All trials included men and women and the age range was 18 to 75 years with a preponderance of older adults. Those receiving thrombolysis had significantly more bleeding complications than with standard anticoagulation (10% versus 8%). Most bleeding episodes and deaths occurred in the earlier studies. Use of strict eligibility criteria has improved the safety and acceptability of this treatment, with treatment directed by catheter in more extensive clots now the favoured method.</P>
</SUMMARY_BODY>
  </SUMMARY>
  <ABSTRACT TRANSLATED="NO">
    <ABS_BACKGROUND>
<P>Standard treatment for deep vein thrombosis aims to reduce immediate complications. Use of thrombolysis or clot dissolving drugs could reduce the long-term complications of post-thrombotic syndrome (PTS) (pain, swelling, skin discolouration, or venous ulceration) in the affected leg. This is the second update of a review first published in 2004.</P>
</ABS_BACKGROUND>
    <ABS_OBJECTIVES>
<P>To assess the effects of thrombolytic therapy and anticoagulation versus anticoagulation in the management of people with acute deep vein thrombosis (DVT) of the lower limb as determined by the effects on pulmonary embolism, recurrent venous thromboembolism, major bleeding, post-thrombotic complications, venous patency and venous function.</P>
</ABS_OBJECTIVES>
    <ABS_SEARCH_STRATEGY>
<P>For this update<I> </I>the Cochrane Peripheral Vascular Diseases Group Trials Search Co-ordinator searched the Specialised Register (last searched April 2013) and CENTRAL (2013, Issue 4).</P>
</ABS_SEARCH_STRATEGY>
    <ABS_SELECTION_CRITERIA>
<P>Randomised controlled trials (RCTs) examining thrombolysis and anticoagulation versus anticoagulation for acute DVT were considered.</P>
</ABS_SELECTION_CRITERIA>
    <ABS_DATA_COLLECTION>
<P>In the previous review of 2010, one review author (LW) selected trials, extracted data and assessed study quality, with checking at all stages by the other review author (MPA). If necessary, we sought additional information from trialists. For this update (2013), LW and CB selected trials, extracted data independently, and sought advice from MPA where necessary. All studies, existing and new, required full risk of bias assessment in line with current Cochrane procedures. Two of LW, CB and MA independently assessed risk of bias with discussion with the third author where necessary.</P>
</ABS_DATA_COLLECTION>
    <ABS_RESULTS>
<P>Seventeen studies with 1103 participants were included. Complete clot lysis occurred significantly more often in the treatment group in early follow up (risk ratio (RR) 4.91; 95% confidence interval (CI) 1.66 to 14.53, P = 0.004) and at intermediate follow up (RR 2.37; 95% CI 1.48 to 3.80, P = 0.0004). A similar effect was seen for any degree of improvement in venous patency. Significantly less PTS occurred in those receiving thrombolysis, (RR 0.64; 95% CI 0.52 to 0.79, P &lt; 0.0001). Leg ulceration was reduced although the data were limited by small numbers (RR 0.48; 95% CI 0.12 to 1.88, P = 0.29). Those receiving thrombolysis had significantly more bleeding complications (RR 2.23; 95% CI 1.41 to 3.52, P = 0.0006). Three strokes occurred in the treatment group, all in trials conducted pre-1990, and none in the control group. There was no significant effect on mortality detected at either early or intermediate follow up. Data on the occurrence of pulmonary embolism (PE) and recurrent DVT were inconclusive. Systemic thrombolysis is now not commonly used and catheter-directed thrombolysis (CDT) is the more favoured means of administration. This has been studied in iliofemoral DVT, and results from two trials are consistent with those from trials of systemic thrombolysis in DVT at other levels of occlusion.</P>
</ABS_RESULTS>
    <ABS_CONCLUSIONS>
<P>Thrombolysis increases the patency of veins and reduces the incidence of PTS following proximal DVT by a third. Strict eligibility criteria are necessary to reduce the risk of bleeding complications and this limits the applicability of this treatment. In those who are treated there is a small increased risk of bleeding. In recent years CDT is the most studied route of administration, and results appear to be similar to systemic administration.</P>
</ABS_CONCLUSIONS>
  </ABSTRACT>
</DOC>
