<?xml version="1.0"?>
<DOC>
  <TITLE TRANSLATED="NO">Dilute versus full strength formula in exclusively formula-fed preterm or low birth weight infants</TITLE>
  <SUMMARY TRANSLATED="NO">
    <SUMMARY_TITLE>Dilute versus full strength formula in exclusively formula-fed preterm or low birth weight infants</SUMMARY_TITLE>
    <SUMMARY_BODY>
<P>Babies born prematurely (at less than 37 weeks gestation) or with a low birth weight (less than 2500 grams) have special feeding requirements. Preterm babies are often fed with formula milk because breast milk is not always available. The provision of artificial feeds varies considerably in preterm babies and there is concern that introducing full strength formulas too early may lead to the retention of feed in the stomach which is associated with feeding intolerance and the severe bowel disorder, necrotising enterocolitis. This review looked at whether dilute formula milk is more effective than full strength formula milk in the initial feeding of preterm babies. The evidence for this review is current up to February 2013. Three studies were included in the review, one small, low-quality trial in 50 preterm infants; a second small, moderate quality trial in 38 preterm infants and a third very small trial of unclear quality in 14 preterm infants. The trials found that infants receiving dilute formula achieved full energy intake earlier than infants receiving full strength formula (20 kcal/oz) and experienced fewer episodes of feeding intolerance. A lack of data on other important outcomes, such as the incidence of necrotising enterocolitis and weight gain, limits the usefulness of the studies and highlights areas that need to be addressed in future trials.</P>
</SUMMARY_BODY>
  </SUMMARY>
  <ABSTRACT TRANSLATED="NO">
    <ABS_BACKGROUND>
<P>Preterm infants have fewer nutrient reserves at birth than full term infants and often receive artificial formula feeds in the absence of expressed breast milk. Although it is generally agreed that feeding must be initiated slowly and advanced with much greater deliberation than in a healthy, full term infant, the way in which feeds are introduced and advanced in preterm infants varies widely. This review focuses on whether dilute or full strength formula is the preferable mode of introducing feeds in preterm infants.<BR/>
</P>
</ABS_BACKGROUND>
    <ABS_OBJECTIVES>
<P>To assess the effects of dilute versus full strength formula on the incidence of necrotising enterocolitis, feeding intolerance, weight gain, length of stay and time to achieve full calorie intake in exclusively formula-fed preterm or low birth weight infants. A secondary objective was to assess the effects of different dilution strategies.</P>
</ABS_OBJECTIVES>
    <ABS_SEARCH_STRATEGY>
<P>We used the standard search methods of the Cochrane Neonatal Review Group. This included searches of the Cochrane Central Register of Controlled Trials (<I>The</I> <I>Cochrane</I> <I>Library</I> 2013, Issue 1), MEDLINE (1946 to February 2013) and EMBASE (1974 to February 2013).</P>
</ABS_SEARCH_STRATEGY>
    <ABS_SELECTION_CRITERIA>
<P>Randomised or quasi-randomised trials comparing strengths of formula milk in exclusively formula-fed preterm or low birth weight infants. Studies were excluded if infants received formula as a supplement to breast milk.</P>
</ABS_SELECTION_CRITERIA>
    <ABS_DATA_COLLECTION>
<P>We independently assessed studies for inclusion. We collected data using the standard methods of the Cochrane Neonatal Review Group, with independent assessment of risk of bias and data extraction. We synthesised mean differences using a fixed-effect meta-analysis model.</P>
</ABS_DATA_COLLECTION>
    <ABS_RESULTS>
<P>Three studies involving 102 preterm or low birth weight infants were included in the review. The studies compared dilute (double volume, half strength) formula with full strength (20 kcal/oz) formula. We assessed all three studies as being at unclear risk of bias due to the likely absence of blinding of study personnel and the potential for selection bias in the largest trial. Data for the primary outcome of necrotising enterocolitis were not reported in any of the studies. Two of the studies (88 infants) could be combined in the meta-analysis. Infants in the dilute formula with double volume (half strength) group had significantly fewer episodes of feeding intolerance. Infants in the dilute formula with double volume (half strength) group had fewer episodes of gastric residuals per day (one study, mean difference (MD) -1.20, 95% confidence interval (CI) -2.2 to -0.2), fewer episodes of gastric residuals per baby until attaining 100 kcal/kg (one study, MD -0.80, 95% CI -1.32 to -0.28), fewer episodes of vomiting per day (one study, MD -0.04, 95% CI -0.07 to -0.01) and fewer occurrences of abdominal distension greater than 2 cm (two studies, MD -0.16, 95% CI -0.19 to -0.13). For the secondary outcomes, infants in the dilute formula with double volume (half strength) group attained an adequate energy intake significantly earlier than infants in the full strength group (two studies, MD -2.26, 95% CI -2.85 to -1.67). For weight gain one week after commencement of intragastric feeds, the difference between groups was not statistically significant (one study, MD 0.05 kg, 95% CI -0.06 to 0.15). Data were not reported for length of hospital stay.</P>
</ABS_RESULTS>
    <ABS_CONCLUSIONS>
<P>There is evidence from three small, old trials at unclear risk of bias that use of dilute formula in preterm or low birth weight formula-fed infants leads to an important reduction in the time taken for these infants to attain an adequate energy intake. There was no evidence of important differences in feeding intolerance. The impact on serious gastrointestinal problems, including necrotising enterocolitis, was not reported. Further randomised trials are needed to confirm these results.</P>
</ABS_CONCLUSIONS>
  </ABSTRACT>
</DOC>
