<?xml version="1.0"?>
<DOC>
  <TITLE TRANSLATED="NO">Interventions for Mooren's ulcer</TITLE>
  <SUMMARY TRANSLATED="NO">
    <SUMMARY_TITLE>Interventions for Mooren's ulcer</SUMMARY_TITLE>
    <SUMMARY_BODY>
<P>Mooren's ulcer is inflammation that occurs at the edge of the cornea (clear part of the front of the eye). Its cause is unknown. It is very painful and can or will lead to loss of vision if untreated. It occurs worldwide and affects all age groups. It is diagnosed by excluding other causes of ulcerations at the edge of the cornea such as chronic inflammation of the joints due to rheumatoid arthritis. Mooren's ulcer can be treated both medically and surgically. Medical treatment includes the use of drugs such as steroids and non-steroidal anti-inflammatories. Surgical methods include resection of the conjunctiva (the thin clear tissue that covers the surface of the eye) from the cornea, removal of dead cornea tissue and cornea transplant. We set out to determine the best available intervention for the treatment of Mooren’s ulcer by looking for randomised controlled trials (RCTs) comparing one form of treatment to another; and treatment versus no treatment. The electronic database searches did not find any RCTs on the treatment of Mooren’s ulcer. This review recommends the need for well conducted RCTs for both medical and surgical interventions for Mooren’s ulcer. These trials should look at outcomes such as number of participants that healed against those that did not, what percentage of area healed and the speed at which healing took place.<BR/>
</P>
</SUMMARY_BODY>
  </SUMMARY>
  <ABSTRACT TRANSLATED="NO">
    <ABS_BACKGROUND>
<P>Mooren's ulcer is a chronic, painful peripheral ulcer of the cornea. Its cause is unknown but it can or will lead to loss of vision if untreated. Severe pain is common in patients with Mooren's ulcer and the eye(s) may be intensely reddened, inflamed and photophobic, with tearing. The disease is rare in the northern hemisphere but more common in southern and central Africa, China and the Indian subcontinent. There are a number of treatments used such as anti-inflammatory drugs (steroidal and non-steroidal), cytotoxic drugs (topical and systemic), conjunctivectomy and cornea debridement (superficial keratectomy). There is no evidence to show which is the most effective amongst these treatment modalities.</P>
</ABS_BACKGROUND>
    <ABS_OBJECTIVES>
<P>The aim of this systematic review is to assess the effectiveness of the various interventions (medical and surgical) for Mooren's ulcer.</P>
</ABS_OBJECTIVES>
    <ABS_SEARCH_STRATEGY>
<P>We searched CENTRAL (which contains the Cochrane Eyes and Vision Group Trials Register) (<I>The Cochrane Library</I> 2013, Issue 5), Ovid MEDLINE, Ovid MEDLINE In-Process and Other Non-Indexed Citations, Ovid MEDLINE Daily, Ovid OLDMEDLINE (January 1946 to June 2013), EMBASE (January 1980 to June 2013), Latin American and Caribbean Literature on Health Sciences (LILACS) (January 1982 to June 2013), the <I>meta</I>Register of Controlled Trials (<I>m</I>RCT) (<A HREF="http://www.controlled-trials.com/">www.controlled-trials.com</A>), ClinicalTrials.gov (<A HREF="http://www.clinicaltrials.gov/">www.clinicaltrials.gov</A>) and the WHO International Clinical Trials Registry Platform (ICTRP) (<A HREF="http://www.who.int/ictrp/search/en">www.who.int/ictrp/search/en</A>). We did not use any date or language restrictions in the electronic searches for trials. We last searched the electronic databases on 4 June 2013.</P>
</ABS_SEARCH_STRATEGY>
    <ABS_SELECTION_CRITERIA>
<P>We planned to include randomised controlled trials (RCTs) or discuss any prospective non-RCTs in the absence of any RCTs. The trials included would be of people of any age or gender diagnosed with Mooren's ulcer and all interventions (medical and surgical) would be considered.</P>
</ABS_SELECTION_CRITERIA>
    <ABS_DATA_COLLECTION>
<P>Two authors screened the search results independently; we found no studies that met our inclusion criteria.</P>
</ABS_DATA_COLLECTION>
    <ABS_RESULTS>
<P> As we found no studies that met our inclusion criteria, we highlighted important considerations for conducting RCTs in the future in this area.</P>
</ABS_RESULTS>
    <ABS_CONCLUSIONS>
<P>We found no evidence in the form of RCTs to assess the treatment effect for the various interventions for Mooren's ulcer. High quality RCTs that compare medical or surgical interventions across different demographics are needed. Such studies should make use of various outcome measures, (i.e. healed versus not healed, percentage of area healed, speed of healing etc.) as well as ensuring high quality randomisation and data analysis, as highlighted in this review .</P>
</ABS_CONCLUSIONS>
  </ABSTRACT>
</DOC>
