<?xml version="1.0"?>
<DOC>
  <TITLE TRANSLATED="NO">Preoperative education for hip or knee replacement</TITLE>
  <SUMMARY TRANSLATED="NO">
    <SUMMARY_TITLE>Preoperative education for hip or knee replacement</SUMMARY_TITLE>
    <SUMMARY_BODY>
<P>
<B>Background</B> - <B>what is preoperative education?</B>
</P>
<P>Preoperative education refers to any educational intervention delivered before surgery that aims to improve people's knowledge, health behaviours and health outcomes. The content of preoperative education varies across settings, but frequently comprises discussion of presurgical procedures, the actual steps in the surgical procedure, postoperative care, potential stressful scenarios associated with surgery, potential surgical and non-surgical complications, postoperative pain management and movements to avoid post-surgery. Education is often provided by physiotherapists, nurses or members of multidisciplinary teams, including psychologists. The format of education ranges from one-to-one verbal communication, patient group sessions, or video or booklet with no verbal communication.</P>
<P>
<B>Study characteristics</B>
</P>
<P>This summary of a Cochrane review presents what we know from research on whether preoperative education improves outcomes (e.g. pain, function) compared with usual care in people receiving hip or knee replacement. After searching for all relevant studies to May 2013, we included nine new studies since the last review, giving a total of 18 studies (1463 participants); 13 trials included 1074 people (73% of the total) undergoing hip replacement, three involved people undergoing knee replacement and two included both people with hip and knee replacements. Most participants were women (59%) and the mean age of participants was within the range of 58 to 73 years</P>
<P>
<B>Key results - what happens to people who have preoperative education compared with people who have usual care for hip replacement</B>
<BR/>
</P>
<P>
<U>Postoperative anxiety (lower scores mean less anxiety):</U>
</P>
<P>People with hip replacement who had preoperative education had postoperative anxiety at six weeks that was 2.28 points lower (ranging from 5.68 points lower to 1.12 points higher) (4% absolute improvement, ranging from 10% improvement to 2% worsening).<BR/>- People who had usual care for hip replacement rated their postoperative anxiety score as 32.16 points on a scale of 20 to 80 points.</P>
<P>
<U>Pain (lower scores mean less pain):</U>
</P>
<P>People with hip replacement who had preoperative education had pain at up to three months that was 0.34 points lower (ranging from 0.94 points lower to 0.26 points higher) (3% absolute improvement, ranging from 9% improvement to 3% worsening).<BR/>- People who had usual care for hip replacement rated their pain score as 3.1 points on a scale of 0 to 10 points.</P>
<P>
<U>Function (lower scores mean better function or less disability):</U>
</P>
<P>People with hip replacement who had preoperative education had function at 3 to 24 months that was 4.84 points lower (ranging from 10.23 points lower to 0.66 points higher) (7% absolute improvement, ranging from 15% improvement to 1% worsening).<BR/>- People who had usual care for hip replacement rated their function score as 18.4 points on a scale of 0 to 68 points.</P>
<P>
<U>Side effects:</U>
</P>
<P>About 5 fewer people out of 100 had adverse events (such as infection or deep vein thrombosis) with preoperative education compared with usual care but this estimate is uncertain.<BR/>- 18 out of 100 people reported adverse events with preoperative education for hip replacement.<BR/>- 23 out of 100 people reported adverse events with usual care for hip replacement.</P>
<P>
<B>Quality of the evidence</B>
</P>
<P>This review shows that in people receiving hip or knee replacement who are provided with preoperative education:</P>
<P>There is low-quality evidence suggesting that preoperative education may not improve pain, function, health-related quality of life and postoperative anxiety any more than usual care. Further research is very likely to have an important impact on our confidence in these estimates and is likely to change the estimates.</P>
<P>Health-related quality of life, global assessment of treatment success and re-operation rates were not reported.</P>
<P>We are uncertain whether preoperative education results in any fewer adverse events, such as infection or deep vein thrombosis, compared with usual care, due to the very low quality evidence.</P>
</SUMMARY_BODY>
  </SUMMARY>
  <ABSTRACT TRANSLATED="NO">
    <ABS_BACKGROUND>
<P>Hip or knee replacement is a major surgical procedure that can be physically and psychologically stressful for patients. It is hypothesised that education before surgery reduces anxiety and enhances clinically important postoperative outcomes.</P>
</ABS_BACKGROUND>
    <ABS_OBJECTIVES>
<P>To determine whether preoperative education in people undergoing total hip replacement or total knee replacement improves postoperative outcomes with respect to pain, function, health-related quality of life, anxiety, length of hospital stay and the incidence of adverse events (e.g. deep vein thrombosis).</P>
</ABS_OBJECTIVES>
    <ABS_SEARCH_STRATEGY>
<P>We searched the Cochrane Central Register of Controlled Trials (2013, Issue 5), MEDLINE (1966 to May 2013), EMBASE (1980 to May 2013), CINAHL (1982 to May 2013), PsycINFO (1872 to May 2013) and PEDro to July 2010. We handsearched the <I>Australian Journal of Physiotherapy</I> (1954 to 2009) and reviewed the reference lists of included trials and other relevant reviews.</P>
</ABS_SEARCH_STRATEGY>
    <ABS_SELECTION_CRITERIA>
<P>Randomised or quasi-randomised trials of preoperative education (verbal, written or audiovisual) delivered by a health professional within six weeks of surgery to people undergoing hip or knee replacement compared with usual care.</P>
</ABS_SELECTION_CRITERIA>
    <ABS_DATA_COLLECTION>
<P>Two review authors independently assessed trial quality and extracted data. We analysed dichotomous outcomes using risk ratios. We combined continuous outcomes using mean differences (MD) or standardised mean differences (SMD) with 95% confidence intervals (CI). Where possible, we pooled data using a random-effects meta-analysis.</P>
</ABS_DATA_COLLECTION>
    <ABS_RESULTS>
<P>We included 18 trials (1463 participants) in the review. Thirteen trials involved people undergoing hip replacement, three involved people undergoing knee replacement and two included both people with hip and knee replacements. Only six trials reported using an adequate method of allocation concealment, and only two trials blinded participants. Few trials reported sufficient data to analyse the major outcomes of the review (pain, function, health-related quality of life, global assessment, postoperative anxiety, total adverse events and re-operation rate). There did not appear to be an effect of time on any outcome, so we chose to include only the latest time point available per outcome in the review.</P>
<P>In people undergoing hip replacement, preoperative education may not offer additional benefits over usual care. The mean postoperative anxiety score at six weeks with usual care was 32.16 on a 60-point scale (lower score represents less anxiety) and was 2.28 points lower with preoperative education (95% confidence interval (CI) -5.68 to 1.12; 3 RCTs, 264 participants, low-quality evidence), an absolute risk difference of -4% (95% CI -10% to 2%). The mean pain score up to three months postoperatively with usual care was 3.1 on a 10-point scale (lower score represents less pain) and was 0.34 points lower with preoperative education (95% CI -0.94 to 0.26; 3 RCTs, 227 participants; low-quality evidence), an absolute risk difference of -3% (95% CI -9% to 3%). The mean function score at 3 to 24 months postoperatively with usual care was 18.4 on a 68-point scale (lower score represents better function) and was 4.84 points lower with preoperative education (95% CI -10.23 to 0.66; 4 RCTs, 177 participants; low-quality evidence), an absolute risk difference of -7% (95% CI -15% to 1%). The number of people reporting adverse events, such as infection and deep vein thrombosis, did not differ between groups, but the effect estimates are uncertain due to very low quality evidence (23% (17/75) reported events with usual care versus 18% (14/75) with preoperative education; risk ratio (RR) 0.79; 95% CI 0.19 to 3.21; 2 RCTs, 150 participants). Health-related quality of life, global assessment of treatment success and re-operation rates were not reported.</P>
<P>In people undergoing knee replacement, preoperative education may not offer additional benefits over usual care. The mean pain score at 12 months postoperatively with usual care was 80 on a 100-point scale (lower score represents less pain) and was 2 points lower with preoperative education (95% CI -3.45 to 7.45; 1 RCT, 109 participants), an absolute risk difference of -2% (95% CI -4% to 8%). The mean function score at 12 months postoperatively with usual care was 77 on a 100-point scale (lower score represents better function) and was no different with preoperative education (0; 95% CI -5.63 to 5.63; 1 RCT, 109 participants), an absolute risk difference of 0% (95% CI -6% to 6%). The mean health-related quality of life score at 12 months postoperatively with usual care was 41 on a 100-point scale (lower score represents worse quality of life) and was 3 points lower with preoperative education (95% CI -6.38 to 0.38; 1 RCT, 109 participants), an absolute risk difference of -3% (95% CI -6% to 1%). The number of people reporting adverse events, such as infection and deep vein thrombosis, did not differ between groups (18% (11/60) reported events with usual care versus 13% (7/55) with preoperative education; RR 0.69; 95% CI 0.29 to 1.66; 1 RCT, 115 participants), an absolute risk difference of -6% (-19% to 8%). Global assessment of treatment success, postoperative anxiety and re-operation rates were not reported.</P>
</ABS_RESULTS>
    <ABS_CONCLUSIONS>
<P>Although preoperative education is embedded in the consent process, we are unsure if it offers benefits over usual care in terms of reducing anxiety, or in surgical outcomes, such as pain, function and adverse events. Preoperative education may represent a useful adjunct, with low risk of undesirable effects, particularly in certain patients, for example people with depression, anxiety or unrealistic expectations, who may respond well to preoperative education that is stratified according to their physical, psychological and social need.</P>
</ABS_CONCLUSIONS>
  </ABSTRACT>
</DOC>
