<?xml version="1.0"?>
<DOC>
  <TITLE TRANSLATED="NO">Sumatriptan plus naproxen for acute migraine attacks in adults</TITLE>
  <SUMMARY TRANSLATED="NO">
    <SUMMARY_TITLE>Sumatriptan plus naproxen for acute migraine attacks in adults</SUMMARY_TITLE>
    <SUMMARY_BODY>
<P>Migraine is a complex condition with a wide variety of symptoms. For many people, the main feature is a painful headache. Other symptoms include disturbed vision; sensitivity to light, sound, and smells; feeling sick; and vomiting.</P>
<P>Both non-steroidal anti-inflammatory drugs (NSAIDs) and the triptan class of drugs are used to treat migraine headaches. This review examined how well naproxen (an NSAID) and sumatriptan (a triptan) work when combined together. On 2 August 2013, we looked for clinical trials where sumatriptan plus naproxen was used to treat migraine headache. We found 12 good quality studies with about 9300 people.</P>
<P>The combination of sumatriptan plus naproxen was more effective than placebo for relieving acute migraine headache in adults. The combination was also better than the same dose of either drug given alone. When the starting headache intensity was mild, 5 in 10 (50%) of those people treated with the combination were pain-free at two hours compared with about 2 in 10 (18%) with placebo. Almost 6 in 10 (58%) of those people with moderate or severe pain who were treated with the combination had pain reduced to mild or none at two hours, compared with 3 in 10 (27%) with placebo. Results were 5 in 10 (52%) people with sumatriptan alone or about 4 in 10 (44%) with naproxen alone. Headaches were more successfully treated when medication was taken early in an attack when pain was mild. The combination was better than placebo or either drug alone for relief of other migraine symptoms (nausea, sensitivity to light or sound) and loss of ability to function normally. Adverse events of dizziness, tingling or burning of the skin, sleepiness (somnolence), nausea, indigestion (dyspepsia), dry mouth, and chest discomfort were more common with sumatriptan (alone or in combination) than with placebo or naproxen. They were generally of mild to moderate severity and rarely led to withdrawal from the studies.</P>
<P>The combination of sumatriptan plus naproxen was useful for treating migraine in the studies we found. It was not a lot better than using sumatriptan alone, but it was much better than using naproxen alone.</P>
</SUMMARY_BODY>
  </SUMMARY>
  <ABSTRACT TRANSLATED="NO">
    <ABS_BACKGROUND>
<P>Migraine is a common disabling condition and a burden for the individual, health services, and society. Effective abortive treatments include the triptan and non-steroidal anti-inflammatory classes of drugs. These drugs have different mechanisms of action and combining them may provide better relief. Sumatriptan plus naproxen is now available in combination form for the acute treatment of migraine.</P>
</ABS_BACKGROUND>
    <ABS_OBJECTIVES>
<P>To determine the efficacy and tolerability of sumatriptan plus naproxen (administered together as separate tablets or taken as a fixed-dose combination tablet) compared with placebo and other active interventions for the acute treatment of migraine headaches in adults.</P>
</ABS_OBJECTIVES>
    <ABS_SEARCH_STRATEGY>
<P>We searched the Cochrane Central Register of Controlled Trials (CENTRAL) on <I>The Cochrane Library</I>, MEDLINE, and EMBASE, together with two online databases (www.gsk-clinicalstudyregister.com and www.clinicaltrials.gov) for studies to 2 August 2013. We also searched the reference list of included studies and relevant reviews.</P>
</ABS_SEARCH_STRATEGY>
    <ABS_SELECTION_CRITERIA>
<P>We included randomised, double-blind, placebo- or active-controlled studies, with at least 10 participants per treatment arm, using sumatriptan plus naproxen to treat a migraine headache episode.</P>
</ABS_SELECTION_CRITERIA>
    <ABS_DATA_COLLECTION>
<P>Two review authors independently assessed trial quality and extracted data. We used numbers of participants achieving each outcome to calculate risk ratio and numbers needed to treat to benefit (NNT) or harm (NNH) compared with placebo or a different active treatment.</P>
</ABS_DATA_COLLECTION>
    <ABS_RESULTS>
<P>We included 12 studies using sumatriptan 85 mg or 50 mg plus naproxen 500 mg to treat attacks of mild, moderate, or severe pain intensity: 3663 participants received combination treatment, 3682 placebo, 964 sumatriptan, and 982 naproxen. No studies were considered to be at high risk of bias for any of the criteria evaluated. </P>
<P>Overall, the combination was better than placebo for pain-free and headache relief responses. At two hours, the NNT for pain-free response was 3.1 when the baseline pain was mild (50% response with sumatriptan plus naproxen compared with 18% with placebo), and 4.9 when baseline pain was moderate or severe (28% with sumatriptan plus naproxen compared with 8% with placebo)<I> </I>(RR 3.65 (95% CI 3.0 to 4.5); high quality evidence). Using 50 mg of sumatriptan, rather than 85 mg, in the combination did not significantly change the result. Treating early, when pain was still mild, was significantly better than treating once pain was moderate or severe for pain-free responses at two hours and during the 24 hours post dose. Adverse events were mostly mild or moderate in severity and rarely led to withdrawal; they were more common with the combination than with placebo.</P>
<P>Where the data allowed direct comparison, combination treatment was superior to either monotherapy, but adverse events were less frequent with naproxen than sumatriptan.</P>
</ABS_RESULTS>
    <ABS_CONCLUSIONS>
<P>Combination treatment was effective in the acute treatment of migraine headaches. The effect was greater than for the same dose of either sumatriptan or naproxen alone, but additional benefits over sumatriptan alone are not large. More participants achieved good relief when medication was taken early in the attack, when pain was still mild. Adverse events were more common with the combination and sumatriptan alone than with placebo or naproxen alone.</P>
</ABS_CONCLUSIONS>
  </ABSTRACT>
</DOC>
