<?xml version="1.0"?>
<DOC>
  <TITLE TRANSLATED="NO">Methods of intraperitoneal local anaesthetic instillation for laparoscopic cholecystectomy</TITLE>
  <SUMMARY TRANSLATED="NO">
    <SUMMARY_TITLE>Methods of intra-abdominal local anaesthetic administration in people undergoing laparoscopic cholecystectomy</SUMMARY_TITLE>
    <SUMMARY_BODY>
<P>
<B>Background</B>
</P>
<P>About 10% to 15% of the adult western population have gallstones. Between 1% and 4% become symptomatic each year. Removal of the gallbladder (cholecystectomy) is the mainstay treatment for symptomatic gallstones. More than half a million cholecystectomies are performed per year in the US alone. Laparoscopic cholecystectomy (removal of gallbladder through a keyhole, also known as port) is now the preferred method of cholecystectomy. Pain is one the major reasons for delayed hospital discharge after laparoscopic cholecystectomy. Administration of local anaesthetics (drugs that numb part of the body, similar to the ones used by the dentist to prevent the people from feeling pain) into the tummy (abdomen) is considered to be an effective way of decreasing the pain after laparoscopic cholecystectomy. However, the best method of administration of local anaesthetics is not known. The controversies include which drug to use, when to administer it, whether it should be administered in the form of liquid or in the form of misty spray, and to which part of the tummy it should be administered. We sought to answer these questions by reviewing the medical literature and obtaining information from randomised clinical trials for assessment of benefit. When conducted well, such studies provide the most accurate information on the best treatment. We included comparative non-randomised studies for the assessment of treatment-related harms. Two authors searched the literature and obtained information from the studies thereby minimising errors.</P>
<P>
<B>Study characteristics</B>
</P>
<P>We identified 12 randomised clinical trials involving 798 people undergoing planned laparoscopic cholecystectomy. The trials compared different methods addressing the various controversies mentioned above. The choice of the method of administration of the local anaesthetic was determined by a method similar to the toss of a coin so that the treatments compared were conducted in participants who were as similar as possible.</P>
<P>
<B>Key results</B>
</P>
<P>There were no deaths or serious complications in either group in the comparisons that reported these. None of the trials reported quality of life, the time taken to return to normal activity, or the time taken to return to work. The differences in hospital stay between the methods being compared was imprecise in all the comparisons that reported hospital stay. Although there were some differences in the pain scores on the visual analogue scale (a chart that rates the amount of pain on a scale of 1 to 10 cm), these differences were neither consistent nor robust to different methods of statistical analysis. The evidence currently available is inadequate to determine the effects of one method of local anaesthetic intraperitoneal instillation compared with any other method of local anaesthetic intraperitoneal instillation in low anaesthetic risk individuals undergoing elective laparoscopic cholecystectomy.</P>
<P>
<B>Quality of evidence</B>
</P>
<P>Most of the trials were of high risk of bias, that is, there is possibility of arriving at wrong conclusions overestimating benefits or underestimating harms of one method or the other because of the way that the study was conducted. The overall quality of evidence was very low.</P>
<P>
<B>Future research</B>
</P>
<P>Further trials are necessary. Such trials should include outcomes such as quality of life, the time taken to return to normal activity, and the time taken to return to work, which are important for the person undergoing the procedure and the people who provide funds for the treatment.</P>
</SUMMARY_BODY>
  </SUMMARY>
  <ABSTRACT TRANSLATED="NO">
    <ABS_BACKGROUND>
<P>Intraperitoneal local anaesthetic instillation may decrease pain in people undergoing laparoscopic cholecystectomy. However, the optimal method to administer the local anaesthetic is unknown.</P>
</ABS_BACKGROUND>
    <ABS_OBJECTIVES>
<P>To determine the optimal local anaesthetic agent, the optimal timing, and the optimal delivery method of the local anaesthetic agent used for intraperitoneal instillation in people undergoing laparoscopic cholecystectomy.</P>
</ABS_OBJECTIVES>
    <ABS_SEARCH_STRATEGY>
<P>We searched the Cochrane Central Register of Controlled Trials (CENTRAL), MEDLINE, EMBASE, Science Citation Index Expanded, and the World Health Organization International Clinical Trials Registry Platform portal (WHO ICTRP) to March 2013 to identify randomised clinical trials for assessment of benefit and comparative non-randomised studies for the assessment of treatment-related harms.</P>
</ABS_SEARCH_STRATEGY>
    <ABS_SELECTION_CRITERIA>
<P>We considered only randomised clinical trials (irrespective of language, blinding, or publication status) comparing different methods of local anaesthetic intraperitoneal instillation during laparoscopic cholecystectomy for the review.</P>
</ABS_SELECTION_CRITERIA>
    <ABS_DATA_COLLECTION>
<P>Two review authors collected the data independently. We analysed the data with both fixed-effect and random-effects models using Review Manager 5 analysis. For each outcome, we calculated the risk ratio (RR) or mean difference (MD) with 95% confidence intervals (CI).</P>
</ABS_DATA_COLLECTION>
    <ABS_RESULTS>
<P>We included 12 trials with 798 participants undergoing elective laparoscopic cholecystectomy randomised to different methods of intraperitoneal local anaesthetic instillation. All the trials were at high risk of bias. Most trials included only people with low anaesthetic risk. The comparisons included in the trials that met the eligibility criteria were the following; comparison of one local anaesthetic agent with another local anaesthetic agent (three trials); comparison of timing of delivery (six trials); comparison of different methods of delivery of the anaesthetic agent (two trials); comparison of location of the instillation of the anaesthetic agent (one trial); three trials reported mortality and morbidity.<BR/>There were no mortalities or serious adverse events in either group in the following comparisons: bupivacaine (0/100 (0%)) versus lignocaine (0/106 (0%)) (one trial; 206 participants); just after creation of pneumoperitoneum (0/55 (0%)) versus end of surgery (0/55 (0%)) (two trials; 110 participants); just after creation of pneumoperitoneum (0/15 (0%)) versus after the end of surgery (0/15 (0%)) (one trial; 30 participants); end of surgery (0/15 (0%)) versus after the end of surgery (0/15 (0%)) (one trial; 30 participants).<BR/>None of the trials reported quality of life, the time taken to return to normal activity, or the time taken to return to work. The differences in the proportion of people who were discharged as day-surgery and the length of hospital stay were imprecise in all the comparisons included that reported these outcomes (very low quality evidence). There were some differences in the pain scores on the visual analogue scale (1 to 10 cm) but these were neither consistent nor robust to fixed-effect versus random-effects meta-analysis or sensitivity analysis.</P>
</ABS_RESULTS>
    <ABS_CONCLUSIONS>
<P>The currently available evidence is inadequate to determine the effects of one method of local anaesthetic intraperitoneal instillation compared with any other method of local anaesthetic intraperitoneal instillation in low anaesthetic risk individuals undergoing elective laparoscopic cholecystectomy. Further randomised clinical trials of low risk of systematic and random errors are necessary. Such trials should include important clinical outcomes such as quality of life and time to return to work in their assessment.</P>
</ABS_CONCLUSIONS>
  </ABSTRACT>
</DOC>
