<?xml version="1.0"?>
<DOC>
  <TITLE TRANSLATED="NO">Deep brain and cortical stimulation for epilepsy</TITLE>
  <SUMMARY TRANSLATED="NO">
    <SUMMARY_TITLE>Intracranial electrical stimulation to treat drug-resistant epilepsy</SUMMARY_TITLE>
    <SUMMARY_BODY>
<P>Despite many antiepileptic drugs being available, about 30% of epilepsy patients are not seizure-free. Electrical stimulation through intracranially implanted electrodes has been proposed as an alternative treatment for these patients. This review aimed to evaluate its efficacy, safety and tolerability. Various brain structures have been targeted with scheduled (that is seizure-independent) stimulation, including the anterior thalamic nucleus (1 trial, 109 participants), the centromedian thalamic nucleus (2 trials, 20 participants), the cerebellar cortex (3 trials, 22 participants) and the hippocampus (3 trials, 15 participants). In addition, one trial (191 participants) studied responsive stimulation (that is only upon seizure detection) of the seizure onset zone. There is evidence for moderate (15% to 30%) seizure frequency reduction after short-term (one to three months) anterior thalamic nucleus stimulation in (multi)focal epilepsy, hippocampal stimulation in temporal lobe epilepsy, and responsive seizure onset zone stimulation in (multi)focal epilepsy. However, there is no evidence for significant impact on seizure freedom, the proportion of patients with a greater than 50% seizure frequency reduction, or quality of life. Adverse effects of anterior thalamic stimulation include self-reported depression and subjective memory impairment, and possibly anxiety and confusional state. Responsive seizure onset zone stimulation was well tolerated with few side effects but the sudden unexplained death in epilepsy (SUDEP) rate was slightly elevated in the (for this purpose) small trial and should be closely monitored in further studies. There is insufficient evidence to make firm conclusive statements on the efficacy or side effects of hippocampal, centromedian thalamic and cerebellar cortical stimulation. Intracranial implantation of the electrodes was relatively safe without permanent symptomatic sequelae in the patients included in the trials. More larger and well-designed trials on intracranial electrical stimulation treatments are needed to validate and optimize its efficacy and safety and to compare this treatment to currently available treatments (for example antiepileptic drugs).</P>
</SUMMARY_BODY>
  </SUMMARY>
  <ABSTRACT TRANSLATED="NO">
    <ABS_BACKGROUND>
<P>Despite optimal medical treatment, including epilepsy surgery, many epilepsy patients have uncontrolled seizures. In the last decades, interest has grown in invasive intracranial neurostimulation as a treatment for these patients. Intracranial stimulation includes both deep brain stimulation (DBS) (stimulation through depth electrodes) and cortical stimulation (subdural electrodes).</P>
</ABS_BACKGROUND>
    <ABS_OBJECTIVES>
<P>To assess the efficacy, safety and tolerability of deep brain and cortical stimulation for refractory epilepsy based on randomized controlled trials.</P>
</ABS_OBJECTIVES>
    <ABS_SEARCH_STRATEGY>
<P>We searched PubMed (6 August 2013), the Cochrane Epilepsy Group Specialized Register (31 August 2013), Cochrane Central Register of Controlled Trials (CENTRAL) (<I>The Cochrane Library</I> 2013, Issue 7 of 12) and reference lists of retrieved articles. We also contacted device manufacturers and other researchers in the field. No language restrictions were imposed.</P>
</ABS_SEARCH_STRATEGY>
    <ABS_SELECTION_CRITERIA>
<P>Randomized controlled trials (RCTs) comparing deep brain or cortical stimulation to sham stimulation, resective surgery or further treatment with antiepileptic drugs.</P>
</ABS_SELECTION_CRITERIA>
    <ABS_DATA_COLLECTION>
<P>Four review authors independently selected trials for inclusion. Two review authors independently extracted the relevant data and assessed trial quality and overall quality of evidence. The outcomes investigated were seizure freedom, responder rate, percentage seizure frequency reduction, adverse events, neuropsychological outcome and quality of life. If additional data were needed, the study investigators were contacted. Results were analysed and reported separately for different intracranial targets for reasons of clinical heterogeneity.</P>
</ABS_DATA_COLLECTION>
    <ABS_RESULTS>
<P>Ten RCTs comparing one to three months of intracranial neurostimulation to sham stimulation were identified. One trial was on anterior thalamic DBS (n = 109; 109 treatment periods); two trials on centromedian thalamic DBS (n = 20; 40 treatment periods), but only one of the trials (n = 7; 14 treatment periods) reported sufficient information for inclusion in the quantitative meta-analysis; three trials on cerebellar stimulation (n = 22; 39 treatment periods); three trials on hippocampal DBS (n = 15; 21 treatment periods); and one trial on responsive ictal onset zone stimulation (n = 191; 191 treatment periods). Evidence of selective reporting was present in four trials and the possibility of a carryover effect complicating interpretation of the results could not be excluded in 4 cross-over trials without any washout period.<BR/>
<BR/>Moderate-quality evidence could not demonstrate statistically or clinically significant changes in the proportion of patients who were seizure-free or experienced a 50% or greater reduction in seizure frequency (primary outcome measures) after 1 to 3 months of anterior thalamic DBS in (multi)focal epilepsy, responsive ictal onset zone stimulation in (multi)focal epilepsy patients and hippocampal DBS in (medial) temporal lobe epilepsy. However, a statistically significant reduction in seizure frequency was found for anterior thalamic DBS (-17.4% compared to sham stimulation; 95% confidence interval (CI) -32.1 to -1.0; high-quality evidence), responsive ictal onset zone stimulation (-24.9%; 95% CI -40.1 to 6.0; high-quality evidence) ) and hippocampal DBS (-28.1%; 95% CI -34.1 to -22.2; moderate-quality evidence). Both anterior thalamic DBS and responsive ictal onset zone stimulation do not have a clinically meaningful impact on quality life after three months of stimulation (high-quality evidence).<BR/>
<BR/>Electrode implantation resulted in asymptomatic intracranial haemorrhage in 3% to 4% of the patients included in the two largest trials and 5% to 13% had soft tissue infections; no patient reported permanent symptomatic sequelae. Anterior thalamic DBS was associated with fewer epilepsy-associated injuries (7.4 versus 25.5%; P = 0.01) but higher rates of self-reported depression (14.8 versus 1.8%; P = 0.02) and subjective memory impairment (13.8 versus 1.8%; P = 0.03); there were no significant differences in formal neuropsychological testing results between the groups. Responsive ictal-onset zone stimulation was well tolerated with few side effects but SUDEP rate should be closely monitored in the future (4 per 340 [= 11.8 per 1000] patient-years; literature: 2.2-10 per 1000 patient-years). The limited number of patients preclude firm statements on safety and tolerability of hippocampal DBS.<BR/>
<BR/>With regards to centromedian thalamic DBS and cerebellar stimulation, no statistically significant effects could be demonstrated but evidence is of only low to very low quality.<BR/>
</P>
</ABS_RESULTS>
    <ABS_CONCLUSIONS>
<P>Only short term RCTs on intracranial neurostimulation for epilepsy are available. Compared to sham stimulation, one to three months of anterior thalamic DBS ((multi)focal epilepsy), responsive ictal onset zone stimulation ((multi)focal epilepsy) and hippocampal DBS (temporal lobe epilepsy) moderately reduce seizure frequency in refractory epilepsy patients. Anterior thalamic DBS is associated with higher rates of self-reported depression and subjective memory impairment. SUDEP rates require careful monitoring in patients undergoing responsive ictal onset zone stimulation. There is insufficient evidence to make firm conclusive statements on the efficacy and safety of hippocampal DBS, centromedian thalamic DBS and cerebellar stimulation. There is a need for more, large and well-designed RCTs to validate and optimize the efficacy and safety of invasive intracranial neurostimulation treatments.</P>
</ABS_CONCLUSIONS>
  </ABSTRACT>
</DOC>
