<?xml version="1.0"?>
<DOC>
  <TITLE TRANSLATED="NO">Incentive spirometry for prevention of postoperative pulmonary complications in upper abdominal surgery</TITLE>
  <SUMMARY TRANSLATED="NO">
    <SUMMARY_TITLE>Incentive spirometry for prevention of postoperative pulmonary complications after upper abdominal surgery</SUMMARY_TITLE>
    <SUMMARY_BODY>
<P>
<B>Background</B>
</P>
<P>Previous studies have suggested that between 17% and 88% of people having surgery on the upper abdomen will suffer complications that affect their lungs after the operation (postoperative pulmonary complications). The lung volume tends to fall after such surgeries. These complications can be made less likely and less severe with the careful use of treatments designed to encourage breathing in (inspiration) and thus increasing the volume of the lungs, as these volumes tend to fall after such surgeries. Incentive spirometers are mechanical devices developed to help people take long, deep, and slow breaths to increase lung inflation.</P>
<P>
<B>Objective</B>
</P>
<P>We reviewed the evidence about the effect of incentive spirometry (IS), compared to no intervention or other therapy, to prevent postoperative pulmonary complications (for example, pneumonia, fever, death) in people following upper abdominal surgery.</P>
<P>
<B>Study characteristics</B>
</P>
<P>We included adults (aged 18 years and above) admitted for any type of upper abdominal surgery. The evidence is current to August 2013. We found 12 studies with a total of 1834 participants. The maximum period of time that a patient was followed by the doctor was seven days postoperatively. The quality of the included studies was uncertain because of poor reporting in the published articles.</P>
<P>
<B>Key results</B>
</P>
<P>The following results were examined in this review: clinical complications, respiratory failure (that is, inadequate gas exchange by the respiratory system), and pulmonary complications. The results from participants receiving IS were the same as for those receiving either no treatment, deep breathing exercises (DBE) or physiotherapy in the meta-analyses for clinical complications, respiratory failure, and pulmonary complications.</P>
<P>
<B>Quality of evidence</B>
</P>
<P>Because of poorly conducted studies (results not similar across studies; some issues with study design and; not enough data collected and organized) we ranked the overall quality of the evidence reported in this review as low.</P>
<P>
<B>Conclusion and future research</B>
</P>
<P>There is low quality evidence showing a lack of effectiveness of incentive spirometry for prevention of postoperative pulmonary complications in patients after upper abdominal surgery. This review underlines the urgent need to conduct well-designed trials in this field.</P>
</SUMMARY_BODY>
  </SUMMARY>
  <ABSTRACT TRANSLATED="NO">
    <ABS_BACKGROUND>
<P>This is an update of a Cochrane Review first published in <I>The Cochrane Library</I> 2008, Issue 3.</P>
<P>Upper abdominal surgical procedures are associated with a high risk of postoperative pulmonary complications. The risk and severity of postoperative pulmonary complications can be reduced by the judicious use of therapeutic manoeuvres that increase lung volume. Our objective was to assess the effect of incentive spirometry compared to no therapy or physiotherapy, including coughing and deep breathing, on all-cause postoperative pulmonary complications and mortality in adult patients admitted to hospital for upper abdominal surgery.</P>
</ABS_BACKGROUND>
    <ABS_OBJECTIVES>
<P>Our primary objective was to assess the effect of incentive spirometry (IS), compared to no such therapy or other therapy, on postoperative pulmonary complications and mortality in adults undergoing upper abdominal surgery.</P>
<P>Our secondary objectives were to evaluate the effects of IS, compared to no therapy or other therapy,<B> </B>on other postoperative complications, adverse events, and spirometric parameters.</P>
</ABS_OBJECTIVES>
    <ABS_SEARCH_STRATEGY>
<P>We searched the Cochrane Central Register of Controlled Trials (CENTRAL) (<I>The Cochrane Library</I> 2013, Issue 8), MEDLINE, EMBASE, and LILACS (from inception to August 2013). There were no language restrictions. The date of the most recent search was 12 August 2013. The original search was performed in June 2006.</P>
</ABS_SEARCH_STRATEGY>
    <ABS_SELECTION_CRITERIA>
<P>We included randomized controlled trials (RCTs) of IS in adult patients admitted for any type of upper abdominal surgery, including patients undergoing laparoscopic procedures.</P>
</ABS_SELECTION_CRITERIA>
    <ABS_DATA_COLLECTION>
<P>Two authors independently assessed trial quality and extracted data.</P>
</ABS_DATA_COLLECTION>
    <ABS_RESULTS>
<P>We included 12 studies with a total of 1834 participants in this updated review. The methodological quality of the included studies was difficult to assess as it was poorly reported, so the predominant classification of bias was 'unclear'; the studies did not report on compliance with the prescribed therapy. We were able to include data from only 1160 patients in the meta-analysis. Four trials (152 patients) compared the effects of IS with no respiratory treatment. We found no statistically significant difference between the participants receiving IS and those who had no respiratory treatment for clinical complications (relative risk (RR) 0.59, 95% confidence interval (CI) 0.30 to 1.18). Two trials (194 patients) IS compared incentive spirometry with deep breathing exercises (DBE). We found no statistically significant differences between the participants receiving IS and those receiving DBE in the meta-analysis for respiratory failure (RR 0.67, 95% CI 0.04 to 10.50). Two trials (946 patients) compared IS with other chest physiotherapy. We found no statistically significant differences between the participants receiving IS compared to those receiving physiotherapy in the risk of developing a pulmonary condition or the type of complication. There was no evidence that IS is effective in the prevention of pulmonary complications.</P>
</ABS_RESULTS>
    <ABS_CONCLUSIONS>
<P>There is low quality evidence regarding the lack of effectiveness of incentive spirometry for prevention of postoperative pulmonary complications in patients after upper abdominal surgery. This review underlines the urgent need to conduct well-designed trials in this field. There is a case for large RCTs with high methodological rigour in order to define any benefit from the use of incentive spirometry regarding mortality.</P>
</ABS_CONCLUSIONS>
  </ABSTRACT>
</DOC>
