<?xml version="1.0"?>
<DOC>
  <TITLE TRANSLATED="NO">Pregabalin add-on for drug-resistant partial epilepsy</TITLE>
  <SUMMARY TRANSLATED="NO">
    <SUMMARY_TITLE>Pregabalin add-on for drug-resistant partial epilepsy</SUMMARY_TITLE>
    <SUMMARY_BODY>
<P>Use of pregabalin in combination with other antiepileptic drugs can reduce the frequency of seizures, but has some adverse effects. The overall evidence for reducing seizures was rated as moderate in quality.</P>
<P>Approximately one in 400 people have epileptic seizures that continue despite antiepileptic drug treatment. This review summarises data from six trials that included a total of 2009 participants. In addition to their usual antiepileptic drugs, participants were randomised to take pregabalin (an antiepileptic drug) or control drug. Results showed that patients taking pregabalin were two to three times more likely to reduce their seizure frequency by more than 50% than those taking placebo and two to three times more likely to increase seizure freedom over a 12-week interval. Pregabalin was shown to be effective across a range of doses (150 mg to 600 mg) with increasing effectiveness at higher doses. There was also an increasing likelihood of treatment withdrawal. Side effects associated with pregabalin included co-ordination problems, dizziness, sleepiness, and weight gain.</P>
<P>All included studies were rated as low or unclear in risk of bias. Overall, the risk of bias was rated as unclear due to a suspicion of publication bias. Publication bias may occur when studies that report non-significant findings are not published. In this review, authors suspected this bias because all the included studies showed significant findings and they were all sponsored by the same drug company. Evidence was further rated as moderate in quality for the primary outcome of seizure reduction.</P>
<P>A limitation of this review is that there are no data regarding the longer-term effectiveness of pregabalin and this should be investigated in future studies.</P>
</SUMMARY_BODY>
  </SUMMARY>
  <ABSTRACT TRANSLATED="NO">
    <ABS_BACKGROUND>
<P>Epilepsy is a common chronic neurological disease with an estimated prevalence of 1% in the UK. Approximately one third of these people continue to have seizures despite drug treatment. In order to try to improve outcomes a number of new antiepileptic drugs have been developed and pregabalin is one of these. This review is an update of a previous Cochrane review (<A HREF="Pulman 2008">Pulman 2008</A>); no further studies have been added since the previous update in 2012 and only one study has been identified as an ongoing trial.</P>
</ABS_BACKGROUND>
    <ABS_OBJECTIVES>
<P>To summarise evidence from randomised controlled trials regarding the efficacy and tolerability of pregabalin when used as an add-on antiepileptic treatment in drug-resistant partial epilepsy. The definitions of drug resistance used were those employed by the authors of the included trials.</P>
</ABS_OBJECTIVES>
    <ABS_SEARCH_STRATEGY>
<P>We searched the Cochrane Epilepsy Group Specialized Register (Jan 2014), CENTRAL (the Cochrane Central Register of Controlled Trials, <I>The Cochrane Library</I> 2013, Issue 12), MEDLINE (Ovid, 1946 to 09/01/2014) and contacted Pfizer Ltd. (the manufacturers of pregabalin) to identify published, unpublished and ongoing trials.</P>
</ABS_SEARCH_STRATEGY>
    <ABS_SELECTION_CRITERIA>
<P>We included randomised controlled trials comparing pregabalin with placebo or an alternative antiepileptic drug for people with drug-resistant partial epilepsy. Outcomes included 50% or greater reduction in seizure frequency, seizure freedom, treatment withdrawal for any reason, treatment withdrawal for adverse events and nature of adverse events.</P>
</ABS_SELECTION_CRITERIA>
    <ABS_DATA_COLLECTION>
<P>Two review authors (JP and AGM) independently selected and assessed suitable trials and extracted data. Primary analyses were by intention-to-treat (ITT). Results are presented as risk ratios (RR) with 95% confidence intervals (CI). Included studies were assessed for risk of bias by two authors using the Cochrane 'Risk of bias' tool.</P>
</ABS_DATA_COLLECTION>
    <ABS_RESULTS>
<P>Six suitable industry-sponsored trials (2009 participants) were identified and included in the analysis. Trials tested doses of pregabalin ranging from 50 mg/day to 600 mg/day. For the primary outcome, 50% or higher seizure reduction was significantly more likely in patients randomised to pregabalin than to placebo (RR 2.61; 95% CI 1.70 to 4.01). A dose-response analysis suggested increasing effect with increasing dose. Pregabalin was significantly associated with seizure freedom (RR 2.59; 95% CI 1.05 to 6.36). Patients were significantly more likely to have withdrawn from pregabalin treatment than placebo treatment for any reason (RR 1.39; 95% CI 1.13 to 1.72) or for adverse effects (RR 2.69; 95% CI 1.88 to 3.86). Ataxia, dizziness, somnolence and weight gain were significantly associated with pregabalin. The odds of response doubled with an increase in dose from 300 mg/day to 600 mg/day (OR 2.12; 95% CI 1.76 to 2.54). Overall, the evidence was rated as low/unclear risk of bias due to the possibility of publication bias. The quality of the evidence was rated as moderate using the GRADE approach.</P>
</ABS_RESULTS>
    <ABS_CONCLUSIONS>
<P>Pregabalin, when used as an add-on drug for treatment-resistant partial epilepsy, is significantly more effective than placebo at achieving a 50% or greater seizure reduction and significantly increasing seizure freedom. Results demonstrate efficacy for doses from 150 mg/day to 600 mg/day, with increasing effectiveness at 600 mg doses. The trials included in this review were of short duration and longer-term trials are needed to inform clinical decision making better.</P>
</ABS_CONCLUSIONS>
  </ABSTRACT>
</DOC>
