<?xml version="1.0"?>
<DOC>
  <TITLE TRANSLATED="NO">Rapid diagnostic tests versus clinical diagnosis for managing people with fever in malaria endemic settings</TITLE>
  <SUMMARY TRANSLATED="NO">
    <SUMMARY_TITLE>Rapid diagnostic tests versus clinical diagnosis for managing fever in settings where malaria is common</SUMMARY_TITLE>
    <SUMMARY_BODY>
<P>Cochrane Collaboration researchers conducted a review of the effects of introducing rapid diagnostic tests (RDTs) for diagnosing malaria in areas where diagnosis has traditionally been based on clinical symptoms alone. After searching for relevant trials, they included seven randomized controlled trials, which enrolled 17,505 people with fever.</P>
<P>
<I>
<B>What are RDTs and how might they improve patient care</B>
</I>
</P>
<P>RDTs are simple to use diagnostic kits which can detect the parasites that cause malaria from one drop of the patient's blood. They do not require laboratory facilities or extensive training, and can provide a simple positive or negative result within 20 minutes, making them suitable for use in rural areas of Africa where most malaria cases occur.</P>
<P>Improving malaria diagnosis by introducing RDTs is unlikely to improve the health outcomes of people with true malaria as they would probably have received antimalarials even if the health worker was relying on clinical symptoms alone. However, for patients with fever not due to malaria, RDTs could improve health outcomes by prompting the health worker to look for and treat the true cause of their fever earlier.</P>
<P>
<I>
<B>What the research says</B>
</I>
</P>
<P>In these trials, diagnosis using RDTs had little or no effect on the number of people remaining unwell four to seven days after treatment (<I>low quality evidence</I>).</P>
<P>However, using RDTs reduced the prescription of antimalarials by up to three-quarters (<I>moderate quality evidence</I>), and this reduction was highest where health workers only prescribed antimalarials following a positive test, and where malaria was less common.</P>
<P>Using RDTs to support diagnosis did not have a consistent effect on the prescription of antibiotics, with some trials showing an increase in antibiotic prescription and some showing a decrease (<I>very low quality evidence</I>).</P>
<P>Use of RDTs did not result in more patients with malaria being incorrectly diagnosed as not having malaria and being sent home without treatment (<I>low quality evidence</I>).</P>
</SUMMARY_BODY>
  </SUMMARY>
  <ABSTRACT TRANSLATED="NO">
    <ABS_BACKGROUND>
<P>In 2010, the World Health Organization recommended that all patients with suspected malaria are tested for malaria before treatment. In rural African settings light microscopy is often unavailable. Diagnosis has relied on detecting fever, and most people were given antimalarial drugs presumptively. Rapid diagnostic tests (RDTs) provide a point-of-care test that may improve management, particularly of people for whom the RDT excludes the diagnosis of malaria.</P>
</ABS_BACKGROUND>
    <ABS_OBJECTIVES>
<P>To evaluate whether introducing RDTs into algorithms for diagnosing and treating people with fever improves health outcomes, reduces antimalarial prescribing, and is safe, compared to algorithms using clinical diagnosis.</P>
</ABS_OBJECTIVES>
    <ABS_SEARCH_STRATEGY>
<P>We searched the Cochrane Infectious Disease Group Specialized Register; CENTRAL<I> </I>(The Cochrane Library); MEDLINE; EMBASE; CINAHL; LILACS; and the metaRegister of Controlled Trials for eligible trials up to 10 January 2014. We contacted researchers in the field and reviewed the reference lists of all included trials to identify any additional trials.</P>
</ABS_SEARCH_STRATEGY>
    <ABS_SELECTION_CRITERIA>
<P>Individual or cluster randomized trials (RCTs) comparing RDT-supported algorithms and algorithms using clinical diagnosis alone for diagnosing and treating people with fever living in malaria-endemic settings.</P>
</ABS_SELECTION_CRITERIA>
    <ABS_DATA_COLLECTION>
<P>Two authors independently applied the inclusion criteria and extracted data. We combined data from individually and cluster RCTs using the generic inverse variance method. We presented all outcomes as risk ratios (RR) with 95% confidence intervals (CIs), and assessed the quality of evidence using the GRADE approach.</P>
</ABS_DATA_COLLECTION>
    <ABS_RESULTS>
<P>We included seven trials, enrolling 17,505 people with fever or reported history of fever in this review; two individually randomized trials and five cluster randomized trials. All trials were conducted in rural African settings.</P>
<P>In most trials the health workers diagnosing and treating malaria were nurses or clinical officers with less than one week of training in RDT supported diagnosis. Health worker prescribing adherence to RDT results was highly variable: the number of participants with a negative RDT result who received antimalarials ranged from 0% to 81%.</P>
<P>Overall, RDT supported diagnosis had little or no effect on the number of participants remaining unwell at four to seven days after treatment (6990 participants, five trials, <I>low quality evidence</I>); but using RDTs reduced prescribing of antimalarials by up to three-quarters (17,287 participants, seven trials, <I>moderate quality evidence</I>). As would be expected, the reduction in antimalarial prescriptions was highest where health workers adherence to the RDT result was high, and where the true prevalence of malaria was lower.</P>
<P>Using RDTs to support diagnosis did not have a consistent effect on the prescription of antibiotics, with some trials showing higher antibiotic prescribing and some showing lower prescribing in the RDT group (13,573 participants, five trials, <I>very low quality evidence</I>).</P>
<P>One trial reported malaria microscopy on all enrolled patients in an area of moderate endemicity, so we could compare the number of patients in the RDT and clinical diagnosis groups that actually had microscopy confirmed malaria infection but did not receive antimalarials. No difference was detected between the two diagnostic strategies (1280 participants, one trial, <I>low quality evidence</I>).</P>
</ABS_RESULTS>
    <ABS_CONCLUSIONS>
<P>Algorithms incorporating RDTs can substantially reduce antimalarial prescribing if health workers adhere to the test results. Introducing RDTs has not been shown to improve health outcomes for patients, but adherence to the test result does not seem to result in worse clinical outcomes than presumptive treatment.</P>
<P>Concentrating on improving the care of RDT negative patients could improve health outcomes in febrile children.</P>
</ABS_CONCLUSIONS>
  </ABSTRACT>
</DOC>
