<?xml version="1.0"?>
<DOC>
  <TITLE TRANSLATED="NO">Psychological interventions for depression in adolescent and adult congenital heart disease</TITLE>
  <SUMMARY TRANSLATED="NO">
    <SUMMARY_TITLE>Psychological treatments for depression in young adults and adults born with heart problems</SUMMARY_TITLE>
    <SUMMARY_BODY>
<P>Sometimes young adults and adults who are born with heart problems grow up and have depression. Treatments to help them other than anti-depressant drugs include psychotherapy, cognitive behavioural therapies and talking therapies. Benefits of having treatment may include improved quality of life, and disadvantages of having treatment may include more severe depression and lower quality of life. Our objective was to update the previous review on the effects (both harms and benefits) of psychological interventions for treating depression in young adults and adults with congenital heart disease. Psychological interventions include cognitive behavioural therapy, psychotherapy, or 'talking/counselling' therapy for depression. We updated the previous searches up to February 2013 and found no evidence from randomised controlled trials about the effects of psychotherapy, cognitive behavioural therapies and talking therapies for treating depression in adults or young adults born with heart disease. A well-designed randomised controlled trial is needed to assess the effects of psychological interventions for depression in congenital heart disease.</P>
</SUMMARY_BODY>
  </SUMMARY>
  <ABSTRACT TRANSLATED="NO">
    <ABS_BACKGROUND>
<P>Adult and adolescent congenital heart disease is increasing in prevalence as better medical care means more children are surviving to adulthood. People with chronic disease often also experience depression. There are several non-pharmacological treatments that might be effective in treating depression and improving quality of life for adults and young adults with congenital heart disease. The aim of this review was to assess the effects of treatments such as psychotherapy, cognitive behavioural therapies and talking therapies for treating depression in this population.</P>
</ABS_BACKGROUND>
    <ABS_OBJECTIVES>
<P>To update the previous review on the effects (both harms and benefits) of psychological interventions for treating depression in young adults and adults with congenital heart disease. Psychological interventions include cognitive behavioural therapy, psychotherapy, or 'talking/counselling' therapy for depression.</P>
</ABS_OBJECTIVES>
    <ABS_SEARCH_STRATEGY>
<P>We updated the searches of the Cochrane Central Register of Controlled Trials (CENTRAL) on <I>The Cochrane Library</I> (Issue 1, 2013), MEDLINE (OVID, 1946 to January week 4 2013), EMBASE (OVID, 1980 to 2013 week 05), PsycINFO (OVID, 1806 to January week 5 2013), the Database of Abstracts of Reviews of Effectiveness (DARE) on <I>The Cochrane Library</I> (Issue 1, 2013), BIOSIS (Thomson Reuters, 1969 to 21 February 2013), and CINAHL (January 1980 to February 2013) on 5 February 2013. We did not search abstracts from national and international cardiology and psychology conferences and dissertation abstracts for this update. No language restrictions were applied.<BR/>
</P>
</ABS_SEARCH_STRATEGY>
    <ABS_SELECTION_CRITERIA>
<P>Randomised controlled trials comparing psychological interventions with no intervention for people over 15 years with depression who have congenital heart disease.</P>
</ABS_SELECTION_CRITERIA>
    <ABS_DATA_COLLECTION>
<P>Two review authors independently screened titles and abstracts of studies that were potentially relevant to the review. We rejected studies that were clearly ineligible. Two review authors independently assessed the abstracts or full papers for inclusion criteria. We sought further information from the authors where papers contained insufficient information to make a decision about eligibility.</P>
</ABS_DATA_COLLECTION>
    <ABS_RESULTS>
<P>We did not identify any randomised controlled trials that met the inclusion criteria.</P>
</ABS_RESULTS>
    <ABS_CONCLUSIONS>
<P>Depression is common in people with congenital heart disease and can exacerbate the physical consequences of the illness. There are effective pharmacological and non-pharmacological treatments for depression, but we have not been able to identify any trials showing the effectiveness of non-pharmacological treatments. A well-designed randomised controlled trial is needed to assess the effects of psychological interventions for depression in congenital heart disease.</P>
</ABS_CONCLUSIONS>
  </ABSTRACT>
</DOC>
