<?xml version="1.0"?>
<DOC>
  <TITLE TRANSLATED="NO">Probiotics for prevention of necrotizing enterocolitis in preterm infants</TITLE>
  <SUMMARY TRANSLATED="NO">
    <SUMMARY_TITLE>Probiotics for prevention of necrotizing enterocolitis in preterm infants</SUMMARY_TITLE>
    <SUMMARY_BODY>
<P>Necrotizing enterocolitis (NEC) is a serious disease that affects the bowel of premature infants in the first few weeks of life. Although the cause of NEC is not entirely known, milk feeding and bacterial growth play a role. Probiotics (dietary supplements containing potentially beneficial bacteria or yeast) have been used to prevent NEC. Our review of studies found that the use of probiotics reduces the occurrence of NEC and death in premature infants born weighing less than 1500 grams. There is insufficient data with regard to the benefits and potential adverse effects in the most at risk infants weighing less than 1000 grams at birth.</P>
</SUMMARY_BODY>
  </SUMMARY>
  <ABSTRACT TRANSLATED="NO">
    <ABS_BACKGROUND>
<P>Necrotizing enterocolitis (NEC) and nosocomial sepsis are associated with increased morbidity and mortality in preterm infants. Through prevention of bacterial migration across the mucosa, competitive exclusion of pathogenic bacteria, and enhancing the immune responses of the host, prophylactic enteral probiotics (live microbial supplements) may play a role in reducing NEC and the associated morbidity.</P>
</ABS_BACKGROUND>
    <ABS_OBJECTIVES>
<P>To compare the efficacy and safety of prophylactic enteral probiotics administration versus placebo or no treatment in the prevention of severe NEC or sepsis, or both, in preterm infants.</P>
</ABS_OBJECTIVES>
    <ABS_SEARCH_STRATEGY>
<P>For this update, searches were made of MEDLINE (1966 to October 2013), EMBASE (1980 to October 2013), the Cochrane Central Register of Controlled Trials (CENTRAL) in <I>The Cochrane Library</I> (2013, Issue 10), and abstracts of annual meetings of the Society for Pediatric Research (1995 to 2013).</P>
</ABS_SEARCH_STRATEGY>
    <ABS_SELECTION_CRITERIA>
<P>Only randomized or quasi-randomized controlled trials that enrolled preterm infants &lt; 37 weeks gestational age or &lt; 2500 g birth weight, or both, were considered. Trials were included if they involved enteral administration of any live microbial supplement (probiotics) and measured at least one prespecified clinical outcome.</P>
</ABS_SELECTION_CRITERIA>
    <ABS_DATA_COLLECTION>
<P>Standard methods of The Cochrane Collaboration and its Neonatal Group were used to assess the methodologic quality of the trials and for data collection and analysis.</P>
</ABS_DATA_COLLECTION>
    <ABS_RESULTS>
<P>Twenty-four eligible trials were included. Included trials were highly variable with regard to enrolment criteria (that is birth weight and gestational age), baseline risk of NEC in the control groups, timing, dose, formulation of the probiotics, and feeding regimens. In a meta-analysis of trial data, enteral probiotics supplementation significantly reduced the incidence of severe NEC (stage II or more) (typical relative risk (RR) 0.43, 95% confidence interval (CI) 0.33 to 0.56; 20 studies, 5529 infants) and mortality (typical RR 0.65, 95% CI 0.52 to 0.81; 17 studies, 5112 infants). There was no evidence of significant reduction of nosocomial sepsis (typical RR 0.91, 95% CI 0.80 to 1.03; 19 studies, 5338 infants). The included trials reported no systemic infection with the supplemental probiotics organism. Probiotics preparations containing either lactobacillus alone or in combination with bifidobacterium were found to be effective.</P>
</ABS_RESULTS>
    <ABS_CONCLUSIONS>
<P>Enteral supplementation of probiotics prevents severe NEC and all cause mortality in preterm infants. Our updated review of available evidence strongly supports a change in practice. Head to head comparative studies are required to assess the most effective preparations, timing, and length of therapy to be utilized.</P>
</ABS_CONCLUSIONS>
  </ABSTRACT>
</DOC>
