<?xml version="1.0"?>
<DOC>
  <TITLE TRANSLATED="NO">Tocolytics for preterm premature rupture of membranes</TITLE>
  <SUMMARY TRANSLATED="NO">
    <SUMMARY_TITLE>Tocolytics for preterm premature rupture of membranes</SUMMARY_TITLE>
    <SUMMARY_BODY>
<P>Preterm premature rupture of membranes (PPROM) accounts for one-third of preterm births. Infants who are born before 37 weeks may suffer from problems related to prematurity, including death. Medications that aim to stop labor are often given in an attempt to prevent preterm birth. It is unclear whether these medications should be used in women with PPROM. This review of eight studies (involving 408 women) found that these medications do not effect perinatal death, but do increase latency and may increase maternal (e.g., chorioamnionitis) and neonatal morbidity (e.g., five-minute Apgar of less than seven and increased need for ventilation of the neonate).</P>
</SUMMARY_BODY>
  </SUMMARY>
  <ABSTRACT TRANSLATED="NO">
    <ABS_BACKGROUND>
<P>In women with preterm labor, tocolysis has not been shown to improve perinatal mortality; however, it is often given for 48 hours to allow for the corticosteroid effect for fetal maturation. In women with preterm premature rupture of membranes (PPROM), the use of tocolysis is still controversial. In theory, tocolysis may prolong pregnancy in women with PPROM, thereby allowing for the corticosteroid benefit and reducing the morbidity and mortality associated with prematurity.</P>
</ABS_BACKGROUND>
    <ABS_OBJECTIVES>
<P>To assess the potential benefits and harms of tocolysis in women with preterm premature rupture of membranes.</P>
</ABS_OBJECTIVES>
    <ABS_SEARCH_STRATEGY>
<P>We searched the Cochrane Pregnancy and Childbirth Group's Trials Register (15 January 2014).</P>
</ABS_SEARCH_STRATEGY>
    <ABS_SELECTION_CRITERIA>
<P>We included pregnant women with singleton pregnancies and PPROM (23 weeks to 36 weeks and six days). We included any tocolytic therapy compared to no tocolytic, placebo, or another tocolytic.</P>
</ABS_SELECTION_CRITERIA>
    <ABS_DATA_COLLECTION>
<P>All review authors assessed the studies for inclusion. We extracted and quality assessed data.</P>
</ABS_DATA_COLLECTION>
    <ABS_RESULTS>
<P>We included eight studies with a total of 408 women. Seven of the studies compared tocolysis to no tocolysis. One study compared nifedipine to terbutaline. Compared to no tocolysis, tocolysis was not associated with a significant effect on perinatal mortality in women with PPROM (risk ratio (RR) 1.67; 95% confidence interval (CI) 0.85 to 3.29). Tocolysis was associated with longer latency (mean difference (MD) 73.12 hours; 95% CI 20.21 to 126.03; three trials of 198 women) and fewer births within 48 hours (average RR 0.55; 95% CI 0.32 to 0.95; six trials of 354 women; random-effects, Tau² = 0.18, I² = 43%) compared to no tocolysis. However, tocolysis was associated with increased five-minute Apgar of less than seven (RR 6.05; 95% CI 1.65 to 22.23; two trials of 160 women) and increased need for ventilation of the neonate (RR 2.46; 95% CI 1.14 to 5.34; one trial of 81 women). In the subgroup analysis comparing betamimetic to no betamimetics, tocolysis was associated with increased latency and borderline significance for chorioamnionitis. Prophylactic tocolysis with PPROM was associated with increased overall latency, without additional benefits for maternal/neonatal outcomes. For women with PPROM before 34 weeks, there was a significantly increased risk of chorioamnionitis in women who received tocolysis. However, neonatal outcomes were not significantly different. There were no significant differences in maternal/neonatal outcomes in subgroup analyses comparing cox inhibitor versus no tocolysis, calcium channel blocker versus betamimetic, antibiotic, corticosteroid or combined antibiotic/corticosteroid.</P>
</ABS_RESULTS>
    <ABS_CONCLUSIONS>
<P>Our review suggests there is insufficient evidence to support tocolytic therapy for women with PPROM, as there was an increase in maternal chorioamnionitis without significant benefits to the infant. However, studies did not consistently administer latency antibiotics and corticosteroids, both of which are now considered standard of care.</P>
</ABS_CONCLUSIONS>
  </ABSTRACT>
</DOC>
