<?xml version="1.0"?>
<DOC>
  <TITLE TRANSLATED="NO">Retention versus sacrifice of the posterior cruciate ligament in total knee arthroplasty for treating osteoarthritis</TITLE>
  <SUMMARY TRANSLATED="NO">
    <SUMMARY_TITLE>Retention versus sacrifice of the posterior cruciate ligament in total knee replacement for the treatment of osteoarthritis</SUMMARY_TITLE>
    <SUMMARY_BODY>
<P>Researchers in The Cochrane Collaboration have conducted a review of two types of knee replacement surgery for people with knee osteoarthritis. In one type, the posterior cruciate ligament is kept and in the other, it is removed. After searching for all relevant studies, they found 17 studies with up to 1810 patients.</P>
<P>
<B>The review shows that in people with osteoarthritis who have the posterior cruciate ligament preserved during total knee replacement surgery:</B>
</P>
<P>- this may not improve their range of motion, pain, function and patient satisfaction compared with removing the ligament.</P>
<P>We do not have precise information about side effects and complications, especially rare but serious side effects. Possible side effects may include infection, pain, and the need to have further surgery.</P>
<P>
<B>What is osteoarthritis and what is the posterior cruciate ligament?</B>
</P>
<P>Osteoarthritis (OA) is a disease of the joints, such as your knee or hip. When the joint loses cartilage, the bone may grow abnormally to try and repair the damage and make things worse. For example, it can make the joint painful and unstable. This can affect your physical function or ability to use your knee.</P>
<P>In some people, damage and pain in the knee from arthritis may be severe enough to require surgery. In total knee replacement surgery, a surgeon removes the damaged joint surface and replaces it with a metal and plastic implant.</P>
<P>The posterior cruciate ligament provides support and stable movement of the knee. In total knee replacement surgery, the posterior cruciate ligament can be kept in place or removed. This choice depends on the condition of the ligament, the type of total knee replacement selected or preference of the surgeon. When the ligament is removed, a special peg is used to provide stability and give your knee forward and backward movement with the tibia stabilised in relation to the femur.</P>
<P>
<B>What happens to people who have the posterior cruciate ligament preserved or removed during total knee replacement surgery</B>
</P>
<P>
<B>Range of motion </B>(range of motion is the distance your knee can move from being bent to being fully extended. A lower range of motion is worse; you can’t bend or stretch your knee fully)</P>
<P>- People who had their posterior cruciate ligament preserved had 2 ° less range of motion compared to those who had it removed. This may be a result of chance <BR/>- People who had their posterior cruciate ligament removed had a range of motion of 118 ° of a possible 0 ° to 140 °<BR/>- People who had their posterior cruciate ligament preserved had a range of motion of 116 ° of a possible 0 ° to 140 °</P>
<P>
<B>Knee pain (lower score means worse pain)</B>
</P>
<P>- People who had their posterior cruciate ligament preserved rated their pain to be the same as those who had it removed. This may be a result of chance</P>
<P>
<I>- </I>People who had their posterior cruciate ligament preserved or removed rated their pain to be 48 on a scale of 0 to 50</P>
<P>
<B>Health related quality of life and functional measures (higher means worse)</B>
</P>
<P>- People who had their posterior cruciate ligament preserved rated their quality of life to be 1 point worse than those who had it removed. This may be a result of chance</P>
<P>
<I>- </I>People who had their posterior cruciate ligament preserved rated their quality of life to be 16 on a scale of 0 to 100</P>
<P>- People who had their posterior cruciate ligament removed rated their quality of life to be 15 on a scale of 0 to 100</P>
<P>
<B>Patient satisfaction (lower means worse)</B>
</P>
<P>- People who had their posterior cruciate ligament preserved rated their satisfaction the same as those who had it removed. This may be a result of chance</P>
<P>
<I>-</I> People who had their posterior cruciate ligament preserved or removed rated their satisfaction to be 8 on a scale of 0 to 10</P>
<P>
<B>Complications and the need to have further surgery</B>
</P>
<P>- There were no differences in the number of revision surgeries, complications, or other further surgeries in people who had their posterior cruciate ligament preserved or removed.
</P>
<P/>
</SUMMARY_BODY>
  </SUMMARY>
  <ABSTRACT TRANSLATED="NO">
    <ABS_BACKGROUND>
<P>The functional and clinical basis on which to choose whether or not to retain the posterior cruciate ligament during total knee arthroplasty surgery remained unclear after a Cochrane systematic review and meta-analysis in 2005, which contained eight clinical trials. Several new trials have been conducted since then. Hence, an update of the review was performed.</P>
</ABS_BACKGROUND>
    <ABS_OBJECTIVES>
<P>Our aim was to assess the benefits and harms of retention compared to sacrifice of the posterior cruciate ligament in total knee arthroplasty in patients with osteoarthritis of the knee.</P>
</ABS_OBJECTIVES>
    <ABS_SEARCH_STRATEGY>
<P>An extensive search was conducted in CENTRAL, MEDLINE (PubMed), EMBASE, Web of Science, CINAHL, Academic Search Premier, Current Contents Connect and Science Direct. All databases were searched, without any limitations, up to 6 December 2012. References of the articles were checked and citation tracking was performed.</P>
</ABS_SEARCH_STRATEGY>
    <ABS_SELECTION_CRITERIA>
<P>Randomised and quasi-randomised controlled trials comparing retention with sacrifice of the posterior cruciate ligament in primary total knee arthroplasty in patients with osteoarthritis of the knee.</P>
</ABS_SELECTION_CRITERIA>
    <ABS_DATA_COLLECTION>
<P>Data were collected with a pre-developed form. Risk of bias was assessed independently by two authors (WV, LB). The level of evidence was graded using the GRADE approach. Meta-analysis was performed by pooling the results of the selected studies, when possible. Subgroup analyses were performed for posterior cruciate ligament retention versus sacrifice using the same total knee arthroplasty design, and for studies using a posterior cruciate ligament retaining or posterior stabilised design, and when sufficient studies were available subgroup analyses were performed for the same brand.</P>
</ABS_DATA_COLLECTION>
    <ABS_RESULTS>
<P>Seventeen randomised controlled trials (with 1810 patients and 2206 knees) were found, described in 18 articles. Ten of these were new studies compared to the previous Cochrane Review. One study from the original Cochrane review was excluded. Most new studies compared a posterior cruciate ligament retaining design with a posterior stabilised design, in which the posterior cruciate ligament is sacrificed (a posterior stabilised design has an insert with a central post which can engage on a femoral cam during flexion).</P>
<P>The quality of evidence (graded with the GRADE approach) and the risk of bias were highly variable, ranging from moderate to low quality evidence and with unclear or low risk of bias for most domains, respectively.</P>
<P>The performance outcome 'range of motion' was 2.4 ° higher in favour of posterior cruciate ligament sacrifice (118.3 ° versus 115.9 °; 95% confidence interval (CI) of the difference 0.13 to 4.67; P = 0.04), however the results were heterogeneous. On the item 'knee pain' as experienced by patients, meta-analysis could be performed on the Knee Society knee pain score; this score was 48.3 in both groups, yielding no difference between the groups. Implant survival rate could not be meta-analysed adequately since randomised controlled trials lack the longer term follow-up in order to evaluate implant survival. A total of four revisions in the cruciate-retention and four revisions in the cruciate-sacrifice group were found. The well-validated Western Ontario and McMaster Universities osteoarthritis index (WOMAC) total score was not statistically significantly different between the groups (16.6 points for cruciate-retention versus 15.0 points for cruciate-sacrifice). One study reported a patient satisfaction grade (7.7 points for cruciate-retention versus 7.9 points for cruciate-sacrifice on a scale from 0 to 10, 10 being completely satisfied) which did not differ statistically significantly. Complications were distributed equally between both groups. Only one study reported several re-operations other than revision surgery; that is patella luxations, surgical manipulation because of impaired flexion.</P>
<P>The mean functional Knee Society Score was 2.3 points higher (81.2 versus 79.0 points; 95% CI of the difference 0.37 to 4.26; P = 0.02) in the posterior cruciate ligament sacrificing group. Results from the outcome Knee Society functional score were homogeneous. All other outcome measures (extension angle, knee pain, adverse effects, clinical questionnaire scores, Knee Society clinical scores, radiological rollback, radiolucencies, femorotibial angle and tibial slope) showed no statistically significant differences between the groups. In the subgroup analyses that allowed pooling of the results of the different studies, no homogeneous statistically significant differences were identified.</P>
</ABS_RESULTS>
    <ABS_CONCLUSIONS>
<P>The methodological quality and the quality of reporting of the studies were highly variable. With respect to range of motion, pain, clinical, and radiological outcomes, no clinically relevant differences were found between total knee arthroplasty with retention or sacrifice of the posterior cruciate ligament. Two statistically significant differences were found; range of motion was 2.4 ° higher in the posterior cruciate ligament sacrificing group, however results were heterogeneous; and the mean functional Knee Society Score was 2.3 points higher in the posterior cruciate ligament sacrificing group. These differences are clinically not relevant.</P>
</ABS_CONCLUSIONS>
  </ABSTRACT>
</DOC>
