<?xml version="1.0"?>
<DOC>
  <TITLE TRANSLATED="NO">Pressure-relieving devices for treating heel pressure ulcers</TITLE>
  <SUMMARY TRANSLATED="NO">
    <SUMMARY_TITLE>Pressure-relieving devices for treating heel pressure ulcers</SUMMARY_TITLE>
    <SUMMARY_BODY>
<P>Pressure ulcers (also known as pressure sores, decubitus ulcers and bed sores) are areas of localised damage to the skin and underlying tissue, believed to be caused by pressure, shear or friction. Pressure-relieving devices such as beds, mattresses, heel troughs, splints and pillows are used as part of the treatment to reduce or relieve the pressure on the ulcer. Heel ulcers were studied specifically as their structure is very different to the other body sites which are prone to pressure ulcers (such as the bottom) and they are more prone to diseases, such as poor circulation, which do not affect other pressure ulcer sites. We identified one study that was at moderate to high risk of bias. This study lost over half the participants to follow up. More high quality research is needed to inform the selection of pressure relieving devices to treat pressure ulcers of the heel.</P>
</SUMMARY_BODY>
  </SUMMARY>
  <ABSTRACT TRANSLATED="NO">
    <ABS_BACKGROUND>
<P>Pressure ulcers are areas of localised damage to the skin and underlying tissue caused by pressure or shear. Pressure redistribution devices are used as part of the treatment to reduce the pressure on the ulcer. The anatomy of the heel and the susceptibility of the foot to vascular disease mean that pressure ulcers located there require a particular approach to pressure relief. </P>
</ABS_BACKGROUND>
    <ABS_OBJECTIVES>
<P>To determine the effects of pressure-relieving interventions for treating pressure ulcers on the heel.</P>
</ABS_OBJECTIVES>
    <ABS_SEARCH_STRATEGY>
<P>In May 2013, for this first update, we searched the Cochrane Wounds Group Specialised Register; The Cochrane Central Register of Controlled Trials (CENTRAL) (<I>The Cochrane Library)</I>; Ovid MEDLINE; Ovid EMBASE; Ovid MEDLINE (In-Process &amp; Other Non-Indexed Citations); and EBSCO CINAHL. No language or publication date restrictions were applied.</P>
</ABS_SEARCH_STRATEGY>
    <ABS_SELECTION_CRITERIA>
<P>We included randomised controlled trials (RCTs) that compared the effects of pressure-relieving devices on the healing of pressure ulcers of the heel. Participants were treated in any care setting. Interventions were any pressure-relieving devices including mattresses and specific heel devices.</P>
</ABS_SELECTION_CRITERIA>
    <ABS_DATA_COLLECTION>
<P>Both review authors independently reviewed titles and abstracts and selected studies for inclusion. Both review authors independently extracted data and assessed studies for risk of bias. </P>
</ABS_DATA_COLLECTION>
    <ABS_RESULTS>
<P>In our original review, only one study met the inclusion criteria. This study (141 participants) compared two mattress systems; however, losses to follow up were too great to permit reliable conclusions. We did not find any further relevant studies during this first update.</P>
</ABS_RESULTS>
    <ABS_CONCLUSIONS>
<P>This review identified one small study at moderate to high risk of bias which provided no evidence to inform practice. More research is needed.</P>
</ABS_CONCLUSIONS>
  </ABSTRACT>
</DOC>
