<?xml version="1.0"?>
<DOC>
  <TITLE TRANSLATED="NO">Antibiotic use for irreversible pulpitis</TITLE>
  <SUMMARY TRANSLATED="NO">
    <SUMMARY_TITLE>Antibiotic use for severe toothache (irreversible pulpitis)</SUMMARY_TITLE>
    <SUMMARY_BODY>
<P>
<B>Review question</B>
<BR/>Are oral antibiotics effective and safe for treating pain in irreversible pulpitis (inflammation of the nerve inside the tooth/nerve damage)?</P>
<P>
<B>Background</B>
<BR/>Irreversible pulpitis occurs where the dental pulp (tissue inside the tooth which contains the nerve) has been damaged beyond repair. It is characterised by intense pain (toothache), sufficient to wake someone up at night and is considered to be one of the most frequent reasons that patients attend for emergency dental care. Any tooth may be affected, it is not restricted to particular age groups, and it usually occurs as a direct result of dental decay, a cracked tooth or trauma and thus tends to occur more frequently in older patients.</P>
<P>The 'standard of care' for irreversible pulpitis - immediate removal of the pulp from the affected tooth - is now widely accepted and yet in certain parts of the world antibiotics continue to be prescribed.<BR/>
</P>
<P>
<B>Study characteristics</B>
<BR/>The evidence on which this review is based was current as of 5 September 2013. One study involving 40 people with irreversible pulpitis (nerve damage) was included. There were two groups of 20 people, one group was treated with penicillin 500 mg, the other with placebo (no active ingredient) every six hours over a seven-day period. In addition, all of the participants received painkillers (ibuprofen and paracetamol (acetaminophen) combined with codeine).<BR/>
<BR/>
<B>Key results</B>
<BR/>Antibiotics do not appear to significantly reduce toothache caused by irreversible pulpitis. Furthermore, there was no difference in the total number of ibuprofen or Tylenol tablets used over the study period between both groups. The administration of penicillin does not significantly reduce the pain perception, the percussion (tapping on the tooth) perception or the quantity of pain medication required by people with irreversible pulpitis. There was no reporting on adverse events or reactions.</P>
<P>
<B>Quality of the evidence</B>
<BR/>This was a study with a small number of participants and the quality of the evidence for the different outcomes was rated as low. There is currently insufficient evidence to be able to decide if antibiotics help for this condition. This review highlights the need for more and better quality studies on the use of antibiotics for irreversible pulpitis.<BR/>
</P>
</SUMMARY_BODY>
  </SUMMARY>
  <ABSTRACT TRANSLATED="NO">
    <ABS_BACKGROUND>
<P>Irreversible pulpitis, which is characterised by acute and intense pain, is one of the most frequent reasons that patients attend for emergency dental care. Apart from removal of the tooth, the customary way of relieving the pain of irreversible pulpitis is by drilling into the tooth, removing the inflamed pulp (nerve) and cleaning the root canal. However, a significant number of dentists continue to prescribe antibiotics to stop the pain of irreversible pulpitis.</P>
</ABS_BACKGROUND>
    <ABS_OBJECTIVES>
<P>To assess the effects of systemic antibiotics for irreversible pulpitis.</P>
</ABS_OBJECTIVES>
    <ABS_SEARCH_STRATEGY>
<P>We searched the Cochrane Oral Health Group's Trials Register (to 5 September 2013); the Cochrane Central Register of Controlled Trials (CENTRAL) (<I>The Cochrane Library </I>2013,<I> </I>Issue 9); MEDLINE via OVID (1946 to 5 September 2013); EMBASE via OVID (1980 to 5 September 2013) and the US National Institutes of Health Trials Register (<A HREF="http://clinicaltrials.gov">http://clinicaltrials.gov</A>). There were no language restrictions in the searches of the electronic databases.</P>
</ABS_SEARCH_STRATEGY>
    <ABS_SELECTION_CRITERIA>
<P>Randomised controlled trials which compared pain relief with systemic antibiotics and analgesics, against placebo and analgesics in the acute preoperative phase of irreversible pulpitis.</P>
</ABS_SELECTION_CRITERIA>
    <ABS_DATA_COLLECTION>
<P>Two review authors screened studies and extracted data independently. We assessed the quality of the evidence of included studies using GRADEPro software. Pooling of data was not possible and a descriptive summary is presented.</P>
</ABS_DATA_COLLECTION>
    <ABS_RESULTS>
<P>One trial assessed at low risk of bias, involving 40 participants was included in this update of the review. The quality of the body of evidence was rated low for the different outcomes. There was a close parallel distribution of the pain ratings in both the intervention and placebo groups over the seven-day study period. There was insufficient evidence to claim or refute a benefit for penicillin for pain intensity. There was no significant difference in the mean total number of ibuprofen tablets over the study period: 9.2 (standard deviation (SD) 6.02) in the penicillin group versus 9.6 (SD 6.34) in the placebo group; mean difference -0.40 (95% confidence interval (CI) -4.23 to 3.43; P value = 0.84). This applied equally for the mean total number of Tylenol tablets: 6.9 (SD 6.87) used in the penicillin group versus 4.45 (SD 4.82) in the placebo group; mean difference 2.45 (95% CI -1.23 to 6.13; P value = 0.19). Our secondary outcome on reporting of adverse events was not addressed in this study.</P>
</ABS_RESULTS>
    <ABS_CONCLUSIONS>
<P>This systematic review which was based on one low powered small sample trial assessed as a low risk of bias, illustrates that there is insufficient evidence to determine whether antibiotics reduce pain or not compared to not having antibiotics. The results of this review confirm the necessity for further larger sample and methodologically sound trials that can provide additional evidence as to whether antibiotics, prescribed in the preoperative phase, can affect treatment outcomes for irreversible pulpitis.</P>
</ABS_CONCLUSIONS>
  </ABSTRACT>
</DOC>
