<?xml version="1.0"?>
<DOC>
  <TITLE TRANSLATED="NO">Conservative interventions for treating middle third clavicle fractures in adolescents and adults</TITLE>
  <SUMMARY TRANSLATED="NO">
    <SUMMARY_TITLE>Non-surgical interventions for treating a broken collarbone in adolescents and adults</SUMMARY_TITLE>
    <SUMMARY_BODY>
<P>A broken collarbone (clavicle fracture) is a common injury, particularly in adolescents, and account for up to 4% of all fractures. They are frequently treated with conservative treatments that do not involve any kind of surgery. The most common treatments are the use of an arm sling, strapping, figure-of-eight bandages and splints.</P>
<P>This review aimed to evaluate the effects of different methods (including duration of immobilisation) for treating collarbone fractures in adolescents and adults without surgery. The main outcomes we were interested in were pain and long-term function.</P>
<P>We searched the scientific literature up to 29 January 2014 and found three relevant studies with a total of 354 participants. Two trials compared the figure-of-eight bandage versus an arm sling. One trial found slightly higher pain scores at 15 days in the bandage group and the other trial reported more discomfort during bandage use. Neither trial detected differences in other and longer-term outcomes. This evidence was very low quality and so we cannot rely on it to draw conclusions about how collarbone fractures should be treated. The third trial compared therapeutic ultrasound with placebo (sham) in 120 people with clavicle fractures. We considered this evidence to be of moderate quality as the study was well conducted but it was not big enough to be conclusive. It found no difference in outcome, including the time for fracture healing, between the two groups.</P>
<P>Overall, there is not enough evidence to draw conclusions about the best methods of non-surgical treatment for these fractures.</P>
</SUMMARY_BODY>
  </SUMMARY>
  <ABSTRACT TRANSLATED="NO">
    <ABS_BACKGROUND>
<P>Clavicle (collarbone) fractures account for around 4% of all fractures; treatment of these fractures is usually non-surgical (conservative). Commonly used treatments are arm slings, strapping, figure-of-eight bandages and splints.</P>
<P>This is an update of a Cochrane review first published in 2009.</P>
</ABS_BACKGROUND>
    <ABS_OBJECTIVES>
<P>To evaluate the effects of different methods for conservative (non-operative) treatment for acute (treated soon after injury) middle third clavicle fractures in adolescents and adults.</P>
</ABS_OBJECTIVES>
    <ABS_SEARCH_STRATEGY>
<P>We searched the Cochrane Bone, Joint and Muscle Trauma Group Specialised Register, the Cochrane Central Register of Controlled Trials (2013, Issue 12), MEDLINE (from 1966), EMBASE (from 1980), LILACS (from 1982), trial registers, orthopaedic proceedings and reference lists of articles. We applied no language or publication restrictions. The date of the last search was 29 January 2014.</P>
</ABS_SEARCH_STRATEGY>
    <ABS_SELECTION_CRITERIA>
<P>Randomised and quasi-randomised controlled trials testing conservative interventions for treating adolescents and adults with acute middle third clavicle fractures. The primary outcomes were shoulder function or disability, pain and treatment failure.</P>
</ABS_SELECTION_CRITERIA>
    <ABS_DATA_COLLECTION>
<P>At least two authors selected eligible trials, independently assessed risk of bias and cross-checked data extraction. We calculated risk ratios and 95% confidence intervals for dichotomous variables, and mean differences and 95% confidence intervals for continuous variables. There was no pooling of data.</P>
</ABS_DATA_COLLECTION>
    <ABS_RESULTS>
<P>We included three trials in this review with 354 participants. No new trials were included in this update.</P>
<P>Very low quality evidence was available from two trials (234 participants) that compared the figure-of-eight bandage with an arm sling for treating acute middle third clavicle fractures. Both trials were underpowered and compromised by poor methodology. One trial found slightly higher pain levels in the bandage group at 15 days (mean difference 0.80, 95% confidence interval 0.34 to 1.26; visual analogue scale: 0 (no pain) to 10 (worst pain)); and the other trial reported greater discomfort during bandage wear. There were no significant differences between the two interventions in functional or other outcomes reported for either trial.</P>
<P>Moderate quality evidence was available from the third trial (120 participants), which evaluated therapeutic ultrasound. This trial was at low risk of any type of bias but was underpowered. The trial found no statistically significant difference between low-intensity pulsed ultrasound and placebo in the time to clinical fracture healing (mean difference -0.32 days, 95% CI -5.85 to 5.21 days), nor in any of the other reported outcomes.</P>
</ABS_RESULTS>
    <ABS_CONCLUSIONS>
<P>There is limited evidence available from randomised controlled trials to determine which methods of conservative treatment are the most appropriate for acute middle third clavicle fractures in adolescents and adults. Further research is warranted.</P>
</ABS_CONCLUSIONS>
  </ABSTRACT>
</DOC>
