<?xml version="1.0"?>
<DOC>
  <TITLE TRANSLATED="NO">Blood transfusion for preventing primary and secondary stroke in people with sickle cell disease</TITLE>
  <SUMMARY TRANSLATED="NO">
    <SUMMARY_TITLE>Regular blood transfusions to prevent a stroke in people with sickle cell disease</SUMMARY_TITLE>
    <SUMMARY_BODY>
<P>In sickle cell disease there are fewer red blood cells. This means less oxygen is carried to tissues and there are problems throughout the body. Sickled red blood cells can block flow in blood vessels in the brain, leading to strokes. We aimed to compare long-term blood transfusion schedules to other transfusion schedules or other ways of preventing stroke. There are three trials in the review. The results of the STOP and STOP 2 trials showed that regular blood transfusions reduce the risk of stroke significantly in those at high risk (determined by ultrasound screening of blood flow in the brain), but that patients returned to having a high risk for stroke when transfusions were stopped. There are important side effects (iron overload, infection transmitted through blood and reactions to the transfusions). When using this treatment the burden of long-term transfusion should be weighed against the degree of risk of stroke. The third trial showed that there is no evidence of an advantage for the combination of hydroxyurea and phlebotomy (removing blood from the body) compared with standard transfusion and iron "chelation" treatment in preventing stroke and iron overload. Current research is evaluating the use of transfusion to prevent 'silent' strokes and hydroxyurea to replace transfusion in those with abnormal ultrasound examinations.</P>
</SUMMARY_BODY>
  </SUMMARY>
  <ABSTRACT TRANSLATED="NO">
    <ABS_BACKGROUND>
<P>In sickle cell disease, a common inherited haemoglobin disorder, abnormal haemoglobin distorts red blood cells, causing anaemia, vaso-occlusion and dysfunction in most body organs. Without intervention, stroke affects around 10% of children with sickle cell anaemia (HbSS) and recurrence is likely. Chronic blood transfusion dilutes the sickled red blood cells, reducing the risk of vaso-occlusion and stroke. However, side effects can be severe.</P>
</ABS_BACKGROUND>
    <ABS_OBJECTIVES>
<P>To assess risks and benefits of chronic blood transfusion regimens in people with sickle cell disease to prevent first stroke or recurrences.</P>
</ABS_OBJECTIVES>
    <ABS_SEARCH_STRATEGY>
<P>We searched the Cochrane Cystic Fibrosis and Genetic Disorders Group Trials Register, comprising references identified from comprehensive electronic database searches and handsearches of relevant journals and conference proceedings.</P>
<P>Date of the latest search of the Group's Haemoglobinopathies Trials Register: 28 January 2013.</P>
</ABS_SEARCH_STRATEGY>
    <ABS_SELECTION_CRITERIA>
<P>Randomised and quasi-randomised controlled trials comparing blood transfusion as prophylaxis for stroke in people with sickle cell disease to alternative or no treatment.</P>
</ABS_SELECTION_CRITERIA>
    <ABS_DATA_COLLECTION>
<P>Both authors independently assessed the risk of bias of the included trials and extracted data.</P>
</ABS_DATA_COLLECTION>
    <ABS_RESULTS>
<P>Searches identified three eligible randomised trials (n = 342). The first two trials addressed the use of chronic transfusion to prevent primary stroke; the third utilized the drug hydroxycarbamide (hydroxyurea) and phlebotomy to prevent both recurrent (secondary) stroke and iron overload in patients who had already experienced an initial stroke. In the first trial (STOP) a chronic transfusion regimen for maintaining sickle haemoglobin lower than 30% was compared with standard care in 130 children with sickle cell disease judged (through transcranial Doppler ultrasonography) as high-risk for first stroke. During the trial, 11 children in the standard care group suffered a stroke compared to one in the transfusion group, odds ratio 0.08 (95% confidence interval 0.01 to 0.66). This meant the trial was terminated early. The transfusion group had a high complications rate, including iron overload, alloimmunisation, and transfusion reactions. The second trial (STOP II) investigated risk of stroke when transfusion was stopped after at least 30 months in this population. The trial closed early due to a significant difference in <I>risk</I> of stroke between participants who stopped transfusion and those who continued as measured by reoccurrence of abnormal velocities on Doppler examination or the occurrence of overt stroke in the group that stopped transfusion. The third trial (SWiTCH) was a non-inferiority trial comparing transfusion and iron chelation (standard management) with hydroxyurea and phlebotomy (alternative treatment) with the combination endpoint of prevention of stroke recurrence and reduction of iron overload. This trial was stopped early after enrolment and follow up of 133 children because of analysis showing futility in reaching the composite primary endpoint. The stroke rate (seven strokes on hydroxyurea and phlebotomy, none on transfusion and chelation, odds ratio 16.49 (95% confidence interval 0.92 to 294.84)) was within the non-inferiority margin, but the liver iron content was not better in the alternative arm.</P>
</ABS_RESULTS>
    <ABS_CONCLUSIONS>
<P>The STOP trial demonstrated a significantly reduced risk of stroke in participants with abnormal transcranial Doppler ultrasonography velocities receiving regular blood transfusions. The follow-up trial (STOP 2) indicated that individuals may revert to former risk status if transfusion is discontinued. The degree of risk must be balanced against the burden of chronic transfusions. The combination of hydroxyurea and phlebotomy is not as effective as "standard" transfusion and chelation in preventing secondary stroke and iron overload. Ongoing multicentre trials are investigating the use of chronic transfusion to prevent silent infarcts, the use of hydroxyurea as an alternative to transfusion in children with abnormal transcranial Doppler ultrasonography velocities, and the use of hydroxyurea to prevent conversion of transcranial Doppler ultrasonography velocities from conditional (borderline) to abnormal values.</P>
</ABS_CONCLUSIONS>
  </ABSTRACT>
</DOC>
