<?xml version="1.0"?>
<DOC>
  <TITLE TRANSLATED="NO">Physical activity programs for promoting bone mineralization and growth in preterm infants</TITLE>
  <SUMMARY TRANSLATED="NO">
    <SUMMARY_TITLE>Physical activity programs for promoting bone mineralization and growth in preterm infants</SUMMARY_TITLE>
    <SUMMARY_BODY>
<P>Babies born too early (premature babies) are often cared for in a fashion that minimizes physical activity to reduce stress and stress-related complications. However, lack of physical activity might lead to poor bone development and growth, as seen in bedridden children and adults. It is believed that physical activity programs (moving and pressing all joints on all limbs for several minutes a day) may promote bone development and growth in premature babies. This review found that physical activity might provide a small benefit for bone development and growth over a short term. Data were inadequate to allow assessment of long-term benefits and harms. Based on current knowledge, physical activity programs cannot be recommended as a standard procedure for premature babies.<BR/>
</P>
</SUMMARY_BODY>
  </SUMMARY>
  <ABSTRACT TRANSLATED="NO">
    <ABS_BACKGROUND>
<P>Lack of physical stimulation may contribute to metabolic bone disease of preterm infants, resulting in poor bone mineralization and growth. Physical activity programs combined with adequate nutrition might help to promote bone mineralization and growth.</P>
</ABS_BACKGROUND>
    <ABS_OBJECTIVES>
<P>The primary objective was to assess whether physical activity programs in preterm infants improve bone mineralization and growth and reduce the risk of fracture.</P>
<P>The secondary objectives included other potential benefits in terms of length of hospital stay, skeletal deformities and neurodevelopmental outcomes, and adverse events.</P>
<P>Subgroup analysis:</P>
<P>• Given that the smallest infants are most vulnerable for developing osteopenia (<A HREF="Bishop 1999">Bishop 1999</A>), a subgroup analysis was planned for infants with birth weight &lt; 1000 g.</P>
<P>• Calcium and phosphorus intake may affect an infant's ability to increase bone mineral content (<A HREF="Kuschel 2004">Kuschel 2004</A>). Therefore, an additional subgroup analysis was planned for infants receiving different amounts of calcium and phosphorus, along with full enteral feeds as follows.</P>
<P> ∘ Below 100 mg/60 mg calcium/phosphorus or equal to/above 100 mg/60 mg calcium/phosphorus per 100 mL milk.</P>
<P> ∘ Supplementation of calcium without phosphorus.</P>
<P> ∘ Supplementation of phosphorus without calcium.</P>
</ABS_OBJECTIVES>
    <ABS_SEARCH_STRATEGY>
<P>The standard search strategy of the Cochrane Neonatal Review Group (CNRG) was used. The search included the Cochrane Central Register of Controlled Trials (CENTRAL) (2012, Issue 9), MEDLINE, EMBASE, CINAHL (1966 to March 2013), and cross-references, as well as handsearching of abstracts of the Society for Pediatric Research and the <I>International Journal of Sports Medicine</I>.</P>
</ABS_SEARCH_STRATEGY>
    <ABS_SELECTION_CRITERIA>
<P>Randomized and quasi-randomized controlled trials comparing physical activity programs (extension and flexion, range-of-motion exercises) versus no organized physical activity programs in preterm infants.</P>
</ABS_SELECTION_CRITERIA>
    <ABS_DATA_COLLECTION>
<P>Data collection, study selection, and data analysis were performed according to the methods of the CNRG.</P>
</ABS_DATA_COLLECTION>
    <ABS_RESULTS>
<P>Eleven trials enrolling 324 preterm infants (gestational age 26 to 34 weeks) were included in this review. All were small (N = 16 to 50) single-center studies that evaluated daily physical activity for three and one-half to eight weeks during initial hospitalization. Methodological quality and reporting of included trials were variable.</P>
<P>Four trials demonstrated moderate short-term benefits of physical activity for bone mineralization at completion of the physical activity program. The only trial assessing long-term effects on bone mineralization showed no effect of physical activity administered during initial hospitalization on bone mineralization at 12 months corrected age. Meta-analysis from four trials demonstrated a positive effect of physical activity on daily weight gain (weighted mean difference (WMD) 2.21 g/kg/d, 95% confidence interval (CI) 1.23 to 3.19). Data from four trials showed a positive effect on linear growth (WMD 0.12 cm/wk, 95% CI 0.01 to 0.24) but not on head growth (WMD -0.03 cm/wk, 95% CI -0.14 to 0.08) during the study period. Only one trial reported on fractures (this outcome did not occur in intervention and control groups) and complications of preterm birth (no significant differences between intervention and control groups). None of the trials assessed other outcomes relevant to this review.</P>
</ABS_RESULTS>
    <ABS_CONCLUSIONS>
<P>Some evidence suggests that physical activity programs might promote short-term weight gain and bone mineralization in preterm infants. Data are inadequate to allow assessment of harm or long-term effects. Current evidence does not support the routine use of physical activity programs in preterm infants. Further trials incorporating infants with a high baseline risk of osteopenia are required. These trials should address adverse events, long-term outcomes, and the effects of nutritional intake (calories, protein, calcium, phosphorus).</P>
</ABS_CONCLUSIONS>
  </ABSTRACT>
</DOC>
