<?xml version="1.0"?>
<DOC>
  <TITLE TRANSLATED="NO">Diagnostic accuracy of laparoscopy following computed tomography (CT) scanning for assessing the resectability with curative intent in pancreatic and periampullary cancer</TITLE>
  <SUMMARY TRANSLATED="NO">
    <SUMMARY_TITLE>What is the diagnostic accuracy of laparoscopic staging following a CT scan for assessing whether pancreatic and periampullary cancer is resectable?</SUMMARY_TITLE>
    <SUMMARY_BODY>
<P>Pancreas is an organ situated in the abdomen close to the junction of the stomach and small bowel. It secretes digestive juices which are necessary for the digestion of all food materials. The digestive juices secreted in the pancreas drain into the upper part of the small bowel via the pancreatic duct. The bile duct is a tube which drains bile from the liver and gallbladder. The pancreatic and bile ducts share a common path just before they drain into the small bowel. This area is called the periampullary region. Surgical removal is the only potentially curative treatment for cancers arising from the pancreatic and periampullary regions. A considerable proportion of patients undergo unnecessary major open abdominal exploratory operation (laparotomy) because their CT scan has underestimated the spread of cancer. If the cancer is spread within the abdomen during the major open operation, patients are referred for alternate treatments such as chemotherapy which do not cure the cancer but may improve survival. Thus the major open abdominal operation can be avoided if the spread of cancer within the abdomen is known prior to the major operation. This is called 'staging' the cancer. Usually the minimum test used for staging is the CT scan. However, CT scan can understage the cancer, i.e. it can underestimate the spread of cancer. Laparoscopy, a procedure whereby a small telescope is inserted inside the abdomen through a small (keyhole) surgical incision can detect spread not identified on CT scanning. Different studies report different accuracy of laparoscopy in assessing whether the cancer can be removed. In this study, we have identified all such studies and using the appropriate mathematical methods, we have identified the average diagnostic accuracy of laparoscopy for staging pancreatic and periampullary cancers considered to be removable after a CT scan.</P>
<P>We included 15 studies with a total of 1015 patients in this study. Of those with what CT suggests seems to be a potentially surgically curable cancer, the percentage of patients in whom more extensive cancer was found on further staging with diagnostic laparoscopy or laparotomy ranged between 17% and 82% across studies. The median percentage of people in whom cancer spread was not detected by CT scan was 40%. Adding staging laparoscopy to CT scan might decrease the number of patients with unremovable disease undergoing unnecessary major operations to 17% compared to those who undergo unnecessary major operation after CT scan alone (40%). This means that using diagnostic laparoscopy could halve the rate of unnecessary major open operations in patients undergoing major surgery for potentially surgically curable pancreatic cancer.</P>
</SUMMARY_BODY>
  </SUMMARY>
  <ABSTRACT TRANSLATED="NO">
    <ABS_BACKGROUND>
<P>Surgical resection is the only potentially curative treatment for pancreatic and periampullary cancer. A considerable proportion of patients undergo unnecessary laparotomy because of underestimation of the extent of the cancer on computed tomography (CT) scanning. Laparoscopy can detect metastases not visualised on CT scanning, enabling better assessment of the spread of cancer (staging of cancer). There has been no systematic review or meta-analysis assessing the role of diagnostic laparoscopy in assessing the resectability with curative intent in patients with pancreatic and periampullary cancer.<BR/>
</P>
</ABS_BACKGROUND>
    <ABS_OBJECTIVES>
<P>To determine the diagnostic accuracy of diagnostic laparoscopy performed as an add-on test to CT scanning in the assessment of curative resectability in pancreatic and periampullary cancer.</P>
</ABS_OBJECTIVES>
    <ABS_SEARCH_STRATEGY>
<P>We searched the Cochrane Register of Diagnostic Test Accuracy Studies, the Cochrane Central Register of Controlled Trials (CENTRAL), MEDLINE<I> </I>via PubMed, EMBASE via OvidSP (from inception to 13 September 2012), and Science Citation Index Expanded (from 1980 to 13 September 2012).</P>
</ABS_SEARCH_STRATEGY>
    <ABS_SELECTION_CRITERIA>
<P>We included diagnostic accuracy studies of diagnostic laparoscopy in patients with potentially resectable pancreatic and periampullary cancer on CT scan, where confirmation of liver or peritoneal involvement was by histopathological examination of suspicious (liver or peritoneal) lesions obtained at diagnostic laparoscopy or laparotomy. We accepted any criteria of resectability used in the studies. We included studies irrespective of language, publication status, or study design (prospective or retrospective). We excluded case-control studies.</P>
</ABS_SELECTION_CRITERIA>
    <ABS_DATA_COLLECTION>
<P>Two authors independently performed data extraction and quality assessment using the QUADAS-2 tool. The specificity of diagnostic laparoscopy in all studies was 1 because there were no false positives since laparoscopy and the reference standard are one and the same if histological examination after diagnostic laparoscopy is positive. Therefore, the sensitivities were meta-analysed using a univariate random-effects logistic regression model. The probability of unresectability in patients who had a negative laparoscopy (post-test probability for patients with a negative test result) was calculated using the median probability of unresectability (pre-test probability) from the included studies and the negative likelihood ratio derived from the model (specificity of 1 assumed). The difference between the pre-test and post-test probabilities gave the overall added value of diagnostic laparoscopy compared to the standard practice of CT scan staging alone.<BR/>
</P>
</ABS_DATA_COLLECTION>
    <ABS_RESULTS>
<P>Fifteen studies with a total of 1015 patients were included in the meta-analysis. Only one study including 52 patients had a low risk of bias and low applicability concern in the patient selection domain. The median pre-test probability of unresectable disease after CT scanning across studies was 40.3% (that is 40 out of 100 patients who had resectable cancer after CT scan were found to have unresectable disease on laparotomy). The summary sensitivity of diagnostic laparoscopy was 68.7% (95% CI 54.3% to 80.2%). Assuming a pre-test probability of 40.3%, the post-test probability of unresectable disease for patients with a negative test result was 0.17 (95% CI 0.12 to 0.24). This indicates that if a patient is said to have resectable disease after diagnostic laparoscopy and CT scan, there is a 17% probability that their cancer will be unresectable compared to a 40% probability for those receiving CT alone.</P>
<P>A subgroup analysis of patients with pancreatic cancer gave a summary sensitivity of 67.9% (95% CI 41.1% to 86.5%). The post-test probability of unresectable disease after being considered resectable on both CT and diagnostic laparoscopy was 18% compared to 40% for those receiving CT alone.</P>
</ABS_RESULTS>
    <ABS_CONCLUSIONS>
<P>Diagnostic laparoscopy may decrease the rate of unnecessary laparotomy in patients with pancreatic and periampullary cancer found to have resectable disease on CT scan. On average, using diagnostic laparoscopy with biopsy and histopathological confirmation of suspicious lesions prior to laparotomy would avoid 23 unnecessary laparotomies in 100 patients in whom resection of cancer with curative intent is planned.</P>
</ABS_CONCLUSIONS>
  </ABSTRACT>
</DOC>
