<?xml version="1.0"?>
<DOC>
  <TITLE TRANSLATED="NO">Botulinum toxin for upper oesophageal sphincter dysfunction in neurological swallowing disorders</TITLE>
  <SUMMARY TRANSLATED="NO">
    <SUMMARY_TITLE>Botulinum toxin for swallowing disorders</SUMMARY_TITLE>
    <SUMMARY_BODY>
<P>Many people have problems swallowing because of an impairment of the upper oesophageal sphincter (UOS), a high pressure zone within the tube that carries food from the mouth to the stomach. Many people with neurological conditions such as stroke, traumatic brain injury, Parkinson's disease or multiple sclerosis can have UOS impairment. This results in difficulty swallowing food and liquids, resulting in choking and food entering into the lungs (aspiration). This has serious consequences for the patient and can cause dehydration, malnutrition and aspiration pneumonia. The person's quality of life can be affected as they are unable to have food or liquids safely by mouth. Tube feeding and hospitalisation is often required.</P>
<P>Many interventions are used to improve UOS function. These include surgery, medications including botulinum toxin, rehabilitation exercises, diet modification and other compensatory techniques.</P>
<P>There is no clear consensus on whether botulinum toxin is safe and effective in managing UOS dysfunction in people with neurological conditions. This makes it hard to decide which intervention will be safest and most effective to improve swallowing and quality of life.</P>
<P>Only randomised controlled trials were sought for inclusion in this review. Trials were looked for through electronic searches of databases, searches of clinical trials registers, from peer reviewed journals, published conference proceedings and reference lists of relevant articles. No trials met the inclusion criteria for the review.</P>
<P>There is insufficient evidence to support the use of botulinum toxin to improve swallowing in people with UOS dysfunction and neurological disease. The lack of trials does not mean
 that this intervention is ineffective. Adequately powered well designed trials are required. In addition to using sensitive measures looking at changes in swallow function, measures are needed that examine client and caregiver satisfaction, changes in quality of life, psychological well-being and unwanted symptoms associated with the intervention.</P>
</SUMMARY_BODY>
  </SUMMARY>
  <ABSTRACT TRANSLATED="NO">
    <ABS_BACKGROUND>
<P>Adequate upper oesophageal sphincter (UOS) opening is critical to safe and efficient swallowing due to the close proximity of the UOS to the airway entrance. Many people with neurological conditions, progressive and non-progressive, present with UOS dysfunction. The consequences for the person include difficulty swallowing food with subsequent choking and aspiration (passage of material into the trachea beyond the level of the true vocal cords). Clinical complications include aspiration pneumonia, weight loss, dehydration and malnutrition. Tube feeding is often indicated but is associated with increased mortality. Quality of life is also frequently impacted. A range of interventions exist that aim to improve UOS function and swallowing. These include compensatory strategies, rehabilitation techniques, pharmacological interventions and surgery. Over the last two decades, botulinum toxin has been gaining popularity as an intervention for UOS dysfunction, with some evidence to suggest that it is successful in improving swallow function. Despite a number of studies investigating its efficacy, there is a lack of consensus regarding whether this intervention is effective in improving swallowing for individuals with UOS dysfunction associated with neurological disease.</P>
</ABS_BACKGROUND>
    <ABS_OBJECTIVES>
<P>To establish the efficacy and safety of botulinum toxin use
 aimed at improving UOS dysfunction in people with swallowing difficulties (dysphagia) associated with non-progressive and progressive neurological disease.</P>
</ABS_OBJECTIVES>
    <ABS_SEARCH_STRATEGY>
<P>We searched the following electronic databases for published trials: the Cochrane Central Register of Controlled Trials (CENTRAL); Ovid MEDLINE (1950 to 2013); EMBASE (1980 to 2013); AMED (Allied and Complementary Medicine) (1941 to 2013); CINAHL (Cumulative Index to Nursing and Allied Health Literature) (1937 to 2013). We also searched major clinical trials registers: CCT (<A HREF="http://www.controlled-trials.com/">http://www.controlled-trials.com</A>); Clinical Trials (<A HREF="http://www.clinicaltrials.gov/">http://www.clinicaltrials.gov</A>); Chinese Clinical Trial Register (<A HREF="http://www.chictr.org">www.chictr.org</A>); ACTR (<A HREF="http://www.actr.org.au/">http://www.actr.org.au/</A>. We examined the reference lists of all potentially relevant studies to identify further relevant trials. We handsearched published abstracts of conference proceedings from both the Dysphagia Research Society and the European Society of Swallowing Disorders. Digestive Disease Week (published in <I>Gastroenterology</I>) was also handsearched. Additionally, we searched ProQuest Dissertations &amp; Theses for dissertation abstracts.</P>
</ABS_SEARCH_STRATEGY>
    <ABS_SELECTION_CRITERIA>
<P>Only randomised controlled trials were sought.</P>
</ABS_SELECTION_CRITERIA>
    <ABS_DATA_COLLECTION>
<P>Independent searches were completed by JR, AM, MC and MW. Two review authors (JR and MW) independently inspected titles, abstracts and key words identified from the literature search.</P>
</ABS_DATA_COLLECTION>
    <ABS_RESULTS>
<P>No randomised controlled studies were retrieved. Twenty-nine studies were excluded, mainly on the basis of trial design.</P>
</ABS_RESULTS>
    <ABS_CONCLUSIONS>
<P>It was not possible to reach a conclusion on the efficacy and safety of botulinum toxin as an intervention for people with UOS dysfunction and neurological disease. There is insufficient evidence to inform clinical practice. Directions for future research are provided.</P>
</ABS_CONCLUSIONS>
  </ABSTRACT>
</DOC>
