<?xml version="1.0"?>
<DOC>
  <TITLE TRANSLATED="NO">Financial interventions and movement restrictions for managing the movement of health workers between public and private organizations in low- and middle-income countries</TITLE>
  <SUMMARY TRANSLATED="NO">
    <SUMMARY_TITLE>The effect of interventions to manage the movement of health workers between the public and the private health sector</SUMMARY_TITLE>
    <SUMMARY_BODY>
<P>Researchers in the Cochrane Collaboration conducted a review to evaluate the effect of approaches to encourage health workers to work in particular healthcare facilities. After searching for all relevant studies, they were unable to find any studies that met their requirements for inclusion in this review.</P>
<P>
<B>Background</B>
</P>
<P>Many countries have a severe lack of health workers. In addition, the health workers that are available are often not distributed in the best possible way. Most health workers work in urban areas, leaving rural areas underserved. Problems also occur in urban areas as health workers here often prefer to work in the private healthcare sector, which is often too expensive for many people. In rural areas, governments may not have built health facilities and the only available health care in these areas may, therefore, be private. However, private facilities in rural areas are not only expensive but may also struggle to attract qualified health workers.</P>
<P>To address these problems, governments need to find ways of ensuring that more health workers work in the areas and facilities where most people seek care. This might, for instance, involve encouraging health workers to work in public healthcare facilities in towns and cities or to work in public or private facilities in rural areas. One approach governments could take is to give extra incentives to health workers serving in particular facilities. These incentives could include higher salaries, special allowances, or higher retirement packages. Another approach is to give health workers bursaries or scholarships during training on the condition that they work in particular facilities for a fixed period of time after they have finished their training.</P>
<P>
<B>Results </B>
</P>
<P>Although these types of approaches are not uncommon, the review could not find any relevant studies that gave a reliable assessment of their impact. There is still a lot of work to be done to understand how governments can ensure that health workers serve in those health facilities that care for the majority of the population.</P>
</SUMMARY_BODY>
  </SUMMARY>
  <ABSTRACT TRANSLATED="NO">
    <ABS_BACKGROUND>
<P>Health workers move between public and private organizations in both urban and rural areas during the course of their career. Depending on the proportion of the population served by public or private organizations in a particular setting, this movement may result in imbalances in the number of healthcare providers available relative to the population receiving care from that sector. However, both public and private organizations are needed as each sector has unique contributions to make to the effective delivery of health services.</P>
</ABS_BACKGROUND>
    <ABS_OBJECTIVES>
<P>To assess the effects of financial incentives and movement restriction interventions to manage the movement of health workers between public and private organizations in low- and middle-income countries.</P>
</ABS_OBJECTIVES>
    <ABS_SEARCH_STRATEGY>
<P>We searched the Cochrane Central Register of Controlled Trials (CENTRAL) (10 November 2012); EMBASE (7 June 2011); LILACS (9 June 2011); MEDLINE (10 November 2012); CINAHL (13 August 2012); and the British Nursing Index (13 August 2012).</P>
</ABS_SEARCH_STRATEGY>
    <ABS_SELECTION_CRITERIA>
<P>Randomized controlled trials and non-randomized controlled trials; controlled before-and-after studies if pre- and post-intervention periods for study and control groups were the same and there were at least two units included in both the intervention and control groups; uncontrolled and controlled interrupted time series studies if the point in time when the intervention occurred was clearly defined and there were at least three or more data points before and after the intervention. Interventions included payment of special allowances, increasing salaries, bonding health workers, offering bursary schemes, scholarships or lucrative terminal benefits, and hiring people on contract basis.</P>
</ABS_SELECTION_CRITERIA>
    <ABS_DATA_COLLECTION>
<P>Two review authors independently applied the criteria for inclusion and exclusion of studies to the titles and abstracts of all articles obtained from the search. The same two review authors independently screened the full reports of the selected citations. At each stage, we compared the results and resolved discrepancies through discussion with a third review author.</P>
</ABS_DATA_COLLECTION>
    <ABS_RESULTS>
<P>We found no studies that were eligible for inclusion in this review.</P>
</ABS_RESULTS>
    <ABS_CONCLUSIONS>
<P>We identified no rigorous studies on the effects of interventions to manage the movement of health workers between public and private organizations in low- and middle-income countries. Health worker availability is a key obstacle in delivery of health services. Interventions to make the health sector more responsive to the expectations of populations by having more health workers in the sector that serves most people would contribute to the more efficient use of the health workforce. More research is needed to assess the effect of increase in salaries, offering scholarships or bonding on movement of health workers in one sector compared with another.</P>
</ABS_CONCLUSIONS>
  </ABSTRACT>
</DOC>
