<?xml version="1.0"?>
<DOC>
  <TITLE TRANSLATED="NO">Immediate-release versus controlled-release carbamazepine in the treatment of epilepsy</TITLE>
  <SUMMARY TRANSLATED="NO">
    <SUMMARY_TITLE>Immediate-release versus controlled-release carbamazepine in the treatment of epilepsy</SUMMARY_TITLE>
    <SUMMARY_BODY>
<P>Epilepsy is a common neurological disorder that is often treated with carbamazepine. With treatment, the number of seizures are often reduced but many people experience side effects. When carbamazepine is taken and it is absorbed into the body quickly there is a sharp rise in blood levels. These 'peaks' may be associated with side effects such as dizziness, drowsiness and lack of coordination. A form of carbamazepine that releases the medication into the body slowly may reduce these 'peaks' in blood levels, reducing the occurrence of side effects.</P>
<P>This review compared studies assessing the differences between a 'fast-release' carbamazepine and a 'slow-release' carbamazepine. Just one of 10 studies found a significant difference between the two carbamazepine types in the number of seizures experienced, with patients prescribed the slow-release carbamazepine experiencing fewer seizures than patients prescribed the fast-release drug. Patients taking 'slow-release' carbamazepine tended to experience fewer side effects. It must be stressed that there are few studies assessing the differences between these two carbamazepine types and more studies are needed before we can make a definitive conclusion.</P>
</SUMMARY_BODY>
  </SUMMARY>
  <ABSTRACT TRANSLATED="NO">
    <ABS_BACKGROUND>
<P>Epilepsy is defined as the tendency to spontaneous, excessive neuronal discharge manifesting as seizures. It is a common disorder with an incidence of 50 per 100,000 per year and a prevalence of 0.5% to 1% (<A HREF="Hauser 1993">Hauser 1993</A>) in the developed world.</P>
<P>Carbamazepine (CBZ) is a widely used antiepileptic drug that is associated with a number of troublesome adverse events including dizziness, double vision and unsteadiness. These often occur during peaks in plasma concentration. The occurrence of such adverse events may limit the daily dose that can be tolerated and reduce the chances of seizure control for patients requiring higher doses (<A HREF="Vojvodic 2002">Vojvodic 2002</A>). A controlled-release formulation of carbamazepine delivers the same dose over a longer period of time when compared to a standard formulation, thereby reducing post-dose peaks and potentially reducing adverse events associated with peak plasma levels.</P>
</ABS_BACKGROUND>
    <ABS_OBJECTIVES>
<P>To determine the efficacy of immediate-release CBZ (IR CBZ) versus controlled-release CBZ (CR CBZ) in patients diagnosed with epilepsy. The following hypotheses were tested.<BR/>(1) For newly diagnosed patients commencing CBZ, how do immediate-release and controlled-release formulations compare for efficacy and tolerability?<BR/>(2) For patients on established treatment with immediate-release CBZ but experiencing unacceptable adverse events, what is the effect on seizure control and tolerability of a switch to a controlled-release formulation versus remaining on the immediate-release formulation?</P>
</ABS_OBJECTIVES>
    <ABS_SEARCH_STRATEGY>
<P>We searched the Cochrane Epilepsy Group Specialised Register (5 September 2013), Cochrane Central Register of Controlled Trials (CENTRAL) (Issue 8, 2013) in <I>The Cochrane Library</I> and MEDLINE (1946 to 5 September 2013).</P>
</ABS_SEARCH_STRATEGY>
    <ABS_SELECTION_CRITERIA>
<P>Randomised controlled trials comparing IR CBZ to CR CBZ in patients commencing monotherapy and patients presently treated with IR CBZ but experiencing unacceptable adverse events.</P>
<P>Primary outcome measures include seizure frequency, incidence of adverse events, proportion with treatment failure and quality of life measures.</P>
</ABS_SELECTION_CRITERIA>
    <ABS_DATA_COLLECTION>
<P>The methodological quality of each study was assessed with respect to study design, type of control, method and the concealment of allocation, blinding and completeness of follow up, and the presence of blinding for assessment of non-fatal outcomes. We did not make use of an overall quality score.</P>
<P>Two review authors (GP, MS) independently extracted the data and recorded relevant information on a standardised data extraction form. Results were assessed for inclusion.</P>
<P>The heterogeneity of the included trials resulted in only a narrative, descriptive analysis being possible for both the categorical and time-to-event data.</P>
</ABS_DATA_COLLECTION>
    <ABS_RESULTS>
<P>Ten trials fulfilled the criteria for inclusion in this review. One trial included patients with newly diagnosed epilepsy and nine included patients on treatment with IR CBZ.</P>
<P>Eight trials reported heterogeneous measures of seizure frequency with conflicting results. A statistically significant difference was observed in only one trial, with patients prescribed CR CBZ experiencing fewer seizures than patients prescribed IR CBZ.</P>
<P>Nine trials reported measures of adverse events. There was a trend in favour of CR CBZ with four trials reporting a statistically significant reduction in adverse events compared to IR CBZ. A further two trials reported fewer adverse events with CR CBZ but the reduction was not statistically significant. One trial found no difference, with a further trial reporting increased adverse events in the CR CBZ group although not statistically significant.</P>
</ABS_RESULTS>
    <ABS_CONCLUSIONS>
<P>At present, data from trials do not confirm or refute an advantage for CR CBZ over IR CBZ for seizure frequency or adverse events in patients with newly diagnosed epilepsy.</P>
<P>For trials involving epilepsy patients already prescribed IR CBZ, no conclusions can be drawn concerning the superiority of CR CBZ with respect to seizure frequency.</P>
<P>There is a trend for CR CBZ to be associated with fewer adverse events when compared to IR CBZ. A change to CR CBZ may therefore be a worthwhile strategy in patients with acceptable seizure control on IR CBZ but experiencing unacceptable adverse events. The included trials were of small size, poor methodological quality and possessed a high risk of bias, limiting the validity of this conclusion.</P>
<P>Randomised controlled trials comparing CR CBZ to IR CBZ and using clinically relevant outcomes are required to inform the choice of CBZ preparation for patients with newly diagnosed epilepsy.</P>
</ABS_CONCLUSIONS>
  </ABSTRACT>
</DOC>
