<?xml version="1.0"?>
<DOC>
  <TITLE TRANSLATED="NO">Vitamin D supplementation for cystic fibrosis</TITLE>
  <SUMMARY TRANSLATED="NO">
    <SUMMARY_TITLE>The use of regular vitamin D preparations for children and adults with cystic fibrosis</SUMMARY_TITLE>
    <SUMMARY_BODY>
<P>Cystic fibrosis with pancreatic insufficiency can mean that fat-soluble vitamins, such as vitamin D, are poorly absorbed. This can lead to vitamin deficiencies. Lack of vitamin D (vitamin D deficiency) can cause specific problems such as bone deformity and bone fractures. It may also be associated with poorer general and respiratory health. Therefore, people with cystic fibrosis are usually given regular vitamin D preparations from a very young age. However, excess vitamin D can also cause respiratory problems and problems with high calcium levels. The review contains six studies, however we could only analyse data from three of these studies. Three studies were only published as conference abstracts.</P>
<P>The included studies varied greatly in quality, the amount of vitamin D administered, the duration of treatment and the outcomes that were measured. Three studies were in children and adolescents and three in adults. Few outcome data could be combined. The sole outcome that included data from two or more studies was vitamin D levels. Our analysis showed increased vitamin D levels in people who were given vitamin D supplements. For other outcomes, we found no evidence to show whether giving vitamin D regularly to people with cystic fibrosis is beneficial or not. We are unable to draw any conclusions about giving routine vitamin D supplements and recommend that, until more evidence is available, local guidelines are followed regarding this practice.</P>
</SUMMARY_BODY>
  </SUMMARY>
  <ABSTRACT TRANSLATED="NO">
    <ABS_BACKGROUND>
<P>Cystic fibrosis (CF) is a genetic disorder with multiorgan effects. In a subgroup with pancreatic insufficiency malabsorption of the fat soluble vitamins (A, D, E, K) may occur. Vitamin D is involved in calcium homeostasis and bone mineralisation and may have extraskeletal effects. This review examines the evidence for vitamin D supplementation in cystic fibrosis.</P>
</ABS_BACKGROUND>
    <ABS_OBJECTIVES>
<P>To assess the effects of vitamin D supplementation on the frequency of vitamin D deficiency, respiratory outcomes and vitamin D toxicity in the cystic fibrosis population.</P>
</ABS_OBJECTIVES>
    <ABS_SEARCH_STRATEGY>
<P>We searched the Cochrane Cystic Fibrosis and Genetic Disorders Group Trials Register comprising references identified from comprehensive electronic database searches and handsearches of relevant journals and abstract books of conference proceedings.</P>
<P>Date of the most recent search: 08 July 2013.</P>
</ABS_SEARCH_STRATEGY>
    <ABS_SELECTION_CRITERIA>
<P>Randomised and quasi-randomised controlled studies of vitamin D supplementation compared to placebo in the cystic fibrosis population regardless of exocrine pancreatic function.</P>
</ABS_SELECTION_CRITERIA>
    <ABS_DATA_COLLECTION>
<P>Both authors independently assessed the risk of bias of each included study and extracted outcome data (from published study information) for assessment of bone mineralization, growth and nutritional status, frequency of vitamin D deficiency, respiratory status, quality of life and adverse events.</P>
</ABS_DATA_COLLECTION>
    <ABS_RESULTS>
<P>Six studies (239 participants) are included, although only three studies provided data from 69 adults and children with cystic fibrosis for analysis. One study compared a single high dose of vitamin D (250,000 IU) to placebo at the time of hospital admission with a respiratory exacerbation in 30 pancreatic insufficient adults with cystic fibrosis. The second study compared supplemental 800 international units (IU) vitamin D and placebo for 12 months in 30 osteopenic pancreatic insufficient adults; both groups continued 900 IU vitamin D daily. The third study compared supplemental 1 g calcium alone, 1600 IU vitamin D alone, 1600 IU vitamin D and 1 g calcium and placebo in a double-blind randomised cross-over study; only nine children who completed both vitamin D and placebo groups after six-months supplementation and a three-month washout period are included; pancreatic sufficiency or disease status of participants are not defined. The studies are not directly comparable due to differences in supplementation, outcome reporting and possibly participant characteristics (e.g. severity of lung disease, growth and nutrition, pancreatic sufficiency).</P>
<P>The only outcome for which we could combine data from more than two studies was 25-hydroxyvitamin D levels; patients receiving vitamin D supplementation had significantly higher levels, mean difference 7.24 ng/ml (95% confidence interval 5.01 to 9.46). However, ironically one study reported 1,25(OH)<SUB>2</SUB>D with levels significantly favouring the placebo group, mean difference -30.30 pmol/ml (95% confidence interval -59.89 to -0.71). Bone mineral density was measured in two studies; both described no significant change between groups. There were no adverse events in any study.</P>
<P>The remaining three studies are published as abstracts only and did not provide data for analysis. These abstracts include: a report of pre-intervention data in a study comparing daily calcitriol (0.25 or 0.5 micrograms) with placebo in pancreatic insufficient children and young adults; an interim report of a double-blind randomised control study comparing 5000 IU vitamin D daily for 12 weeks during winter in 67 adult cystic fibrosis patients; and a comparison of the effect of three months of vitamin D supplementation (dose not specified) with placebo on bone mineral density in 42 children with cystic fibrosis and low bone mineral density.</P>
<P>Risk of bias was highly variable between all studies. Only one study had a low risk of bias for the five main criteria (random sequence generation, allocation, blinding, attrition and reporting). The rest of the studies had unclear or high risks of bias. Two studies had a low risk of bias for blinding and another two studies for attrition bias. In the studies published as abstracts, assessment of the risks of bias was uncertain in many aspects.</P>
</ABS_RESULTS>
    <ABS_CONCLUSIONS>
<P>In patients receiving vitamin D supplementation, 25-hydroxyvitamin D levels are significantly higher. However, there is no evidence of clinical benefit or harm in the limited number of small-sized published studies. Adherence to relevant cystic fibrosis guidelines on vitamin D supplementation should be considered until further evidence is available.</P>
</ABS_CONCLUSIONS>
  </ABSTRACT>
</DOC>
