<?xml version="1.0"?>
<DOC>
  <TITLE TRANSLATED="NO">Pharmacotherapies for sleep disturbances in Alzheimer's disease</TITLE>
  <SUMMARY TRANSLATED="NO">
    <SUMMARY_TITLE>Medicines for sleep problems in Alzheimer's disease</SUMMARY_TITLE>
    <SUMMARY_BODY>
<P>
<B>What difficulties are caused by sleep problems brought on by Alzheimer's disease?</B>
</P>
<P>People with dementia caused by Alzheimer's disease (AD) frequently suffer from sleep disturbances. These can include a reduction in the time spent asleep at night, frequent wakening after falling asleep, wandering at night, waking early, and sleeping excessively during the daytime.</P>
<P>These behaviours cause a lot of stress to carers, and may be associated with earlier admission to long-term care facilities (care homes) for people with AD. These behaviours can also be difficult for care-home staff to manage well.</P>
<P>
<B>Can medicines help?</B>
</P>
<P>Treatment with medicines is often used to try to improve the sleep of people with AD. Since the source of the sleep problems may be changes in the brain caused by AD, it is not clear whether normal sleeping pills will be effective for people with AD, and there are worries that the medicines could cause significant side effects (harms).</P>
<P>
<B>The purpose of this review</B>
</P>
<P>In this Cochrane review, we tried to identify the benefits and common harms of any medicine used to treat sleep problems in people with AD.</P>
<P>
<B>Findings of this review</B>
</P>
<P>We searched the medical literature up to 31 March 2013 for all randomized medical trials that compared any medicine used for treating sleep problems in people with AD with a fake medicine (placebo). We found five trials (313 participants) that investigated three medicines: melatonin (three trials), trazodone (one trial) and ramelteon (one trial). The ramelteon trial was commercially funded; the other trials had non-commercial funding sources. Very limited information was available for the ramelteon trial, and it came from the trial's sponsor.</P>
<P>Participants in the melatonin and trazodone trials had moderate to severe dementia, while those in the ramelteon trial had mild to moderate dementia.</P>
<P>The three melatonin trials had a total of 209 participants. There was no evidence that melatonin improved sleep. No serious harms were reported.</P>
<P>The trazodone trial had 30 participants. It showed that a low dose of the sedative anti-depressant trazodone, 50 mg, given at night for two weeks, increased the total time spent asleep each night by an average of 43 minutes. This medicine improved sleep efficiency (the percentage of time in bed spent sleeping), but had no effect on the time spent awake after falling asleep, or on the number of times the participants woke up at night. No serious harms were reported.</P>
<P>The ramelteon trial had 74 participants. The limited information available did not provide any evidence that ramelteon was better than placebo. There were no serious harms caused by ramelteon.</P>
<P>The trials did not report on some of the outcomes which interested us, including quality of life and the impact on carers.</P>
<P>
<B>Shortcomings of this review</B>
</P>
<P>Although we searched for them, we were not able to find any trials of other sleeping medications that are commonly prescribed to people with AD.</P>
<P>We concluded that there is very little evidence to guide decisions about medicines for sleeping problems in AD. Any medicine used should be used cautiously, with a careful assessment of how well it works, and its risks, and side effects in individual patients. More trials are needed to inform medical practice, with a particular need for trials investigating medicines that are commonly used for sleep problems in AD. It is essential that trials include careful assessment of side effects.</P>
</SUMMARY_BODY>
  </SUMMARY>
  <ABSTRACT TRANSLATED="NO">
    <ABS_BACKGROUND>
<P>Sleep disturbances, including reduced nocturnal sleep time, sleep fragmentation, nocturnal wandering and daytime sleepiness are common clinical problems in dementia due to Alzheimer's disease (AD), and are associated with significant caregiver distress, increased healthcare costs and institutionalisation. Drug treatment is often sought to alleviate these problems, but there is significant uncertainty about the efficacy and adverse effects of the various hypnotic drugs in this vulnerable population.</P>
</ABS_BACKGROUND>
    <ABS_OBJECTIVES>
<P>To assess the effects, including common adverse effects, of any drug treatment versus placebo for sleep disorders in people with Alzheimer's disease through identification and analysis of all relevant randomized controlled trials (RCTs).</P>
</ABS_OBJECTIVES>
    <ABS_SEARCH_STRATEGY>
<P>We searched ALOIS (<A HREF="http://www.medicine.ox.ac.uk/alois">www.medicine.ox.ac.uk/alois</A>), the Cochrane Dementia and Cognitive Improvement Group's Specialized Register, on 31 March 2013 using the terms: sleep, insomnia, circadian, hypersomnia, parasomnia, somnolence, "rest-activity", sundowning.</P>
</ABS_SEARCH_STRATEGY>
    <ABS_SELECTION_CRITERIA>
<P>We included RCTs that compared a drug with placebo and that had the primary aim of improving sleep in people with Alzheimer's disease who had an identified sleep disturbance at baseline. Trials could also include non-pharmacological interventions as long as both drug and placebo groups had the same exposure to them.</P>
</ABS_SELECTION_CRITERIA>
    <ABS_DATA_COLLECTION>
<P>Two authors working independently extracted data on study design, risk of bias and results from the included study reports. Additional information was obtained from study authors where necessary. We used the mean difference as the measure of treatment effect and, where possible, synthesized results using a fixed-effect model.</P>
</ABS_DATA_COLLECTION>
    <ABS_RESULTS>
<P>We found RCTs eligible for inclusion for three drugs: melatonin (209 participants, three studies, but only two yielded data suitable for meta-analysis), trazodone (30 participants, one study) and ramelteon (74 participants, one study, no peer-reviewed publication, very limited information available).</P>
<P>The melatonin and trazodone studies were of people with moderate-to-severe AD; the ramelteon study was of people with mild-to-moderate AD. In all studies participants had a variety of common sleep problems. All primary sleep outcomes were measured using actigraphy. In one study of melatonin, drug treatment was combined with morning bright light therapy. Only two studies made a systematic assessment of adverse effects. Overall, the published studies were at low risk of bias, although there were areas of incomplete reporting and some problems with participant attrition, related largely to poor tolerance of actigraphy and technical difficulties. The risk of bias in the ramelteon study was unclear due to incomplete reporting.</P>
<P>We found no evidence that melatonin, either immediate- or slow-release, improved any major sleep outcome in patients with AD. We were able to synthesize data for two sleep outcomes: total nocturnal sleep time (MD 10.68 minutes, 95% CI -16.22 to 37.59, two studies), and the ratio of daytime sleep to night-time sleep (MD -0.13, 95% CI -0.29 to 0.03, two studies). Other outcomes were reported in single studies. We found no difference between intervention and control groups for sleep efficiency, time awake after sleep onset or number of night-time awakenings, nor in cognition or performance of activities of daily living (ADLs). No serious adverse effects of melatonin were reported in the included studies.</P>
<P>Trazodone 50 mg administered at night for two weeks significantly improved total nocturnal sleep time (MD 42.46 minutes, 95% CI 0.9 to 84.0, one study) and sleep efficiency (MD 8.53, 95% CI 1.9 to 15.1, one study), but there was no clear evidence of any effect on the amount of time spent awake after sleep onset (MD -20.41, 95% CI -60.4 to 19.6, one study) or the number of nocturnal awakenings (MD -3.71, 95% CI -8.2 to 0.8, one study). No effect was seen on daytime sleep, nor on cognition or ADLs. No serious adverse effects were reported.</P>
<P>Results from a phase 2 trial investigating ramelteon 8 mg administered at night were available in summary form in a sponsor's synopsis. Ramelteon had no effect on total nocturnal sleep time at one week (primary outcome) or eight weeks (end of treatment). The synopsis reported few significant differences from placebo for any sleep, behavioural or cognitive outcomes; none were likely to be of clinical significance. There were no serious adverse effects of ramelteon.</P>
</ABS_RESULTS>
    <ABS_CONCLUSIONS>
<P>We discovered a distinct lack of evidence to help guide drug treatment of sleep problems in AD. In particular, we found no RCTs of many drugs that are widely prescribed for sleep problems in AD, including the benzodiazepine and non-benzodiazepine hypnotics, although there is considerable uncertainty about the balance of benefits and risks associated with these common treatments. From the studies we identified for this review, we found no evidence that melatonin is beneficial to AD patients with moderate to severe dementia and sleep problems. There is some evidence to support the use of a low dose (50 mg) of trazodone, although a larger trial is needed to allow a more definitive conclusion to be reached on the balance of risks and benefits. There was no evidence of any effect of ramelteon on sleep in patients with mild to moderate dementia due to AD. This is an area with a high need for pragmatic trials, particularly of those drugs that are in common clinical use for sleep problems in AD. Systematic assessment of adverse effects is essential.</P>
</ABS_CONCLUSIONS>
  </ABSTRACT>
</DOC>
