<?xml version="1.0"?>
<DOC>
  <TITLE TRANSLATED="NO">Cannabinoids for epilepsy</TITLE>
  <SUMMARY TRANSLATED="NO">
    <SUMMARY_TITLE>Cannabinoids for epilepsy</SUMMARY_TITLE>
    <SUMMARY_BODY>
<P>Epilepsy is a disorder of recurrent unprovoked seizures. More than half of seizures can be controlled by anti-epileptic medications. For the remaining patients, they may wish to try other agents to obtain better control. Marijuana, or cannabinoids, may be one such agent. This review assessed the efficacy of marijuana, or cannabinoids, as a treatment for epilepsy. No reliable conclusions can be drawn at present regarding the efficacy of cannabinoids as a treatment for epilepsy. Further trials are needed.</P>
</SUMMARY_BODY>
  </SUMMARY>
  <ABSTRACT TRANSLATED="NO">
    <ABS_BACKGROUND>
<P>Marijuana appears to have anti-epileptic effects in animals. It is not currently known if it is effective in patients with epilepsy. Some states in the United States of America have explicitly approved its use for epilepsy.</P>
</ABS_BACKGROUND>
    <ABS_OBJECTIVES>
<P>To assess the efficacy and safety of cannabinoids when used as monotherapy or add-on treatment for people with epilepsy.</P>
</ABS_OBJECTIVES>
    <ABS_SEARCH_STRATEGY>
<P>We searched the Cochrane Epilepsy Group Specialized Register (9 September 2013), Cochrane Central Register of Controlled Trials (CENTRAL) in <I>The Cochrane Library</I> (2013, Issue 8), MEDLINE (Ovid) (9 September 2013), ISI Web of Knowledge (9 September 2013), CINAHL (EBSCOhost) (9 September 2013), and ClinicalTrials.gov (9 September 2013). In addition, we included studies we personally knew about that were not found by the searches, as well as searched the references in the identified studies.</P>
</ABS_SEARCH_STRATEGY>
    <ABS_SELECTION_CRITERIA>
<P>Randomized controlled trials (RCTs) whether blinded or not.</P>
</ABS_SELECTION_CRITERIA>
    <ABS_DATA_COLLECTION>
<P>Two authors independently selected trials for inclusion and extracted the data. The primary outcome investigated was seizure freedom at one year or more, or three times the longest interseizure interval. Secondary outcomes included responder rate at six months or more, objective quality of life data, and adverse events.</P>
</ABS_DATA_COLLECTION>
    <ABS_RESULTS>
<P>We found four randomized trial reports that included a total of 48 patients, each of which used cannabidiol as the treatment agent. One report was an abstract and another was a letter to the editor. Anti-epileptic drugs were continued in all studies. Details of randomisation were not included in any study report. There was no investigation of whether the control and treatment participant groups were the same or different. All the reports were low quality.</P>
<P>The four reports only answered the secondary outcome about adverse effects. None of the patients in the treatment groups suffered adverse effects.</P>
</ABS_RESULTS>
    <ABS_CONCLUSIONS>
<P>No reliable conclusions can be drawn at present regarding the efficacy of cannabinoids as a treatment for epilepsy. The dose of 200 to 300 mg daily of cannabidiol was safely administered to small numbers of patients generally for short periods of time, and so the safety of long term cannabidiol treatment cannot be reliably assessed.</P>
</ABS_CONCLUSIONS>
  </ABSTRACT>
</DOC>
