<?xml version="1.0"?>
<DOC>
  <TITLE TRANSLATED="NO">Extracorporeal photopheresis versus alternative treatment for chronic graft-versus-host disease after haematopoietic stem cell transplantation in paediatric patients</TITLE>
  <SUMMARY TRANSLATED="NO">
    <SUMMARY_TITLE>Extracorporeal photopheresis treatment for chronic graft-versus-host disease after haematopoietic stem cell transplantation in paediatric patients</SUMMARY_TITLE>
    <SUMMARY_BODY>
<P>
<B>Background</B>
</P>
<P>Chronic graft-versus-host disease is a common complication after haematopoietic stem cell transplantation (HSCT; transplant of blood-forming stem cells). Immune cells (white blood cells) from the donor recognise the patient's cells as foreign ("non-self"). Therefore, the transplanted immune cells attack the cells of the patient. The main affected organs are skin, liver and gut, among other organ tissues. These immune reactions may cause acute inflammation followed by chronic changes of the organs (e.g. fibrosis). First-line therapy usually consists of immunosuppressive drugs in the form of corticosteroids in combination with other immunosuppressive agents in refractory cases (where the disease is resistant to treatment). The use of these immunosuppressive drugs is designed to suppress the immune-mediated attack of the patient's cells. Limited effectiveness and severe side effects of these immunosuppressive drugs have led to the application of several alternative approaches. Extracorporeal photopheresis (ECP) is an immunomodulatory therapy that involves collection of immune cells from peripheral blood outside the patient's body. These immune cells are exposed to a photoactive agent (a chemical that responds to exposure to light; e.g. 8-methoxypsoralen) with subsequent ultraviolet-A radiation and then re-infused. The immunomodulatory effects of this procedure have not been completely elucidated. Several current clinical practice recommendations suggest consideration of ECP in paediatric patients with chronic graft-versus-host disease.</P>
<P>
<B>Study characteristics</B>
</P>
<P>We searched scientific databases for randomised controlled trials (clinical studies where people are randomly put into one of two or more treatment groups) that were designed to evaluate the effectiveness and safety of ECP for the management of chronic graft-versus-host disease in children and adolescents (under 18 years of age) after HSCT.</P>
<P>
<B>Results</B>
</P>
<P>We found no RCTs that analysed the efficacy of ECP for paediatric patients with chronic graft-versus-host disease after HSCT. Current recommendations are based on retrospective (a study in which the outcomes have occurred to the participants before the study began) or observational (a study in which the investigators do not seek to intervene, and simply observed the course of events) studies only. Thus, ideally, ECP should be applied in paediatric patients in the context of RCTs only. In the meantime, ECP may be considered in people with steroid-refractory chronic GvHD keeping in mind that such a treatment is not supported by high-level evidence. If treatment decisions based on clinical grounds in favour of ECP are made, patients should be carefully monitored for beneficial and harmful effects and efforts should be made to share this information with other clinicians, for example by setting up registries for paediatric patients that are treated<B>
<I> </I>
</B>with ECP.</P>
</SUMMARY_BODY>
  </SUMMARY>
  <ABSTRACT TRANSLATED="NO">
    <ABS_BACKGROUND>
<P>Chronic graft-versus-host disease (GvHD) is a major cause of morbidity and mortality after haematopoietic stem cell transplantation occurring in 6% to 65% of the recipients. Currently, the therapeutic mainstay for chronic GvHD are corticosteroids that are frequently combined with other immunosuppressive agents in people with steroid-refractory manifestations. There is no established standard treatment for steroid-refractory chronic GvHD. The therapeutic options in these people include extracorporeal photopheresis (ECP), an immunomodulatory treatment that involves ex vivo collection of mononuclear cells from peripheral blood, exposure to the photoactive agent 8-methoxypsoralen, ultraviolet radiation and re-infusion of the processed cell product. The mechanisms of action of ECP are not completely understood.</P>
</ABS_BACKGROUND>
    <ABS_OBJECTIVES>
<P>To evaluate the effectiveness and safety of ECP for the management of chronic GvHD in children and adolescents after haematopoietic stem cell transplantation.</P>
</ABS_OBJECTIVES>
    <ABS_SEARCH_STRATEGY>
<P>We searched the Cochrane Central Register of Controlled Trials (Issue 9, 2012<I>), </I>MEDLINE and EMBASE databases from their inception to 12 September 2012. We searched the reference lists of potentially relevant studies without any language restriction.<B> </B>We searched eight trial registers and five conference proceedings. We also contacted experts in the field.</P>
</ABS_SEARCH_STRATEGY>
    <ABS_SELECTION_CRITERIA>
<P>Randomised controlled trials (RCTs) comparing ECP with or without alternative treatment versus alternative treatment alone in paediatric patients with chronic GvHD after haematopoietic stem cell transplantation.</P>
</ABS_SELECTION_CRITERIA>
    <ABS_DATA_COLLECTION>
<P>Two review authors independently performed the study selection. We resolved disagreements in the selection of trials by consultation with a third review author.</P>
</ABS_DATA_COLLECTION>
    <ABS_RESULTS>
<P>We found no studies meeting the criteria for inclusion in this review.</P>
</ABS_RESULTS>
    <ABS_CONCLUSIONS>
<P>The efficacy of ECP in the treatment of chronic GvHD in paediatric patients after haematopoietic stem cell transplantation based on RCTs can currently not be evaluated since we have found no such studies. Current recommendations are based on retrospective or observational studies only. Thus, ideally, ECP should be applied in the context of controlled trials only. However, performing RCTs in this patient population will be challenging due to the limited number of patients, the variable disease presentation and the lack of well-defined response criteria. International collaboration, multicentre trials and appropriate funding for such trials will be needed. If treatment decisions based on clinical grounds in favour of ECP are made, people should be carefully monitored for beneficial and harmful effects and efforts should be made to share this information with other clinicians, for example by setting up registries for paediatric patients that are treated with ECP.</P>
</ABS_CONCLUSIONS>
  </ABSTRACT>
</DOC>
