<?xml version="1.0"?>
<DOC>
  <TITLE TRANSLATED="NO">The WHO Health Promoting School framework for improving the health and well-being of students and their academic achievement</TITLE>
  <SUMMARY TRANSLATED="NO">
    <SUMMARY_TITLE>The WHO Health Promoting School framework for improving the health and well-being of students and their academic achievement</SUMMARY_TITLE>
    <SUMMARY_BODY>
<P>
<B>Background</B>
</P>
<P>Health and education are strongly connected: healthy children achieve better results at school, which in turn are associated with improved health later in life. This relationship between health and education forms the basis of the World Health Organization's (WHO’s) Health Promoting Schools (HPS) framework, an approach to promoting health in schools that addresses the whole school environment. Although the HPS framework is used in many schools, we currently do not know if it is effective. This review aimed to assess whether the HPS framework can improve students’ health and well-being and their performance at school.</P>
<P>
<B>Study characteristics</B>
</P>
<P>We searched 20 health, education, and social science databases, as well as trials registries and relevant websites, for cluster-randomised controlled trials of school-based interventions aiming to improve the health of young people aged four to 18 years. We only included trials of programmes that addressed all three points in the HPS framework: including health education in the curriculum; changing the school’s social or physical environment, or both; and involving students’ families or the local community, or both.</P>
<P>
<B>Key results</B>
</P>
<P>We found 67 trials, comprising 1345 schools and 98 districts, that fulfilled our criteria. These focused on a wide range of health topics, including physical activity, nutrition, substance use (tobacco, alcohol, and drugs), bullying, violence, mental health, sexual health, hand-washing, cycle-helmet use, sun protection, eating disorders, and oral health. For each study, two review authors independently extracted relevant data and assessed the risk of the study being biased. We grouped together studies according to the health topic(s) they focused on.</P>
<P>We found that interventions using the HPS approach were able to reduce students’ body mass index (BMI), increase physical activity and fitness levels, improve fruit and vegetable consumption, decrease cigarette use, and reduce reports of being bullied. However, we found little evidence of an effect on BMI when age and gender were taken into account (zBMI), and no evidence of effectiveness on fat intake, alcohol and drug use, mental health, violence, and bullying others. We did not have enough data to draw conclusions about the effectiveness of the HPS approach for sexual health, hand-washing, cycle-helmet use, eating disorders, sun protection, oral health or academic outcomes. Few studies discussed whether the health promotion activities, or the collection of data relating to these, could have caused any harm to the students involved.</P>
<P>
<B>Quality of the evidence</B>
</P>
<P>Overall, the quality of evidence was low to moderate. We identified some problems with the way studies were conducted, which may have introduced bias, including many studies relying on students’ accounts of their own behaviours (rather than these being measured objectively) and high numbers of students dropping out of studies. These problems, and the small number of studies included in our analysis, limit our ability to draw clear conclusions about the effectiveness of the HPS framework in general.</P>
<P>
<B>Conclusions</B>
</P>
<P>Overall, we found some evidence to suggest the HPS approach can produce improvements in certain areas of health, but there are not enough data to draw conclusions about its effectiveness for others. We need more studies to find out if this approach can improve other aspects of health and how students perform at school.</P>
</SUMMARY_BODY>
  </SUMMARY>
  <ABSTRACT TRANSLATED="NO">
    <ABS_BACKGROUND>
<P>The World Health Organization's (WHO’s) Health Promoting Schools (HPS) framework is an holistic, settings-based approach to promoting health and educational attainment in school. The effectiveness of this approach has not been previously rigorously reviewed.</P>
</ABS_BACKGROUND>
    <ABS_OBJECTIVES>
<P>To assess the effectiveness of the Health Promoting Schools (HPS) framework in improving the health and well-being of students and their academic achievement.</P>
</ABS_OBJECTIVES>
    <ABS_SEARCH_STRATEGY>
<P>We searched the following electronic databases in January 2011 and again in March and April 2013: Cochrane Central Register of Controlled Trials (CENTRAL), MEDLINE, EMBASE, PsycINFO, CINAHL, Campbell Library, ASSIA, BiblioMap, CAB Abstracts, IBSS, Social Science Citation Index, Sociological Abstracts, TRoPHI, Global Health Database, SIGLE, Australian Education Index, British Education Index, Education Resources Information Centre, Database of Education Research, Dissertation Express, Index to Theses in Great Britain and Ireland, <A HREF="http://clinicaltrials.gov">ClinicalTrials.gov</A>, <A HREF="http://www.controlled-trials.com/mrct/">Current controlled trials</A>, and <A HREF="http://apps.who.int/trialsearch/">WHO International Clinical Trials Registry Platform</A>. We also searched relevant websites, handsearched reference lists, and used citation tracking to identify other relevant articles.</P>
</ABS_SEARCH_STRATEGY>
    <ABS_SELECTION_CRITERIA>
<P>We included cluster-randomised controlled trials where randomisation took place at the level of school, district or other geographical area. Participants were children and young people aged four to 18 years, attending schools or colleges. In this review, we define HPS interventions as comprising the following three elements: input to the curriculum; changes to the school’s ethos or environment or both; and engagement with families or communities, or both. We compared this intervention against schools that implemented either no intervention or continued with their usual practice, or any programme that included just one or two of the above mentioned HPS elements.</P>
</ABS_SELECTION_CRITERIA>
    <ABS_DATA_COLLECTION>
<P>At least two review authors identified relevant trials, extracted data, and assessed risk of bias in the trials. We grouped different types of interventions according to the health topic targeted or the approach used, or both. Where data permitted, we performed random-effects meta-analyses to provide a summary of results across studies.</P>
</ABS_DATA_COLLECTION>
    <ABS_RESULTS>
<P>We included 67 eligible cluster trials, randomising 1443 schools or districts. This is made up of 1345 schools and 98 districts. The studies tackled a range of health issues: physical activity (4), nutrition (12), physical activity and nutrition combined (18), bullying (7), tobacco (5), alcohol (2), sexual health (2), violence (2), mental health (2), hand-washing (2), multiple risk behaviours (7), cycle-helmet use (1), eating disorders (1), sun protection (1), and oral health (1). The quality of evidence overall was low to moderate as determined by the GRADE approach. 'Risk of bias' assessments identified methodological limitations, including heavy reliance on self-reported data and high attrition rates for some studies. In addition, there was a lack of long-term follow-up data for most studies.</P>
<P>We found positive effects for some interventions for: body mass index (BMI), physical activity, physical fitness, fruit and vegetable intake, tobacco use, and being bullied. Intervention effects were generally small but have the potential to produce public health benefits at the population level. We found little evidence of effectiveness for standardised body mass index (zBMI) and no evidence of effectiveness for fat intake, alcohol use, drug use, mental health, violence and bullying others; however, only a small number of studies focused on these latter outcomes. It was not possible to meta-analyse data on other health outcomes due to lack of data. Few studies provided details on adverse events or outcomes related to the interventions. In addition, few studies included any academic, attendance or school-related outcomes. We therefore cannot draw any clear conclusions as to the effectiveness of this approach for improving academic achievement.</P>
</ABS_RESULTS>
    <ABS_CONCLUSIONS>
<P>The results of this review provide evidence for the effectiveness of some interventions based on the HPS framework for improving certain health outcomes but not others. More well-designed research is required to establish the effectiveness of this approach for other health topics and academic achievement.</P>
</ABS_CONCLUSIONS>
  </ABSTRACT>
</DOC>
