<?xml version="1.0"?>
<DOC>
  <TITLE TRANSLATED="NO">Single dose oral dexibuprofen [S(+)-ibuprofen] for acute postoperative pain in adults</TITLE>
  <SUMMARY TRANSLATED="NO">
    <SUMMARY_TITLE>Single dose oral dexibuprofen for acute postoperative pain in adults</SUMMARY_TITLE>
    <SUMMARY_BODY>
<P>Acute pain is often felt soon after injury. Most people who have surgery have moderate or severe pain afterwards. People with pain are used to test pain killers. They have often had wisdom teeth removed. The pain is often treated with pain killers given by mouth. Results can be applied to other forms of acute pain.</P>
<P>A series of reviews looks at how good pain killers are. This review looks at a drug called dexibuprofen. This is a form of ibuprofen. It is thought to give the same pain relief at a lower dose.</P>
<P>We found two clinical trials with 313 people. Dexibuprofen at 200 mg or 400 mg single doses probably produced useful pain relief. The small number of studies, and of people in them, meant that no sensible results about benefit or harm after taking the drug were available. </P>
</SUMMARY_BODY>
  </SUMMARY>
  <ABSTRACT TRANSLATED="NO">
    <ABS_BACKGROUND>
<P>This review is an update of a previously published review in The Cochrane Database of Systematic Reviews Issue 3, 2009 on single dose oral dexibuprofen (S(+)-ibuprofen) for acute postoperative pain in adults.</P>
<P>Dexibuprofen is a non-steroidal anti-inflammatory drug (NSAID) licensed for use in rheumatic disease and other musculoskeletal disorders in the UK, and widely available in other countries worldwide. It is an active isomer of ibuprofen. This review sought to evaluate the efficacy and safety of oral dexibuprofen in acute postoperative pain, using clinical studies in patients with established pain, and with outcomes measured primarily over four to six hours, using standard methods. This type of study has been used for many decades to establish that drugs have analgesic properties.</P>
</ABS_BACKGROUND>
    <ABS_OBJECTIVES>
<P>To assess the efficacy and adverse effects of single dose oral dexibuprofen for acute postoperative pain using methods that permit comparison with other analgesics evaluated in standardised studies using almost identical methods and outcomes.</P>
</ABS_OBJECTIVES>
    <ABS_SEARCH_STRATEGY>
<P>Searches were run for the original review in 2009 and subsequent searches have been run in August 2013. We did not find any new published studies as a result of the updated search.</P>
<P>We searched for randomised studies of dexibuprofen in acute postoperative pain in MEDLINE, EMBASE, and CENTRAL (<I>The Cochrane LIbrary</I>), and for clinical trial reports and synopses of published and unpublished studies from Internet sources.</P>
</ABS_SEARCH_STRATEGY>
    <ABS_SELECTION_CRITERIA>
<P>Randomised, double blind, placebo-controlled clinical studies of oral dexibuprofen for relief of acute postoperative pain in adults.</P>
</ABS_SELECTION_CRITERIA>
    <ABS_DATA_COLLECTION>
<P>Two review authors independently assessed study quality and extracted data. We extracted pain relief or pain intensity data and converted it into the dichotomous outcome of number of participants with at least 50% pain relief over four to six hours, from which relative risk and number needed to treat to benefit (NNT) were calculated. Numbers of participants using rescue medication over specified time periods, and time to use of rescue medication, were sought as additional measures of efficacy. We collected information on adverse events and withdrawals.</P>
</ABS_DATA_COLLECTION>
    <ABS_RESULTS>
<P>New data were identified for this update in one unpublished trial synopsis (BR1160 1995) in addition to the single study (Dionne 1998) that was included in the original review. In both studies dexibuprofen gave high levels of response, with 51/96 (53%) participants experiencing at least 50% pain relief with dexibuprofen 200 mg and 35/50 (70%) with dexibuprofen 400 mg, compared with 75/147 (51%) with racemic ibuprofen 400 mg, and 12/62 (13%) with placebo. The numbers of participants was too small to calculate NNTs with any meaning. The median time to additional analgesic use was greater than four hours for all active therapies, but about two hours for placebo.</P>
<P>Adverse events were generally of mild or moderate intensity and consistent with events normally associated with anaesthesia and surgery. There were no serious adverse events or deaths.</P>
<P>Additional data did not alter the conclusions from the earlier review.</P>
</ABS_RESULTS>
    <ABS_CONCLUSIONS>
<P>The information from these two studies in acute postoperative pain suggested that dexibuprofen may be a useful analgesic, but at doses not very different from racemic ibuprofen, for which considerably more evidence exists.</P>
</ABS_CONCLUSIONS>
  </ABSTRACT>
</DOC>
