<?xml version="1.0"?>
<DOC>
  <TITLE TRANSLATED="NO">Antibiotics for preventing suppurative complications from undifferentiated acute respiratory infections in children under five years of age</TITLE>
  <SUMMARY TRANSLATED="NO">
    <SUMMARY_TITLE>Antibiotics for common respiratory infections with unclear causes and undifferentiated symptoms in children up to five years of age</SUMMARY_TITLE>
    <SUMMARY_BODY>
<P>Undifferentiated acute respiratory infections (ARIs) are<B> </B>large and varied groups of infections that are not clearly restricted to one specific part of the upper respiratory tract. They last for up to seven days. Common respiratory infections have a wide variety of causes, leading to potential complications such as ear, throat and sinus infections. These infections are more common in pre-school children and are the most frequent reasons for parents to seek medical assistance. Furthermore, they are responsible for 75% of the total prescribed antibiotics in high-income countries.</P>
<P>This review focuses on the use of antibiotics to prevent clinical bacterial complications in children up to five years of age with undifferentiated ARIs.</P>
<P>We included four trials (1314 children). Three trials investigated the prevention of ear infections and one investigated the prevention of pneumonia. Just one of the included trials addressed outcomes related to adverse effects caused by antibiotics in children with undifferentiated ARI. However, the trial's data could not be analysed as it was expressed in percentages rather than absolute terms.</P>
<P>Our goal was to evaluate the benefits and harms of the use of antibiotics in preventing bacterial complications in children up to five years of age with undifferentiated ARIs. The quality of evidence currently available does not provide strong support for antibiotic use in preventing ear infections and pneumonia in children with undifferentiated ARIs.</P>
<P>The evidence is current to May 2013.</P>
</SUMMARY_BODY>
  </SUMMARY>
  <ABSTRACT TRANSLATED="NO">
    <ABS_BACKGROUND>
<P>Undifferentiated acute respiratory infections (ARIs) are a large and heterogeneous group of infections not clearly restricted to one specific part of the upper respiratory tract, which last for up to seven days. They are more common in pre-school children in low-income countries and are responsible for 75% of the total amount of prescribed antibiotics in high-income countries. One possible rationale for prescribing antibiotics is the wish to prevent bacterial complications.</P>
</ABS_BACKGROUND>
    <ABS_OBJECTIVES>
<P>To assess the effectiveness and safety of antibiotics in preventing complications in children aged two to 59 months with undifferentiated ARIs.</P>
</ABS_OBJECTIVES>
    <ABS_SEARCH_STRATEGY>
<P>We searched CENTRAL 2013, Issue 4, MEDLINE (1950 to May week 2, 2013) and EMBASE (1974 to May 2013).</P>
</ABS_SEARCH_STRATEGY>
    <ABS_SELECTION_CRITERIA>
<P>Randomised controlled trials (RCT) or quasi-RCTs comparing antibiotic prescriptions with placebo or non-treatment in children up to 59 months<B> </B>with an undifferentiated ARI for up to seven days.</P>
</ABS_SELECTION_CRITERIA>
    <ABS_DATA_COLLECTION>
<P>Two review authors independently assessed trial quality and extracted and analysed data using the standard Cochrane methodological procedures.</P>
</ABS_DATA_COLLECTION>
    <ABS_RESULTS>
<P>We identified four trials involving 1314 children. Three trials investigated the use of amoxicillin/clavulanic acid to prevent otitis and one investigated ampicillin to prevent pneumonia.</P>
<P>The use of amoxicillin/clavulanic acid compared to placebo to prevent otitis showed a risk ratio (RR) of 0.70 (95% confidence interval (CI) 0.45 to 1.11, three trials, 414 selected children, moderate-quality evidence). Methods of random sequence generation and allocation concealment were not clearly stated in two trials. Performance, detection and reporting bias could not be ruled out in three trials.</P>
<P>Ampicillin compared to supportive care (continuation of breastfeeding, clearing of the nose and paracetamol for fever control) to prevent pneumonia showed a RR of 1.05 (95% CI 0.74 to 1.49, one trial, 889 selected children, moderate-quality evidence). The trial was non-blinded. Random sequence generation and allocation concealment methods were not clearly stated so the possibility of reporting bias could not be ruled out.</P>
<P>Harm outcomes could not be analysed as they were expressed only in percentages.</P>
<P>No studies were found assessing mastoiditis, quinsy, abscess, meningitis, hospital admission or death.</P>
</ABS_RESULTS>
    <ABS_CONCLUSIONS>
<P>The quality of evidence currently available does not provide strong support for antibiotic use as a means of reducing the risk of otitis or pneumonia in children up to five years of age with undifferentiated ARIs. Further high-quality research is needed to provide more definitive evidence of the effectiveness of antibiotics in this population.</P>
</ABS_CONCLUSIONS>
  </ABSTRACT>
</DOC>
