<?xml version="1.0"?>
<DOC>
  <TITLE TRANSLATED="NO">Perioperative fluid volume optimization following proximal femoral fracture</TITLE>
  <SUMMARY TRANSLATED="NO">
    <SUMMARY_TITLE>Optimization of fluid levels in people suffering hip fractures</SUMMARY_TITLE>
    <SUMMARY_BODY>
<P>Hip fractures are common in elderly people, who often have medical conditions that put them at risk of developing other problems whilst their fracture is treated. Treatment usually involves an operation to fix the break in the bone, and it is possible that giving too much or too little fluid to a patient around this time may increase the risk of further problems. Healthcare staff can use many approaches in trying to determine how much fluid a patient needs in this situation, but it is not clear if some methods are better than others. For this<B>
<I> </I>
</B>Cochrane review, researchers from The Cochrane Collaboration looked at research on the effects of different methods of optimizing fluid levels for adult men and women who underwent surgery for any type of hip fracture. We searched the databases to October 2012 and identified three studies (randomized controlled trials) with a total of 200 people, each of which compared two or three methods of guiding fluid therapy. These methods include 'usual care' (where staff use changes in basic measurements, such as heart rate, to decide for themselves how much fluid to give), 'protocols using standard measures' (where staff use changes in basic measurements to give fluid according to a formal set of rules) and 'advanced haemodynamic monitoring' (where staff use equipment, such as specialized blood pressure monitoring devices placed into arteries, to guide how much fluid to give). These trials found no evidence that using one method instead of another reduces harm, including death or number of complications. One study suggests that length of stay in the hospital may be reduced if protocols or advanced haemodynamic methods are used, but because the number of people studied is not large, it is not possible to draw firm conclusions about this. No information was found regarding differences in the time taken for people to return to their previous type of accommodation or level of mobility. Two ongoing studies may provide more information in the future. The quality of evidence in a review may be high, moderate, low or very low. In this review, the evidence was assessed as being of low quality for all outcomes except time to medical fitness for discharge, for which the quality of evidence was moderate. Research findings to this point are insufficient to show how one can best optimize fluid levels in the large number of people around the world suffering from hip fracture. This is an update of a review published in 2004.</P>
</SUMMARY_BODY>
  </SUMMARY>
  <ABSTRACT TRANSLATED="NO">
    <ABS_BACKGROUND>
<P>Proximal femoral fracture (PFF) is a common orthopaedic emergency, affecting mainly elderly people at high risk of complications. Advanced methods for managing fluid therapy during treatment for PFF are available, but their role in reducing risk is unclear.</P>
</ABS_BACKGROUND>
    <ABS_OBJECTIVES>
<P>To compare the safety and effectiveness of different methods of perioperative fluid optimization in adult participants undergoing surgical repair of hip fracture. We considered the following methods: advanced invasive haemodynamic monitoring, such as transoesophageal Doppler and pulse contour analysis; a protocol using standard measures, such as blood pressure, urine output and central venous pressure; and usual care.</P>
<P>Comparisons of fluid types (e.g. crystalloid vs colloid) and other methods of optimizing oxygen delivery, such as blood product therapies and pharmacological treatment with inotropes and vasoactive drugs, are considered elsewhere.</P>
</ABS_OBJECTIVES>
    <ABS_SEARCH_STRATEGY>
<P>We searched the Cochrane Central Register of Controlled Trials (CENTRAL) (<I>The Cochrane Library </I>2012, Issue 9<I>); </I>MEDLINE (1966 to October 2012); and EMBASE (1980 to October 2012) without language restrictions. We ran forward and backward citation searches on identified trials. We contacted authors and searched ClinicalTrials.gov and the WHO International Clinical Trials Registry Platform for unpublished trials. This is an updated version of a review published in 2004. The original search was performed in October 2003.</P>
</ABS_SEARCH_STRATEGY>
    <ABS_SELECTION_CRITERIA>
<P>We included randomized controlled trials (RCTs) in adult participants undergoing surgical treatment for PFF, which compared any two of advanced haemodynamic monitoring, protocols using standard measures or usual care, irrespective of blinding, language or publication status.</P>
</ABS_SELECTION_CRITERIA>
    <ABS_DATA_COLLECTION>
<P>Two review authors assessed the impact of fluid optimization interventions on outcomes of mortality, length of hospital stay, return of participant to pre-fracture accommodation and mobility at six months and adverse events in hospital. We pooled data using risk ratio or mean difference for dichotomous or continuous data, respectively, based on random-effects models.</P>
</ABS_DATA_COLLECTION>
    <ABS_RESULTS>
<P>We included three RCTs with a total of 200 participants. One of these included studies was found to have a high risk of bias; no trial featured all pre-specified outcomes. We found one trial for which data are awaited for classification and two ongoing trials. One included study with low risk of bias found that compared with usual care, time to medical fitness for discharge was shorter with the use of advanced haemodynamic monitoring (mean reduction 6.20 days, 95% CI 2.3 to 10.1 days; 59 participants, one trial) and with the use of protocols that apply standard measures (mean reduction 3.9 days, 95% CI 0.75 to 7.05; 57 participants, one trial). Our results are consistent with both increased and decreased risk of mortality and adverse events in participants receiving the intervention. No data for other outcomes were available. Our results are limited by the quantity of available data.</P>
</ABS_RESULTS>
    <ABS_CONCLUSIONS>
<P>Three studies considering a total of 200 participants reveal an absence of evidence that fluid optimization strategies improve outcomes for participants undergoing surgery for PFF. Length of hospital stay may be improved, but lack of good quality data leaves uncertainty. Further research powered to test some of these outcomes is ongoing.</P>
</ABS_CONCLUSIONS>
  </ABSTRACT>
</DOC>
