<?xml version="1.0"?>
<DOC>
  <TITLE TRANSLATED="NO">Extracorporeal photopheresis versus standard treatment for acute graft-versus-host disease after haematopoietic stem cell transplantation in paediatric patients</TITLE>
  <SUMMARY TRANSLATED="NO">
    <SUMMARY_TITLE>Extracorporeal photopheresis for acute graft-versus-host disease after haematopoietic stem cell transplantation in paediatric patients</SUMMARY_TITLE>
    <SUMMARY_BODY>
<P>
<B>Background</B>
</P>
<P>Acute graft-versus-host disease is a common complication after haematopoietic stem cell transplantation (HSCT; transplant of blood-forming stem cells). Immune cells (white blood cells) from the donor recognise the patient's cells as foreign ('non-self'). Therefore, the transplanted immune cells attack the cells of the patient. The main affected organs are skin, liver and gut among other organ tissues. These immune reactions may cause acute inflammation followed by chronic changes of the organs (e.g. fibrosis). First-line therapy usually consists of immunosuppressive drugs such as corticosteroids in combination with other immunosuppressive agents in refractory cases (where the disease is resistant to treatment). The use of these immunosuppressive drugs is designed to suppress the immune-mediated attack of the patient's cells. Limited effectiveness and severe side effects of these immunosuppressive drugs have led to the application of several alternative approaches.</P>
<P>Extracorporeal photopheresis (ECP) is an immunomodulatory therapy that involves collection of immune cells from peripheral blood outside the person's body. These immune cells are then exposed to a photoactive agent (a chemical that responds to exposure to light; e.g. 8-methoxypsoralen) with subsequent ultraviolet-A radiation and then re-infused. The immunomodulatory effects of this procedure have not been completely elucidated.</P>
<P>Several current clinical practice recommendations suggest consideration of ECP in paediatric patients with acute graft-versus-host disease after HSCT.</P>
<P>
<B>Study characteristics</B>
</P>
<P>We searched scientific databases for randomised controlled trials (RCTs; clinical studies where people are randomly put into one of two or more treatment groups) that were designed to evaluate the effectiveness and safety of ECP for the management of acute graft-versus-host disease in children and adolescents (under 18 years of age) after HSCT.</P>
<P>
<B>Results</B>
</P>
<P>We found no RCTs that analysed the efficacy of ECP for paediatric patients with acute graft-versus-host disease after HSCT. Current recommendations are based on retrospective (a study in which the outcomes have occurred to the participants before the study began) or observational (a study in which the investigators do not seek to intervene, and simply observed the course of events) studies only. We recommend the use of ECP in paediatric patients after HSCT only in the context of RCTs.</P>
</SUMMARY_BODY>
  </SUMMARY>
  <ABSTRACT TRANSLATED="NO">
    <ABS_BACKGROUND>
<P>Acute graft-versus host disease (aGvHD) is a major cause of morbidity and mortality after haematopoietic stem cell transplantation (HSCT) occurring in 8% to 59% of the recipients. Currently, the therapeutic mainstay for aGvHD is corticosteroids. However, there is no established standard treatment for steroid-refractory aGvHD. Extracorporeal photopheresis (ECP) is a type of immunomodulatory method amongst different therapeutic options that involves ex vivo collection of peripheral mononuclear cells, exposure to the photoactive agent 8-methoxypsoralen and ultraviolet-A radiation, and re-infusion of these treated blood cells to the patient. The mechanisms of action of ECP are not completely understood</P>
</ABS_BACKGROUND>
    <ABS_OBJECTIVES>
<P>To evaluate the effectiveness and safety of ECP for the management of aGvHD in children and adolescents after HSCT.</P>
</ABS_OBJECTIVES>
    <ABS_SEARCH_STRATEGY>
<P>We searched the Cochrane Central Register of Controlled Trials (Issue 9, 2012)<I>, </I>MEDLINE/PubMed and EMBASE (Ovid) databases from their inception to 12 September 2012. We searched the reference lists of potentially relevant studies without any language restriction.<B> </B>We searched eight trial registers and four conference proceedings. We also contacted an expert in the field to request information on unpublished study that involves ECP in aGvHD after HSCT.</P>
</ABS_SEARCH_STRATEGY>
    <ABS_SELECTION_CRITERIA>
<P>Randomised controlled trials (RCTs) comparing ECP with or without standard treatment versus standard treatment alone in paediatric patients with aGvHD after HSCT.</P>
</ABS_SELECTION_CRITERIA>
    <ABS_DATA_COLLECTION>
<P>Two review authors independently performed the study selection. We resolved disagreement in the selection of trials by consultation with a third review author.</P>
</ABS_DATA_COLLECTION>
    <ABS_RESULTS>
<P>We found no studies meeting the criteria for inclusion in this review.</P>
</ABS_RESULTS>
    <ABS_CONCLUSIONS>
<P>The efficacy of ECP in the treatment of aGvHD in paediatric patients after HSCT is unknown and its use should be restricted within the context of RCTs. Such studies should address a comparison of ECP alone or in combination with standard treatment versus standard treatment alone.</P>
<P> </P>
</ABS_CONCLUSIONS>
  </ABSTRACT>
</DOC>
