<?xml version="1.0"?>
<DOC>
  <TITLE TRANSLATED="NO">Singing as an adjunct therapy for children and adults with cystic fibrosis</TITLE>
  <SUMMARY TRANSLATED="NO">
    <SUMMARY_TITLE>The effects of singing on lung function and quality of life in children and adults with cystic fibrosis</SUMMARY_TITLE>
    <SUMMARY_BODY>
<P>People with cystic fibrosis are at risk of chest infections due to abnormally thick mucus in their airways. Airway clearance is therefore an important part of cystic fibrosis management. Increasing anecdotal reports suggests that singing may support lung function and enhance quality of life in people with cystic fibrosis. We searched for trials using the standard search methods of the Cochrane Cystic Fibrosis and Genetic Disorders Group, and conducted extensive searches in other relevant databases and publications.</P>
<P>One small study evaluated the effects of singing on the quality of life and lung function of children with cystic fibrosis who are in hospital. This study compared singing with other non-physical leisure activities, such as playing computer games or watching movies. The included study was limited by the small number of participants (only 51 participants) and a high drop-out rate (21%). The study assessed the impacts of singing on respiratory muscle strength, quality of life and lung function tests. It found a statistically significant difference in maximal expiratory pressure (a substitute measure of respiratory muscle strength) in favour of singing at one time point. However, both the singing and control groups showed improvements in some quality of life measurements; and no differences were reported in other lung function measures. There is currently not enough evidence to show that singing can improve clinical outcomes in people with cystic fibrosis. Future studies using robust methods are needed to assess the possible effects of singing for people with cystic fibrosis.</P>
</SUMMARY_BODY>
  </SUMMARY>
  <ABSTRACT TRANSLATED="NO">
    <ABS_BACKGROUND>
<P>Cystic fibrosis is a genetically inherited, life-threatening condition that affects major organs. The management of cystic fibrosis involves a multi-faceted daily treatment regimen that includes airway clearance techniques, pancreatic enzymes and other medications. Previous studies have found that compliance with this intensive treatment is poor, especially among adolescents. Because of both the nature and consequences of the illness and the relentless demands of the treatment, many individuals with cystic fibrosis have a poor quality of life. Anecdotal reports suggest that singing may provide both appropriate exercise for the whole respiratory system and a means of emotional expression which may enhance quality of life.</P>
</ABS_BACKGROUND>
    <ABS_OBJECTIVES>
<P>To evaluate the effects of singing as an adjunct therapy to standard treatment on the quality of life, morbidity, respiratory muscle strength and pulmonary function of children and adults with cystic fibrosis.</P>
</ABS_OBJECTIVES>
    <ABS_SEARCH_STRATEGY>
<P>We searched the Group's Cystic Fibrosis Trials Register and the Cochrane Central Register of Controlled Trials. Date of latest search: 31 March 2014.</P>
<P>We also searched major allied complementary data bases, and clinical trial registers. Additionally, we handsearched relevant conference proceedings and journals. Date of latest search: 24 May 2012.</P>
</ABS_SEARCH_STRATEGY>
    <ABS_SELECTION_CRITERIA>
<P>Randomised controlled trials in which singing (as an adjunct intervention) is compared with either a control intervention (for example, playing computer games or doing craft activities) or no singing in people with cystic fibrosis.</P>
</ABS_SELECTION_CRITERIA>
    <ABS_DATA_COLLECTION>
<P>Results of searches were reviewed against pre-determined criteria for inclusion. Only one eligible trial was available for analysis.</P>
</ABS_DATA_COLLECTION>
    <ABS_RESULTS>
<P>Since only one small study was included, no meta-analysis could be performed. The included study was a parallel, randomised controlled trial undertaken at two paediatric hospitals in Australia. The study evaluated the effects of a singing program on the quality of life and respiratory muscle strength of hospitalised children with cystic fibrosis (mean age 11.6 years, 35% male). While the singing group received eight individual singing sessions, the control group participated in preferred recreational activities, such as playing computer games or watching movies. This study was limited by a small sample size (51 participants) and a high drop-out rate (21%). </P>
<P>There were no significant differences between the groups at either post-intervention or follow up; although by the end of treatment there were some within-group statistically significant increases for both singing and control groups in some of the domains of the quality of life questionnaire Cystic Fibrosis Questionnaire-Revised (e.g. emotional, social and vitality domains). For the respiratory muscle strength indices, maximal expiratory pressure at follow up (six to eight weeks post-intervention) was higher in the singing group, mean difference 25.80 (95% confidence interval 5.94 to 45.66). There was no significant difference between groups for any of the other respiratory function parameters (maximal inspiratory pressure, spirometry) at either post-intervention or follow up.</P>
</ABS_RESULTS>
    <ABS_CONCLUSIONS>
<P>There is insufficient evidence to determine the effects of singing on quality of life or on the respiratory parameters in people with cystic fibrosis. However, there is growing interest in non-medical treatments for cystic fibrosis and researchers may wish to investigate the impact of this inexpensive therapy on respiratory function and psychosocial well-being further in the future.</P>
</ABS_CONCLUSIONS>
  </ABSTRACT>
</DOC>
