<?xml version="1.0"?>
<DOC>
  <TITLE TRANSLATED="NO">Cognitive behavioural therapies for fibromyalgia</TITLE>
  <SUMMARY TRANSLATED="NO">
    <SUMMARY_TITLE>Cognitive behavioural therapies for fibromyalgia syndrome</SUMMARY_TITLE>
    <SUMMARY_BODY>
<P>Researchers in The Cochrane Collaboration conducted a review of research about the effects of cognitive-behavioural therapies (CBTs) on fibromyalgia (FM). After searching for all relevant studies, they found 23 studies with up to 2031 people. Their findings are summarised below.</P>
<P>
<B>After about 12 weeks, children, adolescents and adults with FMS, who used CBTs compared to controls, were likely to report that CBT </B>
</P>
<P>- may reduce slightly pain, negative mood and disability at the end of the treatment;</P>
<P>- may reduce slightly pain, negative mood and disability six months after the end of treatment.</P>
<P>There was no difference between CBTs and controls in the number of people who withdrew from treatment.</P>
<P>We do not have precise information about side effects and complications of CBTs. Rare complications may include worsening of co-existing mental disorders.</P>
<P>
<B>What is fibromyalgia and what are cognitive behavioural therapies?</B>
</P>
<P>People with FM suffer from chronic widespread pain, sleep problems and fatigue. There is no cure for FM at present, so treatments aim to relieve symptoms and to improve daily functioning.</P>
<P>Cognitive behavioural therapies (CBTs) are widely used psychological treatments for a wide range of health problems, including chronic pain. CBTs are effective in enhancing patients’ beliefs in their own abilities and developing ways to deal with health problems. The primary goals of CBTs are to change negative thoughts and feelings that individuals may have of their physical and mental problems and to change their behaviour accordingly. Patients<I> </I>learn skills (for example, relaxation, activity pacing) to help them to manage their pain better or develop different attitudes towards pain (for example, more acceptance), or both.</P>
<P>
<B>Best estimates of what happens to people with FMS when they use CBTs</B>
</P>
<P>
<B>Pain</B> (higher scores mean worse or more severe pain):</P>
<P>- People who used CBTs rated their pain to be 0.5 points lower at the end of treatment (6.3% absolute improvement) and to be 0.6 points lower six months after the end of treatment on a scale of 0 to 10 (4.2% absolute improvement).</P>
<P>- People who used CBTs rates their pain to be 6.9 points on a scale of 0-10.</P>
<P>- People who used a control treatment rated their pain to be 7.4 points on a scale of 0 to 10.</P>
<P>
<B>Negative mood</B> (higher scores mean worse or more severe negative mood):</P>
<P>- People who used CBTs rated their depressed mood to be 0.7 points lower at the end of treatment (10.2% absolute improvement) and to be 1.3 points lower six months after the end of treatment on a scale of 0 to 10 (2.7% absolute improvement).</P>
<P>- People who used CBTs rated their negative mood to be 6.1 points on a scale of 0 to 10.</P>
<P>- People who had a control treatment rated their negative mood to be 6.8 points on a scale of 0 to 10.</P>
<P>
<B>Disability</B> (higher scores mean more disability):</P>
<P>- People who used CBTs rated their disability to be 0.7 points lower at the end of treatment (7.2% absolute improvement) and to be 1.2 points lower six months after the end of treatment on a scale of 0 to 10 (11.7% absolute improvement).</P>
<P>- Peope who used CBTs rated their disability to be 2.0 points on a scale of 0 to 10.</P>
<P>- People who used a control treatment rated their disability to be 2.8 points on a scale of 0 to 10.</P>
<P>
<B>Withdrawing from treatment</B>:</P>
<P>- The number of people who withdrew from CBTs compared to control interventions due to any reason was equal.</P>
<P>- 15 people out of 100 who used CBTs withdrew from treatment due to any reason;</P>
<P>- 15 people out of 100 who used control interventions withdrew from treatment due to any reason.</P>
</SUMMARY_BODY>
  </SUMMARY>
  <ABSTRACT TRANSLATED="NO">
    <ABS_BACKGROUND>
<P>Fibromyalgia (FM) is a clinically well-defined chronic condition of unknown aetiology characterized by chronic widespread pain that often co-exists with sleep disturbances, cognitive dysfunction and fatigue. Patients often report high disability levels and negative mood. Psychotherapies focus on reducing key symptoms, improving daily functioning, mood and sense of personal control over pain.</P>
</ABS_BACKGROUND>
    <ABS_OBJECTIVES>
<P>To assess the benefits and harms of cognitive behavioural therapies (CBTs) for treating FM at end of treatment and at long-term (at least six months) follow-up.</P>
</ABS_OBJECTIVES>
    <ABS_SEARCH_STRATEGY>
<P>We searched the Cochrane Central Register of Controlled Trials (CENTRAL) (<I>The Cochrane Library</I> 2013, Issue 8), MEDLINE (1966 to 28 August 2013), PsycINFO (1966 to 28 August 2013) and SCOPUS (1980 to 28 August 2013). We searched <A HREF="http://www.clinicaltrials.gov">http://www.clinicaltrials.gov</A> (web site of the US National Institutes of Health) and the World Health Organization Clinical Trials Registry Platform (ICTRP) (<A HREF="http://www.who.int/ictrp/en/">http://www.who.int/ictrp/en/</A>) for ongoing trials (last search 28 August,2013), and the reference lists of reviewed articles.</P>
</ABS_SEARCH_STRATEGY>
    <ABS_SELECTION_CRITERIA>
<P>We selected randomised controlled trials of CBTs with children, adolescents and adults diagnosed with FM.</P>
</ABS_SELECTION_CRITERIA>
    <ABS_DATA_COLLECTION>
<P>The data of all included studies were extracted and the risks of bias of the studies were assessed independently by two review authors. Discrepancies were resolved by discussion.</P>
</ABS_DATA_COLLECTION>
    <ABS_RESULTS>
<P>Twenty-three studies with 24 study arms with CBTs were included. A total of 2031 patients were included; 1073 patients in CBT groups and 958 patients in control groups. Only two studies were without any risk of bias. The GRADE quality of evidence of the studies was low. CBTs were superior to controls in reducing pain at end of treatment by 0.5 points on a scale of 0 to 10 (standardised mean difference (SMD) - 0.29; 95% confidence interval (CI) -0.49 to -0.17) and by 0.6 points at long-term follow-up (median 6 months) (SMD -0.40; 95% CI -0.62 to -0.17); in reducing negative mood at end of treatment by 0.7 points on a scale of 0 to 10 (SMD - 0.33; 95% CI -0.49 to -0.17) and by 1.3 points at long-term follow-up (median 6 months) (SMD -0.43; 95% CI -0.75 to -0.11); and in reducing disability at end of treatment by 0.7 points on a scale of 0 to 10 (SMD - 0.30; 95% CI -0.51 to -0.08) and at long-term follow-up (median 6 months) by 1.2 points (SMD -0.52; 95% CI -0.86 to -0.18). There was no statistically significant difference in dropout rates for any reasons between CBTs and controls (risk ratio (RR) 0.94; 95% CI 0.65 to 1.35).</P>
</ABS_RESULTS>
    <ABS_CONCLUSIONS>
<P>CBTs provided a small incremental benefit over control interventions in reducing pain, negative mood and disability at the end of treatment and at long-term follow-up. The dropout rates due to any reason did not differ between CBTs and controls.</P>
</ABS_CONCLUSIONS>
  </ABSTRACT>
</DOC>
