<?xml version="1.0"?>
<DOC>
  <TITLE TRANSLATED="NO">Artesunate plus pyronaridine for treating uncomplicated Plasmodium falciparum malaria</TITLE>
  <SUMMARY TRANSLATED="NO">
    <SUMMARY_TITLE>Artesunate plus pyronaridine for treating uncomplicated <I>Plasmodium falciparum</I> malaria</SUMMARY_TITLE>
    <SUMMARY_BODY>
<P>
<B>What is uncomplicated malaria and how might artesunate-pyronaridine work</B>
</P>
<P>Uncomplicated malaria is the milder form of malaria which usually causes fever, with or without headache, tiredness, muscle pains, abdominal pains, nausea, and vomiting. If left untreated, uncomplicated malaria can rapidly develop into severe malaria with kidney failure, fitting, unconsciousness, and eventually death. <I>Plasmodium falciparum</I> is the most common parasite causing malaria in sub-Saharan Africa and causes most of the severe malaria worldwide.</P>
<P>The World Health Organization currently recommends countries use one of five different artemisinin-based combination therapies (ACTs) to treat malaria. These combinations contain an artemisinin component (artemether, dihydroartemisinin, or artesunate), which works quickly to clear the parasite from the person's blood, and a longer-acting drug which clears the remaining parasites from the blood and may prevent new <I>Plasmodium</I> infections for several weeks. Artesunate plus pyronaridine is a new combination and in this review we evaluate its effectiveness and safety compared to the other ACTs.</P>
<P>After examining the research published up to 16 January 2014, we included six randomized controlled trials, enrolling 3718 children and adults.</P>
<P>
<B>What the research says </B>
</P>
<P>Based on studies of mostly older children and adults living in Africa and Southeast Asia, artesunate-pyronaridine is probably as effective as artemether-lumefantrine at treating uncomplicated malaria and preventing further malaria infections after treatment (<I>moderate quality evidence</I>).</P>
<P>In a study primarily of older children and adults in Asia, artesunate-pyronaridine is probably as effective as artesunate plus mefloquine at treating <I>P. falciparum</I> malaria and preventing recurrent parasitaemias (<I>moderate quality evidence</I>).</P>
<P>Serious adverse events were rare in people treated with either artesunate-pyronaridine or other ACTs. However, short-lasting liver toxicity was more frequent in people treated with artesunate-pyronaridine than with the other antimalarials (<I>moderate quality evidence</I>).</P>
<P>
<B>Authors' conclusions</B>
</P>
<P>Artesunate-pyronaridine performed well compared to the other two ACT with which it has been compared, but further studies in African and Asian children are required to help clarify whether this combination is an option for first-line treatment.</P>
</SUMMARY_BODY>
  </SUMMARY>
  <ABSTRACT TRANSLATED="NO">
    <ABS_BACKGROUND>
<P>The World Health Organization (WHO) recommends that people with uncomplicated <I>Plasmodium falciparum</I> malaria are treated using Artemisinin-based Combination Therapy (ACT). ACT combines three-days of a short-acting artemisinin derivative with a longer-acting antimalarial which has a different mode of action. Pyronaridine has been reported as an effective antimalarial over two decades of use in parts of Asia, and is currently being evaluated as a partner drug for artesunate.</P>
</ABS_BACKGROUND>
    <ABS_OBJECTIVES>
<P>To evaluate the efficacy and safety of artesunate-pyronaridine compared to alternative ACTs for treating people with uncomplicated <I>P. falciparum</I> malaria.</P>
</ABS_OBJECTIVES>
    <ABS_SEARCH_STRATEGY>
<P>We searched the Cochrane Infectious Diseases Group Specialized Register; Cochrane Central Register of Controlled Trials (CENTRAL), published in <I>The Cochrane Library</I>; MEDLINE; EMBASE; LILACS; ClinicalTrials.gov; the <I>meta</I>Register of Controlled Trials (<I>m</I>RCT); and the WHO International Clinical Trials Search Portal up to 16 January 2014. We searched reference lists and conference abstracts, and contacted experts for information about ongoing and unpublished trials.</P>
</ABS_SEARCH_STRATEGY>
    <ABS_SELECTION_CRITERIA>
<P>Randomized controlled trials of artesunate-pyronaridine versus other ACTs in adults and children with uncomplicated <I>P. falciparum</I> malaria.</P>
<P>For the safety analysis, we also included adverse events data from trials comparing any treatment regimen containing pyronaridine with regimens not containing pyronaridine.</P>
</ABS_SELECTION_CRITERIA>
    <ABS_DATA_COLLECTION>
<P>Two authors independently assessed trial eligibility and risk of bias, and extracted data. We combined dichotomous data using risk ratios (RR) and continuous data using mean differences (MD), and presented all results with a 95% confidence interval (CI). We used the GRADE approach to assess the quality of evidence.</P>
</ABS_DATA_COLLECTION>
    <ABS_RESULTS>
<P>We included six randomized controlled trials enrolling 3718 children and adults.</P>
<P>
<I>Artesunate-pyronaridine versus artemether-lumefantrine</I>
</P>
<P>In two multicentre trials, enrolling mainly older children and adults from west and south-central Africa, both artesunate-pyronaridine and artemether-lumefantrine had fewer than 5% PCR adjusted treatment failures during 42 days of follow-up, with no differences between groups (two trials, 1472 participants, <I>low quality evidence</I>). There were fewer new infections during the first 28 days in those given artesunate-pyronaridine (PCR-unadjusted treatment failure: RR 0.60, 95% CI 0.40 to 0.90, two trials, 1720 participants, <I>moderate quality evidence</I>), but no difference was detected over the whole 42 day follow-up (two trials, 1691 participants, <I>moderate quality evidence</I>).</P>
<P>
<I>Artesunate-pyronaridine versus artesunate plus mefloquine</I>
</P>
<P>In one multicentre trial, enrolling mainly older children and adults from South East Asia, both artesunate-pyronaridine and artesunate plus mefloquine had fewer than 5% PCR adjusted treatment failures during 28 days follow-up (one trial, 1187 participants, <I>moderate quality evidence</I>). PCR-adjusted treatment failures were 6% by day 42 for these treated with artesunate-pyronaridine, and 4% for those with artesunate-mefloquine (RR 1.64, 95% CI 0.89 to 3.00, one trial, 1116 participants, <I>low quality evidence</I>). Again, there were fewer new infections during the first 28 days in those given artesunate-pyronaridine (PCR-unadjusted treatment failure: RR 0.35, 95% CI 0.17 to 0.73, one trial, 1720 participants, <I>moderate quality evidence</I>), but no differences were detected over the whole 42 days (one trial, 1146 participants, <I>low quality evidence</I>).</P>
<P>
<I>Adverse effects</I>
</P>
<P>Serious adverse events were uncommon in these trials, with no difference detected between artesunate-pyronaridine and comparator ACTs. The analysis of liver function tests showed biochemical elevation were four times more frequent with artesunate-pyronaridine than with the other antimalarials (RR 4.17, 95% CI 1.38 to 12.62, four trials, 3523 participants, <I>moderate quality evidence</I>).</P>
</ABS_RESULTS>
    <ABS_CONCLUSIONS>
<P>Artesunate-pyronaridine performed well in these trials compared to artemether-lumefantrine and artesunate plus mefloquine, with PCR-adjusted treatment failure at day 28 below the 5% standard set by the WHO. Further efficacy and safety studies in African and Asian children are required to clarify whether this combination is an option for first-line treatment.</P>
</ABS_CONCLUSIONS>
  </ABSTRACT>
</DOC>
