<?xml version="1.0"?>
<DOC>
  <TITLE TRANSLATED="NO">Oral herbal therapies for treating osteoarthritis</TITLE>
  <SUMMARY TRANSLATED="NO">
    <SUMMARY_TITLE>Oral herbal therapies for treating osteoarthritis</SUMMARY_TITLE>
    <SUMMARY_BODY>
<P>
<B>Background: what is osteoarthritis and what is herbal therapy?</B>
</P>
<P>Osteoarthritis (OA) is a disease of the joints (commonly knees, hips, hands). When joints lose cartilage, bone grows to try to repair the damage. Instead of making things better, however, the bone grows abnormally and makes things worse. For example, the bone can become misshapen and make the joint painful and limit movement. OA can affect your physical function, particularly your ability to use your joints.</P>
<P>Herbal medicines are defined as being finished, labelled medicinal products that contain as active ingredients aerial or underground parts of plants or other plant material, or combinations thereof, whether in the crude state or as plant preparations (for example extracts, oils, tinctures).</P>
<P>
<B>Study characteristics</B>
</P>
<P>This summary of an update of a Cochrane review presents what we know from research about the effects of herbal therapies consumed orally by people with osteoarthritis. After searching for all relevant studies to August 2013, we included 45 new studies since the last review, giving a total of 49 studies (on 33 herbal interventions) that included 5980 participants, most with mild to moderate symptomatic osteoarthritis of the knee or hip. Thirty-three different medicinal plant products were compared with placebo or active intervention controls and many comparisons had single studies only; thus, we have restricted reporting of results here to multiple studies of <I>Boswellia serrata</I> (monoherbal) and avocado-soyabean unsaponifiables (ASU) (two herb combination) products<I>.</I>
</P>
<P>
<B>Key results</B>
</P>
<P>
<B>
<I>Boswellia serrata</I> </B>
</P>
<P>Pain on a scale of 0 to 100 points (lower scores mean reduced pain):</P>
<P>- people who used 100 mg of enriched <I>Boswellia serrata</I> extract rated their pain 17 points lower (range 8 to 26 points lower) (17% absolute improvement) at 90 days compared with placebo;</P>
<P>- people who used enriched <I>Boswellia serrata</I> extract 100 mg rated their pain as 23 points;</P>
<P>- people who used a placebo preparation rated their pain as 40 points.</P>
<P>Physical function on a scale of 0 to 100 points (lower scores means better physical function):</P>
<P>- people who used 100 mg of enriched <I>Boswellia serrata</I> extract rated their physical function 8 points better (2 to 14 points better) on a 100 point scale (8% absolute improvement) at 90 days compared with placebo;</P>
<P>- people who used 100 mg of enriched <I>Boswellia serrata</I> extract rated their physical function as 25 points;</P>
<P>- people who used placebo rated their physical function as 33 points.</P>
<P>
<B>Avocado-soyabean unsaponifiables (ASU) product Piascledine®</B>
</P>
<P>Pain on a scale of 0 to 100 points (lower scores mean less pain):</P>
<P>- people who used ASU 300 mg rated their pain 8 points lower (1 to 16 points lower) on a 100 point scale (8% absolute improvement) at 3 to 12 months compared with placebo;</P>
<P>- people who used ASU 300 mg rated their pain as 33 points;</P>
<P>- people who used placebo rated their pain as 41 points.<BR/>
</P>
<P>Physical function on a scale of 0 to 100 mm scale (lower scores means better physical function):</P>
<P>- people who used ASU 300 mg rated their physical function 7 mm better (2 to 12 mm better) on a 100 mm scale (7% absolute improvement) at 3 to 12 months compared with placebo;</P>
<P>- people who used ASU 300 mg rated their physical function as 40 mm;</P>
<P>- people who used placebo rated their physical function as 47 mm.</P>
<P>
<B>Quality of the evidence</B>
</P>
<P>There is high-quality evidence that in people with osteoarthritis <I>Boswellia serrata </I>slightly improved pain and function. Further research is unlikely to change the estimates.</P>
<P>There is moderate-quality evidence that avocado-soybean unsaponifiables (ASU) probably improved pain and function slightly, but may not preserve joint space. Further research may change the estimates.</P>
<P>We are uncertain whether other oral herbal products improve osteoarthritis pain or function, or slow progression of joint structure damage because the available evidence is limited to single studies or studies that cannot be pooled, and some of these studies are of low to very low quality. Quality of life was not measured.</P>
<P>Herbal therapies may cause side effects, however we are uncertain if there is an increased risk of these.</P>
</SUMMARY_BODY>
  </SUMMARY>
  <ABSTRACT TRANSLATED="NO">
    <ABS_BACKGROUND>
<P>Medicinal plant products are used orally for treating osteoarthritis. Although their mechanisms of action have not yet been elucidated in full detail, interactions with common inflammatory mediators provide a rationale for using them to treat osteoarthritic complaints.</P>
</ABS_BACKGROUND>
    <ABS_OBJECTIVES>
<P>To update a previous Cochrane review to assess the benefits and harms of oral medicinal plant products in treating osteoarthritis.</P>
</ABS_OBJECTIVES>
    <ABS_SEARCH_STRATEGY>
<P>We searched electronic databases (CENTRAL, MEDLINE, EMBASE, AMED, CINAHL, ISI Web of Science, World Health Organization Clinical Trials Registry Platform) to 29 August 2013, unrestricted by language, and the reference lists from retrieved trials.</P>
</ABS_SEARCH_STRATEGY>
    <ABS_SELECTION_CRITERIA>
<P>Randomised controlled trials of orally consumed herbal interventions compared with placebo or active controls in people with osteoarthritis were included. Herbal interventions included any plant preparation but excluded homeopathy or aromatherapy products, or any preparation of synthetic origin.</P>
</ABS_SELECTION_CRITERIA>
    <ABS_DATA_COLLECTION>
<P>Two authors used standard methods for trial selection and data extraction, and assessed the quality of the body of evidence using the GRADE approach for major outcomes (pain, function, radiographic joint changes, quality of life, withdrawals due to adverse events, total adverse events, and serious adverse events).</P>
</ABS_DATA_COLLECTION>
    <ABS_RESULTS>
<P>Forty-nine randomised controlled studies (33 interventions, 5980 participants) were included. Seventeen studies of confirmatory design (sample and effect sizes pre-specified) were mostly at moderate risk of bias. The remaining 32 studies of exploratory design were at higher risk of bias. Due to differing interventions, meta-analyses were restricted to <I>Boswellia serrata</I> (monoherbal) and avocado-soyabean unsaponifiables (ASU) (two herb combination) products.</P>
<P>Five studies of three different extracts from <I>Boswellia serrata</I> were included. High-quality evidence from two studies (85 participants) indicated that 90 days treatment with 100 mg of enriched <I>Boswellia serrata</I> extract improved symptoms compared to placebo. Mean pain was 40 points on a 0 to 100 point VAS scale (0 is no pain) with placebo, enriched <I>Boswellia serrata</I> reduced pain by a mean of 17 points (95% confidence interval (CI) 8 to 26); number needed to treat for an additional beneficial outcome (NNTB) 2; the 95% CIs did not exclude a clinically significant reduction of 15 points in pain. Physical function was 33 points on the Western Ontario and McMaster Universities Osteoarthritis Index (WOMAC) 0 to 100 point subscale (0 is no loss of function) with placebo, enriched <I>Boswellia serrata</I> improved function by 8 points (95% CI 2 to 14); NNTB 4. Assuming a minimal clinically important difference of 10 points, we cannot exclude a clinically important benefit in some people. Moderate-quality evidence (one study, 96 participants) indicated that adverse events were probably reduced with enriched <I>Boswellia serrata</I> (18/48 events versus 30/48 events with placebo; relative risk (RR) 0.60, 95% CI 0.39 to 0.92). Possible benefits of other <I>Boswellia serrata </I>extracts over placebo were confirmed in moderate-quality evidence from two studies (97 participants) of <I>Boswellia serrata </I>(enriched) 100 mg plus non-volatile oil, and low-quality evidence from small single studies of a 999 mg daily dose of <I>Boswellia serrata</I> extract and 250 mg daily dose of enriched<I> Boswellia serrata</I>. It was uncertain if a 99 mg daily dose of <I>Boswellia serrata</I> offered benefits over valdecoxib due to the very low-quality evidence from a small single study. It was uncertain if there was an increased risk of adverse events or withdrawals with <I>Boswellia serrata</I> extract due to variable reporting of results across studies. The studies reported no serious adverse events. Quality of life and radiographic joint changes were not measured.</P>
<P>Six studies examined the ASU product Piasclidine®. Moderate-quality evidence from four studies (651 participants) indicated that ASU 300 mg produced a small and clinically questionable improvement in symptoms, and probably no increased adverse events compared to placebo after three to 12 months treatment. Mean pain with placebo was 40.5 points on a VAS 0 to 100 scale (0 is no pain), ASU 300 mg reduced pain by a mean of 8.5 points (95% CI 1 to 16 points); NNTB 8. ASU 300 mg improved function (standardised mean difference (SMD) -0.42, 95% CI -0.73 to -0.11). Function was estimated as 47 mm (0 to 100 mm scale, where 0 is no loss of function) with placebo, ASU 300 mg improved function by a mean of 7 mm (95% CI 2 to 12 mm); NNTB 5 (3 to 19). There were no differences in adverse events (5 studies, 1050 participants) between ASU (53%) and placebo (51%) (RR 1.04, 95% CI 0.97 to 1.12); withdrawals due to adverse events (1 study, 398 participants) between ASU (17%) and placebo (15%) (RR 1.14, 95% CI 0.73 to 1.80); or serious adverse events (1 study, 398 participants) between ASU (40%) and placebo (33%) (RR 1.22, 95% CI 0.94 to 1.59). Radiographic joint changes, measured as change in joint space width (JSW) in two studies (453 participants) did not differ between ASU 300 mg treatment (-0.53 mm) and placebo (-0.65 mm); mean difference of -0.12 (95% CI -0.43 to 0.19). Moderate-quality evidence from a single study (156 participants) confirmed possible benefits of ASU 600 mg over placebo, with no increased adverse events. Low-quality evidence (1 study, 357 participants) indicated there may be no differences in symptoms or adverse events between ASU 300 mg and chondroitin sulphate. Quality of life was not measured.</P>
<P>All other herbal interventions were investigated in single studies, limiting conclusions. No serious side effects related to any plant product were reported.<BR/>
</P>
</ABS_RESULTS>
    <ABS_CONCLUSIONS>
<P>Evidence for the proprietary ASU product Piasclidine® in the treatment of osteoarthritis symptoms seems moderate to high for short term use, but studies over a longer term and against an apparently active control are less convincing. Several other medicinal plant products, including extracts of <I>Boswellia serrata</I>, show trends of benefits that warrant further investigation in light of the fact that the risk of adverse events appear low.</P>
<P>There is no evidence that Piasclidine® significantly improves joint structure, and limited evidence that it prevents joint space narrowing. Structural changes were not tested for with any other herbal intervention.</P>
<P>Further investigations are required to determine optimum daily doses producing clinical benefits without adverse events.</P>
</ABS_CONCLUSIONS>
  </ABSTRACT>
</DOC>
