<?xml version="1.0"?>
<DOC>
  <TITLE TRANSLATED="NO">Outpatient versus inpatient induction of labour for improving birth outcomes</TITLE>
  <SUMMARY TRANSLATED="NO">
    <SUMMARY_TITLE>Outpatient versus inpatient induction of labour</SUMMARY_TITLE>
    <SUMMARY_BODY>
<P>Up to a quarter of pregnant women may need their labour started artificially, or induced, with the use of medication or by other means. With most methods of induction it takes some time for labour to actually start. This means that it may be more convenient to women, and cheaper for health service providers, if they are cared for in outpatient settings, such as in their own homes. Women who are at low obstetric or medical risk could be assessed in hospital, given the induction agent and then return home with clear instructions. The use of outpatient induction of labour attempts to balance possible improvements in maternal satisfaction, convenience, reduced length of stay in hospital and lower cost with the safety of both the mother and baby.</P>
<P>Four randomised controlled trials with a combined total of 1439 women assessed the effects of induction of labour for women managed as outpatients versus inpatients. Out of a total of four studies, the induction agents differed in two studies, whereas the remaining two studies evaluated the same induction agent (vaginal PGE2). The limited information from these trials did not support more successful induction within 24 hours, shorter length of stay in hospital or differences in need for further induction or the mode of giving birth. The information available was limited and it is, therefore, not yet possible to determine whether induction of labour is effective and safe in outpatient settings.</P>
</SUMMARY_BODY>
  </SUMMARY>
  <ABSTRACT TRANSLATED="NO">
    <ABS_BACKGROUND>
<P>More than 20% of women undergo induction of labour in some countries. The different methods used to induce labour have been the focus of previous reviews, but the setting in which induction takes place (hospital versus outpatient settings) may have implications for maternal satisfaction and costs. It is not known whether some methods of induction that are effective and safe in hospital are suitable in outpatient settings.</P>
</ABS_BACKGROUND>
    <ABS_OBJECTIVES>
<P>To assess the effects on outcomes for mothers and babies of induction of labour for women managed as outpatients versus inpatients.</P>
</ABS_OBJECTIVES>
    <ABS_SEARCH_STRATEGY>
<P>We searched the Cochrane Pregnancy and Childbirth Group's Trials Register (30 June 2013).</P>
</ABS_SEARCH_STRATEGY>
    <ABS_SELECTION_CRITERIA>
<P>Published and unpublished randomised and quasi-randomised trials in which inpatient and outpatient methods of cervical ripening or induction of labour have been compared.</P>
</ABS_SELECTION_CRITERIA>
    <ABS_DATA_COLLECTION>
<P>Two review authors independently assessed trial reports for inclusion. Two review authors carried out data extraction and assessment of risk of bias independently.</P>
</ABS_DATA_COLLECTION>
    <ABS_RESULTS>
<P>We included four trials, with a combined total of 1439 women in the review; each trial examined a different method of induction and we were unable to pool the results from trials.</P>
<P>1. Vaginal PGE2 (two studies including 1028 women). There were no differences between women managed as outpatients versus inpatients for most review outcomes. There was no evidence of a difference between the likelihood of women requiring instrumental delivery in either setting (risk ratio (RR) 1.29; 95% confidence interval (CI) 0.79 to 2.13). The overall length of hospital stay was similar in the two groups.</P>
<P>2. Controlled release PGE2 10 mg (one study including 300 women). There was no evidence of differences between groups for most review outcomes, including success of induction. During the induction period itself, women in the outpatient group were more likely to report high levels of satisfaction with their care (satisfaction rated seven or more on a nine-point scale, RR 1.42; 95% CI 1.11 to 1.81), but satisfaction scores measured postnatally were similar in the two groups.</P>
<P>3. Foley catheter (one study including 111 women). There was no evidence of differences between groups for caesarean section rates, total induction time and the numbers of babies admitted to neonatal intensive care.</P>
</ABS_RESULTS>
    <ABS_CONCLUSIONS>
<P>The data available to evaluate the efficacy or potential hazards of outpatient induction are limited. It is, therefore, not yet possible to determine whether induction of labour is effective and safe in outpatient settings.</P>
</ABS_CONCLUSIONS>
  </ABSTRACT>
</DOC>
