<?xml version="1.0"?>
<DOC>
  <TITLE TRANSLATED="NO">Physical fitness training for stroke patients</TITLE>
  <SUMMARY TRANSLATED="NO">
    <SUMMARY_TITLE>Physical fitness training for stroke patients</SUMMARY_TITLE>
    <SUMMARY_BODY>
<P>Physical fitness is important to allow people to carry out everyday activities such as walking and climbing stairs. However, physical fitness is often reduced in stroke patients and may limit their ability to perform everyday activities and also worsen any stroke-related disability. For this reason fitness training has been proposed as a beneficial approach for stroke patients. In January 2013 this review identified 45 trials involving 2188 participants, which tested different forms of fitness training after stroke.</P>
<P>Studies of fitness training can be difficult to carry out. This means most of the studies were small and of moderate quality. However, some consistent findings did emerge. We found that some types of fitness training, particularly those involving walking, can improve exercise ability, walking and balance after stroke. However, there was not enough information to draw reliable conclusions about the impact of fitness training on quality of life or mood.</P>
<P>There was no evidence that any of the different types of fitness training caused injuries or other health problems; exercise appears to be a safe intervention.</P>
</SUMMARY_BODY>
  </SUMMARY>
  <ABSTRACT TRANSLATED="NO">
    <ABS_BACKGROUND>
<P>Levels of physical fitness are low after stroke. It is unknown whether improving physical fitness after stroke reduces disability.</P>
</ABS_BACKGROUND>
    <ABS_OBJECTIVES>
<P>To determine whether fitness training after stroke reduces death, dependence, and disability. The secondary aims were to determine the effects of training on physical fitness, mobility, physical function, quality of life, mood, and incidence of adverse events.</P>
</ABS_OBJECTIVES>
    <ABS_SEARCH_STRATEGY>
<P>We searched the Cochrane Stroke Group Trials Register (last searched January 2013), the Cochrane Central Register of Controlled Trials (CENTRAL) (<I>The Cochrane Library</I> 2012, Issue 12: searched January 2013), MEDLINE (1966 to January 2013), EMBASE (1980 to January 2013), CINAHL (1982 to January 2013), SPORTDiscus (1949 to January 2013), and five additional databases (January 2013). We also searched ongoing trials registers, handsearched relevant journals and conference proceedings, screened reference lists, and contacted experts in the field.</P>
</ABS_SEARCH_STRATEGY>
    <ABS_SELECTION_CRITERIA>
<P>Randomised trials comparing either cardiorespiratory training or resistance training, or both, with no intervention, a non-exercise intervention, or usual care in stroke survivors.</P>
</ABS_SELECTION_CRITERIA>
    <ABS_DATA_COLLECTION>
<P>Two review authors independently selected trials, assessed quality, and extracted data. We analysed data using random-effects meta-analyses. Diverse outcome measures limited the intended analyses.</P>
</ABS_DATA_COLLECTION>
    <ABS_RESULTS>
<P>We included 45 trials, involving 2188 participants, which comprised cardiorespiratory (22 trials, 995 participants), resistance (eight trials, 275 participants), and mixed training interventions (15 trials, 918 participants). Nine deaths occurred before the end of the intervention and a further seven at the end of follow-up. No dependence data were reported. Diverse outcome measures made data pooling difficult. Global indices of disability show a tendency to improve after cardiorespiratory training (standardised mean difference (SMD) 0.37, 95% confidence interval (CI) 0.10 to 0.64; P = 0.007); benefits at follow-up and after mixed training were unclear. There were insufficient data to assess the effects of resistance training.</P>
<P>Cardiorespiratory training involving walking improved maximum walking speed (mean difference (MD) 7.37 metres per minute, 95% CI 3.70 to 11.03), preferred gait speed (MD 4.63 metres per minute, 95% CI 1.84 to 7.43), walking capacity (MD 26.99 metres per six minutes, 95% CI 9.13 to 44.84), and Berg Balance scores (MD 3.14, 95% CI 0.56 to 5.73) at the end of the intervention. Mixed training, involving walking, increased preferred walking speed (MD 4.54 metres per minute, 95% CI 0.95 to 8.14), walking capacity (MD 41.60 metres per six minutes, 95% CI 25.25 to 57.95), and also pooled balance scores but the evidence is weaker (SMD 0.26 95% CI 0.04 to, 0.49). Some mobility benefits also persisted at the end of follow-up. The variability and trial quality hampered the assessment of the reliability and generalisability of the observed results.</P>
</ABS_RESULTS>
    <ABS_CONCLUSIONS>
<P>The effects of training on death and dependence after stroke are unclear. Cardiorespiratory training reduces disability after stroke and this may be mediated by improved mobility and balance. There is sufficient evidence to incorporate cardiorespiratory and mixed training, involving walking, within post-stroke rehabilitation programs to improve the speed and tolerance of walking; improvement in balance may also occur. There is insufficient evidence to support the use of resistance training. Further well-designed trials are needed to determine the optimal content of the exercise prescription and identify long-term benefits.</P>
</ABS_CONCLUSIONS>
  </ABSTRACT>
</DOC>
