<?xml version="1.0"?>
<DOC>
  <TITLE TRANSLATED="NO">Secondary suturing compared to non-suturing for broken down perineal wounds following childbirth</TITLE>
  <SUMMARY TRANSLATED="NO">
    <SUMMARY_TITLE>Re-stitching broken down perineal (the area between the vagina and back passage) wounds compared with non-stitching</SUMMARY_TITLE>
    <SUMMARY_BODY>
<P>It is estimated that 350,000 women per year in the United Kingdom and millions more worldwide experience perineal stitches because of a childbirth-related natural tear or cut (episiotomy). Sometimes the perineal wound breaks down (opens up). This may be because it becomes infected, which could lead to systemic infection and sepsis. The current management of broken down wounds varies widely between individual health practitioners and hospitals. For most women the broken down perineal wound is left to heal naturally (managed expectantly). This is a slow process and it can take several weeks for the wound to heal completely resulting in persistent pain and discomfort at the perineal wound site, also possible urinary retention and defecation problems. The alternative is re-stitching. Due to the lack of research evidence, we do not know the best way to treat this type of complication. This review looked at randomised controlled trials of re-stitching broken down wounds compared with non-stitching. Two small studies were identified. One study, involving 17 women, showed a marginal tendency to improved healing in the women who were re-stitched, however, this evidence was not conclusive. In the other study involving 35 women, more women had resumed intercourse in the re-suturing group at two months. As the studies were small and of poor quality, it is not possible to draw conclusions about the best way to manage wound breakdown after childbirth. Therefore, there is an urgent need to conduct further studies to compare fully the benefits and risks of both treatments.</P>
</SUMMARY_BODY>
  </SUMMARY>
  <ABSTRACT TRANSLATED="NO">
    <ABS_BACKGROUND>
<P>Each year approximately 350,000 women in the United Kingdom and millions more worldwide, experience perineal suturing following childbirth. The postpartum management of perineal trauma is a core component of routine maternity care. However, for those women whose perineal wound dehisces (breaks down), the management varies depending on individual practitioners preferences as there is limited scientific evidence and no clear guidelines to inform best practice. For most women the wound will be managed expectantly whereas, others may be offered secondary suturing.</P>
</ABS_BACKGROUND>
    <ABS_OBJECTIVES>
<P>To evaluate the therapeutic effectiveness of secondary suturing of dehisced perineal wounds compared to non-suturing (healing by secondary intention, expectancy).</P>
</ABS_OBJECTIVES>
    <ABS_SEARCH_STRATEGY>
<P>We searched the Cochrane Pregnancy and Childbirth Group's Trials Register (31 July 2013) and reference lists of retrieved studies.</P>
</ABS_SEARCH_STRATEGY>
    <ABS_SELECTION_CRITERIA>
<P>Randomised controlled trials of secondary suturing of dehisced perineal wounds (second-, third- or fourth-degree tear or episiotomy), following wound debridement and the removal of any remaining suture material within the first six weeks following childbirth compared with non-suturing.</P>
</ABS_SELECTION_CRITERIA>
    <ABS_DATA_COLLECTION>
<P>Three review authors independently assessed trials for inclusion. Two review authors independently assessed trial quality and extracted data. Data were checked for accuracy. </P>
</ABS_DATA_COLLECTION>
    <ABS_RESULTS>
<P>Two small studies of poor methodological quality including 52 women with a dehisced and/or infected episiotomy wound at point of entry have been included.</P>
<P>Only one small study presented data in relation to wound healing at less than four weeks, (the primary outcome measure for this review), although no reference was made to demonstrate how healing was measured. There was a trend to favour this outcome in the resuturing group, however, this difference was not statistically significant (risk ratio (RR) 1.69, 95% confidence interval (CI) 0.73 to 3.88, one study, 17 women).</P>
<P>Similarly, only one trial reported on rates of dyspareunia (a secondary outcome measure for this review) at two months and six months with no statistically significant difference between both groups; two months, (RR 0.44, 95% CI 0.18 to 1.11, one study, 26 women) and six months, (RR 0.39, 95% CI 0.04 to 3.87, one study 32 women). This trial also included data on the numbers of women who resumed sexual intercourse by two months and six months. Significantly more women in the secondary suturing group had resumed intercourse by two months (RR 1.78, 95% CI 1.10 to 2.89, one study, 35 women), although by six months there was no significant difference between the two groups (RR 1.08, 95% CI, 0.91 to 1.28).</P>
<P>Neither of the trials included data in relation to the following prespecified secondary outcome measures: pain at any time interval; the woman's satisfaction with the aesthetic results of the perineal wound; exclusive breastfeeding; maternal anxiety or depression.</P>
</ABS_RESULTS>
    <ABS_CONCLUSIONS>
<P>Based on this review, there is currently insufficient evidence available to either support or refute secondary suturing for the management of broken down perineal wounds following childbirth. There is an urgent need for a robust randomised controlled trial to evaluate fully the comparative effects of both treatment options.</P>
</ABS_CONCLUSIONS>
  </ABSTRACT>
</DOC>
