<?xml version="1.0"?>
<DOC>
  <TITLE TRANSLATED="NO">Early and late renal adverse effects after potentially nephrotoxic treatment for childhood cancer</TITLE>
  <SUMMARY TRANSLATED="NO">
    <SUMMARY_TITLE>Treatment-related early and late side effects on the kidney in survivors of childhood cancer</SUMMARY_TITLE>
    <SUMMARY_BODY>
<P>Over the past few decades, great improvements in diagnostics and treatment have resulted in a major increase in survival rates of childhood cancer. However, childhood cancer survivors (CCS) are at great risk of developing adverse effects as a result of their cancer treatment. One of the potential adverse effects of childhood cancer treatment is kidney damage. Renal adverse effects are common during and just after treatment, but very little evidence is available on the frequency of renal function impairment in long-term CCS and on what the risk factors are. Survivors with impaired renal function due to childhood cancer treatment are usually symptom free. The kidneys are remarkably well able to compensate for problems in their functioning. However, when renal late adverse events become symptomatic, survivors can experience a range of symptoms, depending on the kidney functions that are damaged. This systematic review aimed to assess the magnitude of asymptomatic and symptomatic early and late renal adverse events in long-term CCS and to identify which risk factors contribute to impaired renal function.</P>
<P>After thoroughly searching the literature, we were able to include 57 studies in this review. These 57 studies included at least 13,338 participants of interest for this study, of whom at least 6516 underwent renal function testing. Wide variation was noted in the percentage of participants who suffered from renal impairment after treatment for childhood cancer, ranging from 0% to 84%. Variation in the study population, received treatments, outcome measurements and study quality may explain the variation in reported percentages. All included studies suffered from methodological issues. More and especially higher quality research is needed to gain better insight into renal adverse events and related risk factors.</P>
</SUMMARY_BODY>
  </SUMMARY>
  <ABSTRACT TRANSLATED="NO">
    <ABS_BACKGROUND>
<P>Great improvements in diagnostics and treatment for malignant disease in childhood have led to a major increase in survival. However, childhood cancer survivors (CCS) are at great risk for developing adverse effects caused by multimodal treatment for their malignancy. Nephrotoxicity is one of these known (acute) side effects of several treatments, including cisplatin, carboplatin, ifosfamide, radiotherapy and nephrectomy, and can cause glomerular filtration rate impairment, proteinuria, tubulopathy and hypertension. However, evidence about the long-term effects of these treatments on renal function remains inconclusive. To reduce the number of (long-term) nephrotoxic events in CCS, it is important to know the risk of, and risk factors for, early and late renal adverse effects, so that ultimately treatment and screening protocols can be adjusted.</P>
</ABS_BACKGROUND>
    <ABS_OBJECTIVES>
<P>To evaluate existing evidence on the effects of potentially nephrotoxic treatment modalities on the prevalence of and associated risk factors for renal dysfunction in survivors treated for childhood cancer with a median or mean survival of at least one year after cessation of treatment, where possible in comparison with healthy controls or CCS treated without potentially nephrotoxic treatment.</P>
</ABS_OBJECTIVES>
    <ABS_SEARCH_STRATEGY>
<P>We searched the following electronic databases: the Cochrane Central Register of Controlled Trials (CENTRAL) (<I>The Cochrane Library</I>, Issue 4, 2011), MEDLINE/PubMed (from 1945 to December 2011) and EMBASE/Ovid (from 1980 to December 2011).</P>
</ABS_SEARCH_STRATEGY>
    <ABS_SELECTION_CRITERIA>
<P>With the exception of case reports, case series and studies including fewer than 20 participants, we included studies with all study designs that reported on renal function (one year or longer after cessation of treatment) in children and adults who were treated for a paediatric malignancy (aged 18 years or younger at diagnosis) with cisplatin, carboplatin, ifosfamide, radiation including the kidney region and/or a nephrectomy.</P>
</ABS_SELECTION_CRITERIA>
    <ABS_DATA_COLLECTION>
<P>Two review authors independently performed study selection, risk of bias assessment and data extraction using standardised data collection forms. Analyses were performed according to the guidelines of the <I>Cochrane Handbook for Systematic Reviews of Interventions</I>.</P>
</ABS_DATA_COLLECTION>
    <ABS_RESULTS>
<P>The search strategy identified 5504 studies, of which 5138 were excluded on the basis of title and/or abstract. The full-text screening of the remaining 366 articles resulted in the inclusion of 57 studies investigating the prevalence of and sometimes also risk factors for early and late renal adverse effects of treatment for childhood cancer. The 57 studies included at least 13,338 participants of interest for this study, of whom at least 6516 underwent renal function testing. The prevalence of renal adverse effects ranged from 0% to 84%. This variation may be due to diversity in included malignancies, prescribed treatments, reported outcome measurements and the methodological quality of available evidence.</P>
<P>Chronic kidney disease/renal insufficiency (as defined by the authors of the original studies) was reported in 10 of 57 studies. The prevalence of chronic kidney disease ranged between 0.5% and 70.4% in the 10 studies and between 0.5% and 18.8% in the six studies that specifically investigated Wilms' tumour survivors treated with a unilateral nephrectomy.</P>
<P>A decreased (estimated) glomerular filtration rate was present in 0% to 50% of all assessed survivors (32/57 studies). Total body irradiation; concomitant treatment with aminoglycosides, vancomycin, amphotericin B or cyclosporin A; older age at treatment and longer interval from therapy to follow-up were significant risk factors reported in multivariate analyses. Proteinuria was present in 0% to 84% of all survivors (17/57 studies). No study performed multivariate analysis to assess risk factors for proteinuria.</P>
<P>Hypophosphataemia was assessed in seven studies. Reported prevalences ranged between 0% and 47.6%, but four of seven studies found a prevalence of 0%. No studies assessed risk factors for hypophosphataemia using multivariate analysis. The prevalence of impairment of tubular phosphate reabsorption was mostly higher (range 0% to 62.5%; 11/57 studies). Higher cumulative ifosfamide dose, concomitant cisplatin treatment, nephrectomy and longer follow-up duration were significant risk factors for impaired tubular phosphate reabsorption in multivariate analyses.</P>
<P>Treatment with cisplatin and carboplatin was associated with a significantly lower serum magnesium level in multivariate analysis, and the prevalence of hypomagnesaemia ranged between 0% and 37.5% in the eight studies investigating serum magnesium.</P>
<P>Hypertension was investigated in 24 of the 57 studies. Reported prevalences ranged from 0% to 18.2%. A higher body mass index was the only significant risk factor noted in more than one multivariate analysis. Other reported factors that significantly increased the risk of hypertension were use of total body irradiation, abdominal irradiation, acute kidney injury, unrelated or autologous stem cell donor type, growth hormone therapy and older age at screening. Previous infection with hepatitis C significantly decreased the risk of hypertension.</P>
<P>Because of the profound heterogeneity of the studies, it was not possible to perform any meta-analysis.</P>
</ABS_RESULTS>
    <ABS_CONCLUSIONS>
<P>The prevalence of renal adverse events after treatment with cisplatin, carboplatin, ifosfamide, radiation therapy involving the kidney region and/or nephrectomy ranged from 0% to 84%. With currently available evidence, it was not possible to draw any conclusions with regard to prevalence of and risk factors for renal adverse effects. Future studies should focus on adequate study design and reporting and should deploy multivariate risk factor analysis to correct for possible confounding. Until more evidence becomes available, CCS should be enrolled into long-term follow-up programmes to monitor their renal function and blood pressure.</P>
</ABS_CONCLUSIONS>
  </ABSTRACT>
</DOC>
