<?xml version="1.0"?>
<DOC>
  <TITLE TRANSLATED="NO">Combination inhaled corticosteroids and long-acting beta2-agonists for children and adults with bronchiectasis</TITLE>
  <SUMMARY TRANSLATED="NO">
    <SUMMARY_TITLE>Combined ICS-LABA for children and adults with bronchiectasis</SUMMARY_TITLE>
    <SUMMARY_BODY>
<P>A paucity of evidence is available to allow conclusions on whether combined inhaled corticosteroids (ICS)-long-acting beta<SUB>2</SUB>-agonists (LABA) are equivalent or superior to placebo or ICS monotherapy for the treatment of stable or exacerbation (flare-up) state bronchiectasis (<A HREF="02">Appendix 2</A>).</P>
<P>Review question: Is any evidence available to show that combined ICS-LABA is superior to placebo or ICS monotherapy for the treatment of stable or exacerbation state bronchiectasis in children and adults?</P>
<P>Study characteristics: A small, single-centre, non-blinded study that compared inhaled ICS-LABA with high-dose ICS.<BR/>
</P>
<P>Key results: A single study showed some benefit of the inhaled ICS-LABA combination over high-dose ICS in terms of indices of clinical stability such as dyspnoea (shortness of breath), cough-free days and number of exacerbations but failed to show significant improvement in lung function or microbiology. No data are available on children with bronchiectasis or adults with bronchiectasis during an exacerbation phase. Until further evidence becomes available, we recommend that use of combined ICS-LABA should be individualised according to the presence or likelihood of co-existing asthma features and risks of medications.<BR/>
</P>
<P>Quality of the evidence: This review is based on a single study, hence the quality of evidence is substantially limited.<BR/>
</P>
<P>Bottom line: The decision to use combined ICS-LABA in bronchiectasis must be made for individual patients on the basis of the presence or absence of bronchial hyperreactivity, until further randomised controlled trials are conducted to answer this important question.<BR/>
</P>
</SUMMARY_BODY>
  </SUMMARY>
  <ABSTRACT TRANSLATED="NO">
    <ABS_BACKGROUND>
<P>Bronchiectasis is a major contributor to chronic respiratory morbidity and mortality worldwide. Wheeze and other asthma-like symptoms and bronchial hyperreactivity may occur in people with bronchiectasis. Physicians often use asthma treatments in patients with bronchiectasis.</P>
</ABS_BACKGROUND>
    <ABS_OBJECTIVES>
<P>To assess the effects of inhaled long-acting beta<SUB>2</SUB>-agonists (LABA) combined with inhaled corticosteroids (ICS) in children and adults with bronchiectasis during (1) acute exacerbations and (2) stable state.</P>
</ABS_OBJECTIVES>
    <ABS_SEARCH_STRATEGY>
<P>The Cochrane Airways Group searched the the Cochrane Airways Group Specialised Register of Trials, which includes records identified from the Cochrane Central Register of Controlled Trials (CENTRAL), MEDLINE, EMBASE and other databases. The Cochrane Airways Group performed the latest searches in October 2013.</P>
</ABS_SEARCH_STRATEGY>
    <ABS_SELECTION_CRITERIA>
<P>All randomised controlled trials (RCTs) of combined ICS and LABA compared with a control (placebo, no treatment, ICS as monotherapy) in children and adults with bronchiectasis not related to cystic fibrosis (CF).</P>
</ABS_SELECTION_CRITERIA>
    <ABS_DATA_COLLECTION>
<P>Two review authors extracted data independently using standard methodological procedures as expected by The Cochrane Collaboration.</P>
</ABS_DATA_COLLECTION>
    <ABS_RESULTS>
<P>We found no RCTs comparing ICS and LABA combination with either placebo or usual care. We included one RCT that compared combined ICS and LABA with high-dose ICS in 40 adults with non-CF bronchiectasis without co-existent asthma. All participants received three months of high-dose budesonide dipropionate treatment (1600 micrograms). After three months, participants were randomly assigned to receive either high-dose budesonide dipropionate (1600 micrograms per day) or a combination of budesonide with formoterol (640 micrograms of budesonide and 18 micrograms of formoterol) for three months. The study was not blinded. We assessed it to be an RCT with overall high risk of bias. Data analysed in this review showed that those who received combined ICS-LABA (in stable state) had a significantly better transition dyspnoea index (mean difference (MD) 1.29, 95% confidence interval (CI) 0.40 to 2.18) and cough-free days (MD 12.30, 95% CI 2.38 to 22.2) compared with those receiving ICS after three months of treatment. No significant difference was noted between groups in quality of life (MD -4.57, 95% CI -12.38 to 3.24), number of hospitalisations (odds ratio (OR) 0.26, 95% CI 0.02 to 2.79) or lung function (forced expiratory volume in one second (FEV<SUB>1</SUB>) and forced vital capacity (FVC)). Investigators reported 37 adverse events in the ICS group versus 12 events in the ICS-LABA group but did not mention the number of individuals experiencing adverse events. Hence differences between groups were not included in the analyses. We assessed the overall evidence to be low quality. </P>
</ABS_RESULTS>
    <ABS_CONCLUSIONS>
<P>In adults with bronchiectasis without co-existent asthma, during stable state, a small single trial with a high risk of bias suggests that combined ICS-LABA may improve dyspnoea and increase cough-free days in comparison with high-dose ICS. No data are provided for or against, the use of combined ICS-LABA in adults with bronchiectasis during an acute exacerbation, or in children with bronchiectasis in a stable or acute state. The absence of high quality evidence means that decisions to use or discontinue combined ICS-LABA in people with bronchiectasis may need to take account of the presence or absence of co-existing airway hyper-responsiveness and consideration of adverse events associated with combined<BR/>ICS-LABA.</P>
</ABS_CONCLUSIONS>
  </ABSTRACT>
</DOC>
