<?xml version="1.0"?>
<DOC>
  <TITLE TRANSLATED="NO">Prostaglandins for management of retained placenta</TITLE>
  <SUMMARY TRANSLATED="NO">
    <SUMMARY_TITLE>Prostaglandins for management of retained placenta</SUMMARY_TITLE>
    <SUMMARY_BODY>
<P>Medical research evidence is sparse and insufficient to support the routine use of the prostaglandins for the management of retained placenta.</P>
<P>Retained placenta affects 0.5% to 3% of women following delivery and is a major cause of maternal death caused by postpartum haemorrhage. A retained placenta is usually managed by manual removal or curettage under anaesthesia (which is not always immediately available). Surgical procedures themselves can be associated with haemorrhage and also infection and uterine perforation. Prostaglandins or their analogues, administered by any route, could be an alternative treatment especially in developing countries. Such medical management may facilitate the delivery of the retained placenta and be a safer alternative to surgery.</P>
<P>The review identified three randomised controlled studies (involving 244 women) that compared the use of prostaglandins with placebo. Currently there is limited, very low-quality evidence relating to the effectiveness and the safety using prostaglandins for the management of retained placenta. Use of prostaglandins resulted in less need for manual removal of placenta, severe postpartum haemorrhage and need for blood transfusion but none of the differences reached statistical significance. Much larger, adequately powered studies are needed to confirm that these clinically important beneficial effects are not just chance findings. Similarly, no differences were detected between prostaglandins and placebo in mean blood loss or the mean time from injection to placental removal (minutes). The prostaglandin was administered by intravenous infusion (E2 analogue sulprostone) in one study including 50 women and was orally or sublingually administered (E1 analogue misoprostol) in the other two studies including 194 women.</P>
<P>Shivering was more frequent in women receiving the prostaglandin but there were no clear differences in vomiting, headache, maternal pain or nausea compared with placebo. The trials were small and of poor methodological quality. The quality of evidence is very low due to study limitations, inconsistency and imprecise results (few women and outcome events with wide confidence intervals). Two studies were stopped early due to an apparent benefit.</P>
</SUMMARY_BODY>
  </SUMMARY>
  <ABSTRACT TRANSLATED="NO">
    <ABS_BACKGROUND>
<P>Retained placenta affects 0.5% to 3% of women following delivery and it is a major cause of maternal death due to postpartum haemorrhage. Usually, retained placenta has been managed by manual removal or curettage under anaesthesia, which may be associated with haemorrhage, infection and uterine perforation. Medical management to facilitate the delivery of the retained placenta could be a safe alternative avoiding surgical intervention.</P>
</ABS_BACKGROUND>
    <ABS_OBJECTIVES>
<P>To assess the effectiveness and safety of prostaglandins for the management of retained placenta.</P>
</ABS_OBJECTIVES>
    <ABS_SEARCH_STRATEGY>
<P>We searched the Cochrane Pregnancy and Childbirth Group's Trials Register (1 December 2013), LILACS (1982 to 1 December 2013), SciELO (1998 to 1 December 2013), Web of Science (2001 to 1 December 2013), openSIGLE (1997 to 1 December 2013<B>)</B>, World Health Organization International Clinical Trials Registry Platform (<A HREF="http://www.who.int/ictrp/en/">ICTRP</A>) (1 December 2013) and the metaRegister of Controlled Trials (<A HREF="http://www.controlled-trials.com/mrct/search/">mRCT</A>) (1 December 2013)<I>.<B> </B>
</I>We also contacted authors of included studies and reviewed the reference lists of retrieved studies.</P>
</ABS_SEARCH_STRATEGY>
    <ABS_SELECTION_CRITERIA>
<P>Randomised controlled clinical trials comparing the use of prostaglandins (or prostaglandin analogues) with placebo, expectant management, tocolytic drugs, any other prostaglandins or surgical interventions for the management of retained placenta after vaginal delivery of singleton live infants of 20 or more weeks of gestation.</P>
</ABS_SELECTION_CRITERIA>
    <ABS_DATA_COLLECTION>
<P>Two review authors independently assessed trials for inclusion and assessed trial quality. Two review authors independently extracted data. Data were checked for accuracy. Any disagreements were resolved through consensus or consultation with a third review author when required. Authors of the included studies were contacted for additional information.</P>
</ABS_DATA_COLLECTION>
    <ABS_RESULTS>
<P>We included three trials, involving 244 women. The studies were considered to be at high risk of bias.</P>
<P>The prostaglandins used were PG E2 analogue (sulprostone) in 50 participants and PG E1 analogue (misoprostol) in 194 participants at a dose of 250 mcg and 800 mcg respectively. The prostaglandins compared with placebo, were not superior in reducing the rate of manual removal of placenta (average risk ratio (RR) 0.82; 95% confidence interval (CI) 0.54 to 1.27), severe postpartum haemorrhage (RR 0.80; 95% CI 0.55 to 1.15), need for blood transfusion (RR 0.72; 95% CI 0.43 to 1.22), mean blood loss (mean difference (MD) -205.26 mL; 95% CI -536.31 to 125.79, random-effects) and the mean time from injection to placental removal (MD -7.00 minutes; 95% CI -21.20 to 7.20). Side-effects were no different between groups (vomiting, headache, pain and nausea between injection and discharge from the labour ward), with the exception of shivering, which was more frequent in women receiving prostaglandins (RR 10.00; 95% CI 1.40 to 71.49). We did not obtain any data for the primary outcomes of maternal mortality and the need to add another therapeutic uterotonic.</P>
</ABS_RESULTS>
    <ABS_CONCLUSIONS>
<P>Currently there is limited, very low-quality evidence relating to the effectiveness and the safety using prostaglandins for the management of retained placenta. Use of prostaglandins resulted in less need for manual removal of placenta, severe postpartum haemorrhage and blood transfusion but none of the differences reached statistical significance. Much larger, adequately powered studies are needed to confirm that these clinically important beneficial effects are not just chance findings.</P>
<P>Similarly, no differences were detected between prostaglandins and placebo in mean blood loss or the mean time from injection to placental removal (minutes) or side-effects (vomiting, headache, pain and nausea between injection and discharge from the labour ward) except for 'shivering' which was more frequent in women who received prostaglandin. The included studies were of poor quality and there is little confidence in the effect estimates; the true effect is likely to be substantially different. We can not make any recommendations about changes to clinical practice. More high-quality research in this area is needed.</P>
</ABS_CONCLUSIONS>
  </ABSTRACT>
</DOC>
