<?xml version="1.0"?>
<DOC>
  <TITLE TRANSLATED="NO">Micronutrient supplementation for children with HIV infection</TITLE>
  <SUMMARY TRANSLATED="NO">
    <SUMMARY_TITLE>Micronutrient supplementation for children with HIV infection</SUMMARY_TITLE>
    <SUMMARY_BODY>
<P>This review includes 11 trials that tested the effectiveness and safety of various micronutrient supplements in children with HIV infection in a diversity of settings. All except one trial were conducted in African children. The primary outcomes were mortality, morbidity, and HIV-related hospitalisations, and secondary outcomes were HIV disease progession, measures of growth, and adverse effects of supplementation.</P>
<P>The review found that vitamin A supplements are beneficial and safe, and halved mortality overall in an analysis of three trials in different African countries. Zinc appeared to be safe and reduced diarhoeal morbidity in one trial. Multiple micronutrient supplements reduced the duration of hospital admissions, and improved appetite and short-term growth in poorly nourished hospitalised children. </P>
<P>Further research is needed on single supplements other than vitamin A, and on the long-term effects, optimal composition and dosing of multiple supplements.</P>
</SUMMARY_BODY>
  </SUMMARY>
  <ABSTRACT TRANSLATED="NO">
    <ABS_BACKGROUND>
<P>Micronutrient deficiencies are widespread and compound the effects of HIV disease in children, especially in poor communities. Micronutrient supplements may be effective and safe in reducing the burden of HIV disease. This review is an update of an earlier Cochrane review of micronutrient supplementation in children and adults which found that vitamin A and zinc are beneficial and safe in children exposed to HIV and living with HIV infection (<A HREF="Irlam 2010">Irlam 2010</A>).</P>
</ABS_BACKGROUND>
    <ABS_OBJECTIVES>
<P>To assess whether micronutrient supplements are effective and safe in reducing mortality and morbidity in children with HIV infection.</P>
</ABS_OBJECTIVES>
    <ABS_SEARCH_STRATEGY>
<P>The CENTRAL, EMBASE, and PubMed databases were searched for randomised controlled trials of micronutrient supplements (vitamins, trace elements, and combinations of these) using the search methods of the Cochrane HIV/AIDS Group.</P>
</ABS_SEARCH_STRATEGY>
    <ABS_SELECTION_CRITERIA>
<P>Randomised controlled trials were selected that compared the effects of micronutrient supplements with other supplements, or placebo or no treatment on the primary outcomes of mortality, morbidity, and HIV-related hospitalisations. Indicators of HIV disease progession, anthropometric measures, and any adverse effects of supplementation were secondary outcomes.</P>
</ABS_SELECTION_CRITERIA>
    <ABS_DATA_COLLECTION>
<P>Two reviewers independently screened and selected trials for inclusion, assessed the risk of bias using standardised criteria, and extracted data. Review Manager 5.1 was used to calculate the risk ratio (RR) for dichotomous data and the weighted mean difference (WMD) for continuous data, and to perform random effects meta-analysis where appropriate.</P>
</ABS_DATA_COLLECTION>
    <ABS_RESULTS>
<P>We included three new studies in addition to the eight studies in the earlier version of the review (<A HREF="Irlam 2010">Irlam 2010</A>). Eleven studies with a total of 2412 participants were therefore included: five trials of vitamin A, one trial of vitamin D, two trials of zinc, and three trials of multiple micronutrient supplements. All except one trial were conducted in African children.</P>
<P>Vitamin A halved all-cause mortality in a meta-analysis of three trials in African children, had inconsistent impacts on diarrhoeal and respiratory morbidity, and improved short-term growth in a Tanzanian trial. No significant adverse effects were reported.</P>
<P>A single small trial of vitamin D in North American adolescents and children demonstrated safety but no clinical benefits. Zinc supplements reduced diarrhoeal morbidity and had no adverse effects on disease progression in one small South African trial. Another trial in South African children with and without HIV infection did not show benefit from the the prophylactic use of zinc or multiple supplements versus vitamin A in the small subgroup of children with HIV infection.</P>
<P>Multiple micronutrient supplements at twice the RDA did not alter mortality, growth, or CD4 counts at 12 months in Ugandan children aged one to five years. Short-term supplementation until hospital discharge significantly reduced the duration of all hospital admissions in poorly nourished South African children, and supplementation for six months after discharge improved appetite and nutritional indicators.</P>
</ABS_RESULTS>
    <ABS_CONCLUSIONS>
<P>Vitamin A supplementation is beneficial and safe in children with HIV infection. Zinc is safe and appears to have similar benefits on diarrhoeal morbidity in children with HIV as in children without HIV infection. Multiple micronutrient supplements have some clinical benefit in poorly nourished children with HIV infection.</P>
<P>Further trials of single supplements (vitamin D, zinc, and selenium) are required to build the evidence base. The long-term effects and optimal composition and dosing of multiple micronutrient supplements require further investigation in children with diverse HIV disease status.</P>
</ABS_CONCLUSIONS>
  </ABSTRACT>
</DOC>
