<?xml version="1.0"?>
<DOC>
  <TITLE TRANSLATED="NO">Interventions for drug-using offenders with co-occurring mental illness</TITLE>
  <SUMMARY TRANSLATED="NO">
    <SUMMARY_TITLE>Interventions for drug-using offenders with co-occurring mental illness</SUMMARY_TITLE>
    <SUMMARY_BODY>
<P>
<B>Background</B>
</P>
<P>A number of policy directives are aimed at enabling people with drug problems to live healthy, crime-free lives. Drug-using offenders with co-occurring mental health problems represent a group of people who access treatment for a variety of different reasons. The complexity of the two problems makes the treatment and rehabilitation of this group of people particularly challenging.</P>
<P>
<B>Study characteristics</B>
</P>
<P>The review authors searched scientific databases and internet resources to identify randomised controlled trials (where participants are allocated at random to one of two or more treatment groups) of interventions to reduce, eliminate, or prevent relapse or criminal activity of drug-using offenders with co-occurring mental illness. We included people of any gender, age or ethnicity.</P>
<P>
<B>Key results</B>
</P>
<P>We identified eight trials (three of which are awaiting classification) evaluating treatments for drug-using offenders with co-occurring mental illness. The interventions included case management via a mental health court, a therapeutic community and an evaluation of motivational interviewing techniques and cognitive skills (a person's ability to process thoughts) in comparison to relaxation training. Overall, the combined interventions were not found to reduce self report drug use, but did have some impact on re-incarceration rates, but not re-arrest. A specific analysis of therapeutic community interventions did subsequently reduce re-incarceration but proved to be less effective for re-arrest and self report drug use. Two single studies evaluating case management via a mental health drug court and motivational interviewing and cognitive skills did not show significant reductions in criminal activity and self report drug use respectively. Little information is provided on the costs and cost-effectiveness of such interventions and trial evaluations focusing specifically on the needs of drug misusing offenders with co-occurring mental health problems are required.</P>
<P>
<B>Quality of the evidence</B>
</P>
<P>This review was limited by the lack of information reported in this group of trials and the quality of the evidence is unclear. The evidence is current to March 2013.</P>
</SUMMARY_BODY>
  </SUMMARY>
  <ABSTRACT TRANSLATED="NO">
    <ABS_BACKGROUND>
<P>This is an updated version of an original Cochrane review published in Issue 3 2006 (<A HREF="Perry 2006">Perry 2006</A>). The review represents one from a family of four reviews focusing on interventions for drug-using offenders. This specific review considers interventions aimed at reducing drug use or criminal activity, or both for drug-using offenders with co-occurring mental illness.</P>
</ABS_BACKGROUND>
    <ABS_OBJECTIVES>
<P>To assess the effectiveness of interventions for drug-using offenders with co-occurring mental illness in reducing criminal activity or drug use, or both.</P>
</ABS_OBJECTIVES>
    <ABS_SEARCH_STRATEGY>
<P>We searched 14 electronic bibliographic databases (searched between 2004 and 21 March 2013) and five internet resources (searched between 2004 and 11 November 2009). We contacted experts in the field for further information.</P>
</ABS_SEARCH_STRATEGY>
    <ABS_SELECTION_CRITERIA>
<P>We included randomised controlled trials designed to reduce, eliminate or prevent relapse in drug-using offenders with co-occurring mental illness. We also reported data on the cost and cost effectiveness of interventions.</P>
</ABS_SELECTION_CRITERIA>
    <ABS_DATA_COLLECTION>
<P>We used standard methodological procedures expected by The Cochrane Collaboration.</P>
</ABS_DATA_COLLECTION>
    <ABS_RESULTS>
<P>We identified 76 trials across the four reviews. Following a process of pre-screening, we judged eight trials to meet the inclusion criteria for this specific review (three of the five trials are awaiting classification). The five included 1502 participants. The interventions reported on case management via a mental health drugs court, a therapeutic community, and an evaluation of a motivational interviewing technique and cognitive skills in comparison to relaxation training. The methodological quality of the trials was generally difficult to rate due to a lack of clear reporting. On most risk of bias items, we rated the majority of studies as unclear. Overall, the combined interventions did not show a statistically significant reduction in self reported drug use (2 studies, 715 participants; risk ratio (RR) 0.82, 95% confidence interval (CI) 0.44 to 1.55). A statistically significantly reduction was shown for re-incarceration (4 studies, 627 participants; RR 0.40, 95% CI 0.24 to 0.67 and mean difference (MD) 28.72, 95% CI 5.89 to 51.54) but not re-arrest (2 studies, 518 participants; RR 1.00, 95% CI 0.90 to 1.12). A specific subgroup analysis combining studies using therapeutic community interventions showed a statistically significant reduction in re-incarceration (2 studies, 266 participants; RR 0.29, 95% CI 0.16 to 0.54) but not re-arrest (1 study, 428 participants; RR 0.90, 95% CI 0.61 to 1.33). Case management via a mental health court and motivational interviewing with cognitive skills did not show a statistically significant reduction in criminal activity (1 study, 235 participants; RR 1.05, 95% CI 0.90 to 1.22) or self reported drug misuse (1 study, 162 participants; MD -7.42, 95% CI -20.12 to 5.28). Due to the small number of studies, we were unable to analyse the impact of setting on outcome. Some cost information was provided in the trials but not sufficient to be able to evaluate the cost effectiveness of the interventions.</P>
</ABS_RESULTS>
    <ABS_CONCLUSIONS>
<P>This review highlights the paucity of evidence for drug misusing offenders with co-occurring mental health problems. Two of the five trials showed some promising results for the use of therapeutic communities and aftercare, but only in relation to reducing subsequent re-incarceration. The studies overall, showed a high degree of statistical variation demonstrating a degree of caution in the interpretation of the magnitude of effect and direction of benefit for treatment outcomes. More evaluations are required to assess the effectiveness of interventions for drug-using offenders with co-occurring mental health problems.</P>
</ABS_CONCLUSIONS>
  </ABSTRACT>
</DOC>
