<?xml version="1.0"?>
<DOC>
  <TITLE TRANSLATED="NO">Immune tolerance induction for treating inhibitors in people with congenital haemophilia A or B</TITLE>
  <SUMMARY TRANSLATED="NO">
    <SUMMARY_TITLE>Immune tolerance induction to destroy inhibitors in people with haemophilia A or B</SUMMARY_TITLE>
    <SUMMARY_BODY>
<P>
<BR/>
<B>Review question</B>
</P>
<P>We reviewed evidence about the effect of immune tolerance induction to remove inhibitors in people with haemophilia A and B.</P>
<P>
<B>Background</B>
</P>
<P>Haemophilia A and B are inherited bleeding disorders, where affected people are missing a clotting factor in their blood, which is needed for normal blood clotting. Without this factor, people with haemophilia cannot make proper clots, and they may bleed for a much longer time than normal after an injury, or may experience sudden and unexpected bleeding inside the body and into joints. These bleeding incidents can cause permanent damage to the affected area and can be life threatening. The current treatment for haemophilia is replacement therapy, where the missing clotting factor is injected into the blood. Sometimes, when the missing clotting factor is introduced, the person's immune system will think it is a foreign body, and try to eliminate it with molecules called inhibitors. When a person with haemophilia develops an inhibitor, the injected clotting factor is destroyed before it can stop the bleeding. This is a very serious problem that affects almost one in three people with haemophilia A and approximately one in 30 people with haemophilia B. Immune tolerance induction is a treatment to make the immune system get used to the clotting factor, so that it no longer rejects the factor. This treatment, which involves giving large doses of factor concentrate, is currently used at different doses. We are unsure of how the dosing options work and how safe they are. To discover this, we searched the evidence until July 2013.</P>
<P>
<B>Trial characteristics</B>
</P>
<P>We found one randomised trial that compared high- and low-dose immune tolerance induction, which included 115 males with haemophilia A and inhibitors.</P>
<P>
<B>Key results and conclusions</B>
</P>
<P>The single included trial was too small to be certain that both doses of immune tolerance induction were equally successful at removing inhibitors. However, the high-dose treatment destroyed all inhibitors faster and with less bleeding events than the low-dose treatment. Since there was only one available trial, further trials are needed to establish the best immune tolerance induction regimen with respect to starting time, dosing intensity and frequency.</P>
</SUMMARY_BODY>
  </SUMMARY>
  <ABSTRACT TRANSLATED="NO">
    <ABS_BACKGROUND>
<P>The occurrence of factor inhibitory antibodies, or inhibitors, is a significant complication in the care of individuals with congenital haemophilia A or B. Currently, immune tolerance induction is the only known intervention to successfully eradicate inhibitors. However, ideal dosing regimens, and the comparative safety and efficacy of different immune tolerance induction regimens have not yet been established.</P>
</ABS_BACKGROUND>
    <ABS_OBJECTIVES>
<P>The objective of this review was to assess the effects of immune tolerance induction (different protocols of this therapy versus each other, or versus only bypassing agents) for treating inhibitors in people with congenital haemophilia A or B.</P>
</ABS_OBJECTIVES>
    <ABS_SEARCH_STRATEGY>
<P>We searched the Cochrane Cystic Fibrosis and Genetic Disorders Group's Coagulopathies Trials Register, compiled from electronic database searches and handsearching of journals and conference abstract books. We also searched: MEDLINE (from 1946 to 15 July 2013); Embase (from 1980 to 15 July 2013) via the OVID platform; CINAHL (from conception to 15 July 2013); and ClinicalTrials.gov (most recent search: 15 July 2013). We also searched the reference lists of relevant articles and reviews.</P>
</ABS_SEARCH_STRATEGY>
    <ABS_SELECTION_CRITERIA>
<P>Randomised controlled trials comparing either different immune tolerance induction regimens or immune tolerance induction versus only bypassing therapy for the eradication of factor inhibitory antibodies in patients with congenital haemophilia A or B.</P>
</ABS_SELECTION_CRITERIA>
    <ABS_DATA_COLLECTION>
<P>Two review authors independently completed data collection, extraction and assessment of the risk of bias of trials.</P>
</ABS_DATA_COLLECTION>
    <ABS_RESULTS>
<P>One methodologically sound randomised controlled trial met the inclusion criteria and was included in the review. One further randomised controlled trial has been recently stopped, but it has not yet been reported.</P>
<P>The included multinational trial randomised 115 paediatric participants with severe haemophilia A and high-responding inhibitors, for whom this was the first attempt at immune tolerance induction, to receive either a low dose (50 IU/kg of factor VIII concentrate three times per week) or a high dose (200 IU/kg of factor VIII daily). Although, there was no statistically significant difference in the success of immune tolerance induction between treatment arms, the confidence intervals were too wide to infer no effect: 24 out of 58 participants (46.6%) in the low-dose group and 22 out of 57 (38.6%) in the high-dose group experiencing full tolerance, risk ratio 1.07 (95% CI 0.68 to 1.68) (moderate quality evidence). The rate of infection was not statistically different between groups, but again confidence intervals were too wide. Of those patients who had a central venous catheter device, 19 out of 47 participants (40.4%) in the low-dose arm had 69 infections, and 22 out of 52 participants (42.3%) in the high-dose arm had 55 infections, risk ratio 0.96 (95% CI 0.60 to 1.53) (moderate quality evidence). However, participants in the low-dose immune tolerance induction group experienced significantly more bleeding episodes (50 out of 58 participants (86.2%) experienced one or more bleeding events) than those in the high-dose group (36 out of 57 participants (63.1%) experienced one or more bleeding events), risk ratio 1.36 (95% CI 1.09 to 1.71) (low quality evidence). One factor VIII reaction, one incidence of trauma and 13 incidences of needing to insert or remove the catheter were reported as trial-related serious adverse events; however, the treatment group where these events occurred was not specified. No incidence of nephrotic syndrome was reported.</P>
</ABS_RESULTS>
    <ABS_CONCLUSIONS>
<P>We did not find any randomised controlled trial-based comparison of immune tolerance induction with alternate treatment schemes (i.e. bypassing agents for bleeding only). In a single randomised trial, there were no significant differences in the immune tolerance induction success rate between different dosing regimens, which may have been due to imprecision of the estimate. There is low-quality evidence to suggest that high-dose immune tolerance induction may induce tolerance more quickly which is associated with fewer bleeding complications. The choice of immune tolerance induction regimen should be considered individually for each case, until further research provides additional evidence.</P>
</ABS_CONCLUSIONS>
  </ABSTRACT>
</DOC>
