<?xml version="1.0"?>
<DOC>
  <TITLE TRANSLATED="NO">Mycophenolate mofetil for relapsing-remitting multiple sclerosis</TITLE>
  <SUMMARY TRANSLATED="NO">
    <SUMMARY_TITLE>Mycophenolate mofetil for relapsing-remitting multiple sclerosis</SUMMARY_TITLE>
    <SUMMARY_BODY>
<P>Multiple sclerosis (MS) is an immune-mediated disease of the central nervous system. Preliminary data show that mycophenolate mofetil (MMF), an immunosuppressive agent, might be beneficial for MS patients. The authors of this review evaluated the efficacy and safety of MMF in patients with relapsing-remitting MS. Only one small study met the inclusion criteria, and it compared MMF versus placebo in 26 interferon β-1a–treated patients. The results showed no evidence favoring MMF in reducing relapses or preventing disability progression after a 12-month follow-up period. No data were available at 24 months. All patients receiving MMF suffered from gastrointestinal upset, and one had a transient diarrhea, but no serious adverse effects were reported.</P>
</SUMMARY_BODY>
  </SUMMARY>
  <ABSTRACT TRANSLATED="NO">
    <ABS_BACKGROUND>
<P>Multiple sclerosis (MS) is an immune-mediated disease of the central nervous system and a leading cause of disability in young and middle-aged adults. Mycophenolate mofetil (MMF) is an immunosuppressive agent that has been used for the prevention of allograft rejection after renal, cardiac, or liver transplant and in patients with autoimmune diseases such as active relapsing-remitting (RRMS) and progressive MS.</P>
</ABS_BACKGROUND>
    <ABS_OBJECTIVES>
<P>To assess the efficacy and safety of MMF for preventing disease activity in patients with RRMS.</P>
</ABS_OBJECTIVES>
    <ABS_SEARCH_STRATEGY>
<P>We searched the Cochrane Multiple Sclerosis and Rare Diseases of the Central Nervous System Group Specialised Register (January 14, 2013). We searched three Chinese databases (January 2013) and checked reference lists of identified trials. We contacted authors and pharmaceutical companies to ask for additional information. We applied no language restrictions.</P>
</ABS_SEARCH_STRATEGY>
    <ABS_SELECTION_CRITERIA>
<P>We included randomized controlled trials with a follow-up of at least 12 months that compared MMF as monotherapy or in combination with other treatments versus placebo, another drug, or the same cointervention as the treated group.</P>
</ABS_SELECTION_CRITERIA>
    <ABS_DATA_COLLECTION>
<P>Two review authors independently selected the trials for inclusion, assessed trial quality, and extracted data.</P>
</ABS_DATA_COLLECTION>
    <ABS_RESULTS>
<P>One included study involving 26 participants with new-onset RRMS investigated the efficacy and safety of MMF (13 participants) versus placebo in interferon β-1a–treated participants. It was assessed to be at high risk of bias, and had a small numbers of participants receiving treatment with short-term duration. There was inadequate information provided by the study to determine the effect of MMF in reducing relapses, preventing disability progression, or developing new T2- or new gadolinium (Gd)-enhanced lesions on magnetic resonance imaging (MRI) after a 12-month follow-up period. No data were available at 24 months. No serious adverse effects were reported. All participants in the MMF-treated group suffered from gastrointestinal upset, but none of them discontinued therapy as a result.</P>
</ABS_RESULTS>
    <ABS_CONCLUSIONS>
<P>The evidence we found from one small study was insufficient to determine the effects of MMF as an add-on therapy for interferon β-1a in new-onset RRMS participants.</P>
</ABS_CONCLUSIONS>
  </ABSTRACT>
</DOC>
