<?xml version="1.0"?>
<DOC>
  <TITLE TRANSLATED="YES">Impact of morphine, fentanyl, oxycodone or codeine on patient consciousness, appetite and thirst when used to treat cancer pain</TITLE>
  <SUMMARY TRANSLATED="NO">
    <SUMMARY_TITLE>Impact of morphine, fentanyl, oxycodone or codeine on patient consciousness, appetite and thirst when used to treat cancer pain</SUMMARY_TITLE>
    <SUMMARY_BODY>
<P>Care pathways are packages of care designed to ensure patients have appropriate and effective care. They are commonly used, and often produce good results, but they can also be used as a tick box solution that acts as a barrier to good care. Care pathways have been used to ensure appropriate care for dying people in hospice settings. One, the Liverpool Care Pathway, devised for use in hospices, has been used in general hospital settings to care for dying patients. Its use has been criticised. A review of the use of end-of-life care pathways in the NHS in the UK recommended they be discontinued, one reason being that they were being misused.</P>
<P>A concern, mainly raised by relatives, was that opioids were over-prescribed, used to hasten death, to reduce consciousness, and diminish the patient's desire or ability to accept food or drink. This review was commissioned to look at adverse events associated with the use of opioids to treat cancer pain. This clinical trial data set is the most relevant we have to people at the end of life, though people treated for cancer pain are not usually at the end of their lives. The studies are the closest we can get in the absence of clinical studies at the end of life in (mostly) older people.</P>
<P>We included randomised trials from Cochrane reviews of four opioids used to treat cancer pain: morphine, fentanyl, oxycodone, and codeine. This provided 77 studies with over 5,000 people randomised to various treatments. Trial quality was generally poor; particular problems included small study size, and not reporting adverse events in all patients, or all recorded adverse events. Known problems with adverse event measurement, recording, and reporting made assessment even more difficult. The population in the cancer pain trials were mainly aged between 50 and 70 years.</P>
<P>For all four opioids together, 1 in 4 people experienced constipation and somnolence (sleepiness, drowsiness), 1 in 5 experienced nausea and dry mouth, and 1 in 8 experienced vomiting, anorexia, and dizziness. Weakness, diarrhoea, insomnia, mood change, hallucinations and dehydration occurred at rates of 1 in 20 people and below. Some of these may be good markers for the effects of opioids on consciousness, appetite, and thirst in end-of-life care in all patients deemed to be dying.</P>
</SUMMARY_BODY>
  </SUMMARY>
  <ABSTRACT TRANSLATED="NO">
    <ABS_BACKGROUND>
<P>There is increasing focus on providing high quality care for people at the end of life, irrespective of disease or cause, and in all settings. In the last ten years the use of care pathways to aid those treating patients at the end of life has become common worldwide. The use of the Liverpool Care Pathway in the UK has been criticised. In England the LCP was the subject of an independent review, commissioned by a Health Minister. The Neuberger Review acknowledged that the LCP was based on the sound ethical principles that provide the basis of good quality care for patients and families when implemented properly. It also found that the LCP often was not implemented properly, and had instead become a barrier to good care; it made over 40 recommendations, including education and training, research and development, access to specialist palliative care services, and the need to ensure care and compassion for all dying patients. In July 2013, the Department of Health released a statement that stated the use of the LCP should be "phased out over the next 6-12 months and replaced with an individual approach to end of life care for each patient".</P>
<P>The impact of opioids was a particular concern because of their potential influence on consciousness, appetite and thirst in people near the end of life. There was concern that impaired patient consciousness may lead to an earlier death, and that effects of opioids on appetite and thirst may result in unnecessary suffering. This rapid review, commissioned by the National Institute for Health Research, used standard Cochrane methodology to examine adverse effects of morphine, fentanyl, oxycodone, and codeine in cancer pain studies as a close approximation to possible effects in the dying patient.</P>
</ABS_BACKGROUND>
    <ABS_OBJECTIVES>
<P>To determine the impact of opioid treatment on patient consciousness, appetite and thirst in randomised controlled trials of morphine, fentanyl, oxycodone or codeine for treating cancer pain.</P>
</ABS_OBJECTIVES>
    <ABS_SEARCH_STRATEGY>
<P>We assessed adverse event data reported in studies included in current Cochrane reviews of opioids for cancer pain: specifically morphine, fentanyl, oxycodone, and codeine.</P>
</ABS_SEARCH_STRATEGY>
    <ABS_SELECTION_CRITERIA>
<P>We included randomised studies using multiple doses of four opioid drugs (morphine, fentanyl, oxycodone, and codeine) in cancer pain. These were taken from four existing or ongoing Cochrane reviews. Participants were adults aged 18 and over. We included only full journal publication articles.</P>
</ABS_SELECTION_CRITERIA>
    <ABS_DATA_COLLECTION>
<P>Two review authors independently extracted adverse event data, and examined issues of study quality. The primary outcomes sought were numbers of participants experiencing adverse events of reduced consciousness, appetite, and thirst. Secondary outcomes were possible surrogate measures of the primary outcomes: delirium, dizziness, hallucinations, mood change and somnolence relating to patient consciousness, and nausea, vomiting, constipation, diarrhoea, dyspepsia, dysphagia, anorexia, asthenia, dehydration, or dry mouth relating to appetite or thirst.</P>
<P>Comparative measures of harm were known to be unlikely, and we therefore calculated the proportion of participants experiencing each of the adverse events of interest with each opioid, and for all four opioid drugs combined.</P>
</ABS_DATA_COLLECTION>
    <ABS_RESULTS>
<P>We included 77 studies with 5619 randomised participants. There was potential bias in most studies, with small size being the most common; individual treatment groups had fewer than 50 participants in 60 studies. Participants were relatively young, with mean age in the studies typically between 50 and 70 years. Multiple major problems with adverse event reporting were found, including failing to report adverse events in all participants who received medication, all adverse events experienced, how adverse events were collected, and not defining adverse event terminology or whether a reporting system was used.</P>
<P>Direct measures of patient consciousness, patient appetite, or thirst were not apparent. For opioids used to treat cancer pain adverse event incidence rates were 25% for constipation, 23% for somnolence, 21% for nausea, 17% for dry mouth, and 13% for vomiting, anorexia, and dizziness. Asthenia, diarrhoea, insomnia, mood change, hallucinations and dehydration occurred at incidence rates of 5% and below.</P>
</ABS_RESULTS>
    <ABS_CONCLUSIONS>
<P>We found no direct evidence that opioids affected patient consciousness, appetite or thirst when used to treat cancer pain. However, somnolence, dry mouth, and anorexia were common adverse events in people with cancer pain treated with morphine, fentanyl, oxycodone, or codeine.</P>
<P>We are aware that there is an important literature concerning the problems that exist with adverse event measurement, reporting, and attribution. Together with the known complications concerning concomitant medication, data collection and reporting, and nomenclature, this means that these adverse events cannot always be attributed unequivocally to the use of opioids, and so they provide only a broad picture of adverse events with opioids in cancer pain. The research agenda includes developing definitions for adverse events that have a spectrum of severity or importance, and the development of appropriate measurement tools for recording such events to aid clinical practice and clinical research.</P>
</ABS_CONCLUSIONS>
  </ABSTRACT>
</DOC>
