<?xml version="1.0"?>
<DOC>
  <TITLE TRANSLATED="NO">Tamoxifen or letrozole versus standard methods for women with estrogen-receptor positive breast cancer undergoing oocyte or embryo cryopreservation in assisted reproduction</TITLE>
  <SUMMARY TRANSLATED="NO">
    <SUMMARY_TITLE>Tamoxifen or letrozole versus standard methods for women with breast cancer who freeze egg cells or embryos</SUMMARY_TITLE>
    <SUMMARY_BODY>
<P>
<I>Background</I>
</P>
<P>Breast cancer treatment can cause infertility. Freezing egg cells (oocytes) or embryos before treatment can increase the chances of future motherhood. Hormonal treatment is required before freezing of oocytes or embryos. In cases of hormone-sensitive breast cancer, this hormonal treatment can theoretically be harmful. Therefore, these women may receive tamoxifen or letrozole in addition to standard hormonal treatment. Cochrane review authors examined the evidence about tamoxifen or letrozole versus standard methods for women with estrogen-receptor positive breast cancer undergoing freezing of oocytes or embryos in assisted reproduction.</P>
<P>
<I>Key results</I>
</P>
<P>No randomised studies were found in which the different types of treatment available for these women were compared. The evidence is current to October 2013.</P>
</SUMMARY_BODY>
  </SUMMARY>
  <ABSTRACT TRANSLATED="NO">
    <ABS_BACKGROUND>
<P>Cryopreservation of oocytes or embryos preceded by controlled ovarian stimulation (COS) can increase the chance of future pregnancy in women with breast cancer who risk therapy-induced ovarian failure. In women with estrogen-receptor (ER) positive breast cancer, alternative COS protocols with tamoxifen or letrozole are being used to theoretically inhibit breast cancer growth during COS.</P>
</ABS_BACKGROUND>
    <ABS_OBJECTIVES>
<P>To assess the effects of tamoxifen or letrozole, in addition to standard COS protocols, on the breast cancer－free interval in premenopausal women with ER positive breast cancer who undergo COS for embryo or oocyte cryopreservation.</P>
</ABS_OBJECTIVES>
    <ABS_SEARCH_STRATEGY>
<P>We searched the Ovid Cochrane Central Register of Controlled Trials (CENTRAL), Ovid MEDLINE, Ovid EMBASE, Ovid PsycINFO, and EBSCOhost CINAHL. We applied no limitations in year of publication or language. In addition, we searched trial registers for ongoing and registered trials, conference abstracts, and sources of grey literature. The search was conducted in January 2013.</P>
</ABS_SEARCH_STRATEGY>
    <ABS_SELECTION_CRITERIA>
<P>Randomised trials comparing different COS protocols in women with breast cancer were eligible for inclusion.</P>
</ABS_SELECTION_CRITERIA>
    <ABS_DATA_COLLECTION>
<P>Two review authors independently scanned the titles, abstracts, or both sections according to Cochrane guidelines. If data to include were provided, data extraction would have been independently performed by two review authors by using forms designed according to Cochrane guidelines.</P>
</ABS_DATA_COLLECTION>
    <ABS_RESULTS>
<P>No randomised controlled trials were found that met the inclusion criteria.</P>
</ABS_RESULTS>
    <ABS_CONCLUSIONS>
<P>COS schedules with the additional use of tamoxifen or letrozole are commonly chosen as an alternative regimen in young women with ER positive breast cancer who undergo COS for oocyte or embryo cryopreservation. No randomised controlled trials support the idea that these alternative COS schedules are superior to standard COS.</P>
</ABS_CONCLUSIONS>
  </ABSTRACT>
</DOC>
