<?xml version="1.0"?>
<DOC>
  <TITLE TRANSLATED="NO">Chinese herbal medicines for benign thyroid nodules in adults</TITLE>
  <SUMMARY TRANSLATED="NO">
    <SUMMARY_TITLE>Chinese herbal medicines for benign thyroid nodules in adults</SUMMARY_TITLE>
    <SUMMARY_BODY>
<P>
<B>Review question</B>
</P>
<P>To assess the effects of Chinese herbal medicines in the treatment of benign thyroid nodules in adults.</P>
<P>
<B>Background</B>
</P>
<P>A thyroid nodule is a swelling within the thyroid gland and is a common clinical problem detected in 20% to 70% of people. Thyroid nodules can cause pressure symptoms and cosmetic complaints. Treatment for benign thyroid nodules includes thyroid hormone therapy, surgery, radioiodine treatment, percutaneous ethanol injection therapy and laser or radiofrequency treatment to shrink nodules. Chinese herbal medicines are commonly used as alternatives to drug treatment.</P>
<P>
<B>Study characteristics</B>
</P>
<P>We could identify only one randomised controlled trial involving 152 participants with benign thyroid nodules. The intervention group (98 participants) was treated with a combination of two Chinese herbal medicines, and no treatment was given to the control group (54 participants). The duration of treatment was three months, and overall follow-up six months.</P>
<P>
<B>Key results</B>
</P>
<P>The included study did not investigate nodule volume reduction ≥ 50%; pressure symptoms, cosmetic complaints or both; health-related quality of life; all-cause mortality; cancer occurrence; changes in number and size of thyroid nodules; changes in thyroid volume; or socioeconomic effects. Thyroid hormone levels were normal in both groups before and after the study was conducted. No adverse events were reported.</P>
<P>
<B>Quality of the evidence</B>
</P>
<P>The overall quality of the included study was unclear or low.</P>
<P>
<B>Currentness of data</B>
</P>
<P>This evidence is up to date as of April 2013.</P>
</SUMMARY_BODY>
  </SUMMARY>
  <ABSTRACT TRANSLATED="NO">
    <ABS_BACKGROUND>
<P>A thyroid nodule is a discrete lesion within the thyroid gland that might be palpable and is ultrasonographically distinct from the surrounding thyroid parenchyma. Thyroid nodules are more common as age increases and occur more frequently in women. Benign thyroid nodules often cause pressure symptoms and cosmetic complaints. In China and many other countries, doctors use Chinese herbal medicines (CHM) to treat thyroid nodules.</P>
</ABS_BACKGROUND>
    <ABS_OBJECTIVES>
<P>To assess the effects of Chinese herbal medicines in the treatment of benign thyroid nodules in adults.</P>
</ABS_OBJECTIVES>
    <ABS_SEARCH_STRATEGY>
<P>Review authors searched the following electronic databases: <I>The Cochrane Library</I>, MEDLINE, EMBASE, the Chinese Biomedical Literature Database (CBM), the China National Knowledge Infrastructure (CNKI), VIP information (a Chinese database), WANFANG Data (a Chinese database), the Chinese Conference Papers Database and the Chinese Dissertation Database (all searched up to April 2013).</P>
</ABS_SEARCH_STRATEGY>
    <ABS_SELECTION_CRITERIA>
<P>Randomised controlled trials comparing CHM or CHM plus levothyroxine versus levothyroxine, placebo or no treatment in adults with benign thyroid nodules.</P>
</ABS_SELECTION_CRITERIA>
    <ABS_DATA_COLLECTION>
<P>Two review authors independently extracted data, assessed studies for risk of bias and evaluated overall study quality according to GRADE (Grading of Recommendations Assessment, Development and Evaluation), with differences resolved by consensus.</P>
</ABS_DATA_COLLECTION>
    <ABS_RESULTS>
<P>We included one randomised trial involving 152 participants with a randomisation ratio of 2:1 (CHM vs no treatment). The trial applied adequate sequence generation; however, allocation concealment was unclear. Duration of treatment was three months, and follow-up six months. Our a priori defined outcomes of interest (i.e. nodule volume reduction ≥ 50%; pressure symptoms, cosmetic complaints or both; health-related quality of life; all-cause mortality; cancer occurrence; changes in number and size of thyroid nodules; changes in thyroid volume; and socioeconomic effects) were not investigated in the included study. Thyrotropin (TSH), thyroxine (T4) and tri-iodothyronine (T3) serum levels were normal in both groups before and after the trial was conducted. No adverse events were reported (low quality evidence).</P>
</ABS_RESULTS>
    <ABS_CONCLUSIONS>
<P>Firm evidence cannot be found to support or refute the use of Chinese herbal medicines for benign thyroid nodules in adults.</P>
</ABS_CONCLUSIONS>
  </ABSTRACT>
</DOC>
