<?xml version="1.0"?>
<DOC>
  <TITLE TRANSLATED="NO">Remote and web 2.0 interventions for promoting physical activity</TITLE>
  <SUMMARY TRANSLATED="NO">
    <SUMMARY_TITLE>Remote and web 2.0 interventions for promoting physical activity</SUMMARY_TITLE>
    <SUMMARY_BODY>
<P>Participating in insufficient amounts of physical activity leads to an increased risk of a number of chronic diseases, and physical and mental health problems. Regular physical activity should be a goal for all adults and it can provide social, emotional and physical health benefits. The majority of adults are not active at recommended levels. We included a total of 11 studies recruiting 5862 apparently healthy adults in this review. The findings of the review indicate that using technologies to support adults' attempts to become more active, achieve the recommended weekly amounts of activity, or become fitter are successful. Changes can be achieved with help from a trained professional and through personal support via telephone, e-mail, or written information. New physical activity can be maintained for at least one year and it does not increase the risk of falls or exercise related injuries. More research is needed to establish which methods of exercise promotion encourage specific groups of people to be more physically active in the long term.</P>
</SUMMARY_BODY>
  </SUMMARY>
  <ABSTRACT TRANSLATED="NO">
    <ABS_BACKGROUND>
<P>Remote and web 2.0 interventions for promoting physical activity (PA) are becoming increasingly popular but their ability to achieve long term changes are unknown.</P>
</ABS_BACKGROUND>
    <ABS_OBJECTIVES>
<P>To compare the effectiveness of remote and web 2.0 interventions for PA promotion in community dwelling adults (aged 16 years and above) with a control group exposed to placebo or no or minimal intervention.</P>
</ABS_OBJECTIVES>
    <ABS_SEARCH_STRATEGY>
<P>We searched CENTRAL, MEDLINE, EMBASE, CINAHL, and some other databases (from earliest dates available to October 2012). Reference lists of relevant articles were checked. No language restrictions were applied.</P>
</ABS_SEARCH_STRATEGY>
    <ABS_SELECTION_CRITERIA>
<P>Randomised controlled trials (RCTs) that compared remote and web 2.0 PA interventions for community dwelling adults with a placebo or no or minimal intervention control group. We included studies if the principal component of the intervention was delivered using remote or web 2.0 technologies (for example the internet, smart phones) or more traditional methods (for example telephone, mail-outs), or both. To assess behavioural change over time, the included studies had a minimum of 12 months follow-up from the start of the intervention to the final results. We excluded studies that had more than a 20% loss to follow-up if they did not apply an intention-to-treat analysis.</P>
</ABS_SELECTION_CRITERIA>
    <ABS_DATA_COLLECTION>
<P>At least two authors independently assessed the quality of each study and extracted the data. Non-English language papers were reviewed with the assistance of an interpreter who was an epidemiologist. Study authors were contacted for additional information where necessary. Standardised mean differences (SMDs) and 95% confidence intervals (CIs) were calculated for the continuous measures of self-reported PA and cardio-respiratory fitness. For studies with dichotomous outcomes, odds ratios and 95% CIs were calculated.</P>
</ABS_DATA_COLLECTION>
    <ABS_RESULTS>
<P>A total of 11 studies recruiting 5862 apparently healthy adults met the inclusion criteria. All of the studies took place in high-income countries. The effect of the interventions on cardiovascular fitness at one year (two studies; 444 participants) was positive and moderate with significant heterogeneity of the observed effects (SMD 0.40; 95% CI 0.04 to 0.76; high quality evidence). The effect of the interventions on self-reported PA at one year (nine studies; 4547 participants) was positive and moderate (SMD 0.20; 95% CI 0.11 to 0.28; moderate quality evidence) with heterogeneity (I<SUP>2 </SUP>= 37%) in the observed effects. One study reported positive results at two years (SMD 0.20; 95% CI 0.08 to 0.32; moderate quality evidence). When studies were stratified by risk of bias, the studies at low risk of bias (eight studies; 3403 participants) had an increased effect (SMD 0.28; 95% CI 0.16 to 0.40; moderate quality evidence). The most effective interventions applied a tailored approach to the type of PA and used telephone contact to provide feedback and to support changes in PA levels. There was no evidence of an increased risk of adverse events (seven studies; 2892 participants). Risk of bias was assessed as low (eight studies; 3060 participants) or moderate (three studies; 2677 participants). There were no differences in effectiveness between studies using different types of professionals delivering the intervention (for example health professional, exercise specialist). There was no difference in pooled estimates between studies that generated the prescribed PA using an automated computer programme versus a human, nor between studies that used pedometers as part of their intervention compared to studies that did not.</P>
</ABS_RESULTS>
    <ABS_CONCLUSIONS>
<P>We found consistent evidence to support the effectiveness of remote and web 2.0 interventions for promoting PA. These interventions have positive, moderate sized effects on increasing self-reported PA and measured cardio-respiratory fitness, at least at 12 months. The effectiveness of these interventions was supported by moderate and high quality studies. However, there continues to be a paucity of cost effectiveness data and studies that include participants from varying socioeconomic or ethnic groups. To better understand the independent effect of individual programme components, longer term studies, with at least one year follow-up, are required.</P>
</ABS_CONCLUSIONS>
  </ABSTRACT>
</DOC>
