<?xml version="1.0"?>
<DOC>
  <TITLE TRANSLATED="NO">Totally percutaneous versus standard femoral artery access for elective bifurcated abdominal endovascular aneurysm repair</TITLE>
  <SUMMARY TRANSLATED="NO">
    <SUMMARY_TITLE>Skin puncture versus exposing the femoral artery for minimally invasive repairs of abdominal aortic aneurysms</SUMMARY_TITLE>
    <SUMMARY_BODY>
<P>Abdominal aortic aneurysms are a ballooning of the largest blood vessel in the abdomen, the abdominal aorta, due to weakness of the vessel wall. This ballooning may lead to life threatening rupture. Repair of the aneurysm is recommended if it is felt to pose a significant risk. All repairs involve putting in an artifical graft, a tube composed of fabric, to help reinforce the artery wall. There are two main methods for repair. One is an open technique in which the whole abdomen is opened and the graft is put inside the blood vessel. The other technique is an endovascular aneurysm repair. With this technique the graft is fed into the abdominal aorta through an artery in the groin (the femoral artery) and it avoids the large abdominal incision. This review looked at an alternative method for introducing the graft into the femoral artery, percutaneous access. Instead of making an incision in the groin to expose the femoral artery (a cut-down), a small hole is made in the skin and then a needle with a plastic tube sitting over it is introduced into the femoral artery. Once introduced, the needle can be pulled back up the tube leaving the tube in place in the artery. The graft and all other materials can then be fed into the artery via the plastic tube. Once the procedure is complete the tube can be withdrawn. The surface incision can usually be closed with one stitch.<BR/>
</P>
<P>This review found only one study which compared the cut-down technique of endovascular repair with the percutaneous technique. The study had 30 participants; 15 underwent the cut-down technique and 15 the percutaneous technique. No one died during the study and the procedure was successful in all participants. However, for one participant the surgery had to be changed from percutaneous access to the cut-down technique, and one participant undergoing the percutaneous surgery had to have the artery repaired surgically due to continued bleeding. The surgery took less time in the percutaneous group compared with the cut-down group (87 minutes versus 108 minutes). There were no other significant differences found in the study.</P>
<P>The included study did not report on the methods of randomisation, how the randomisation was concealed and the pre-selected outcomes of interest.</P>
<P>This one study did not provide enough data and no firm conclusions could be drawn from it. Larger studies are needed to provide us with more data. The review indicates that the new technique might be a good option for some patients but more research is needed.</P>
</SUMMARY_BODY>
  </SUMMARY>
  <ABSTRACT TRANSLATED="NO">
    <ABS_BACKGROUND>
<P>Abdominal aortic aneurysms (AAAs) are a vascular condition with significant risk attached, particularly if they rupture. It is, therefore, critical to identify and repair these as an elective procedure before they rupture and require emergency surgery. Repair has traditionally been an open surgical technique that required a large incision across the abdomen. More recently endovascular aneurysm repairs (EVARs) have become a common alternative. In this procedure, the common femoral artery is exposed via a cut-down approach and a graft is introduced to the aneurysm in this way. This review examines a totally percutaneous approach to EVAR. This technique gives a minimally invasive approach to femoral artery access that may reduce groin wound complication rates and improve recovery time. The technique may, however, be less applicable in patients with, for example, groin scarring or arterial calcification.</P>
</ABS_BACKGROUND>
    <ABS_OBJECTIVES>
<P>This review aims to compare the clinical outcomes of percutaneous access with standard femoral artery access in elective bifurcated abdominal endovascular aneurysm repair (EVAR).</P>
</ABS_OBJECTIVES>
    <ABS_SEARCH_STRATEGY>
<P>The Cochrane Peripheral Vascular Diseases Group Trials Search Co-ordinator searched their Specialised Register (last searched July 2013), CENTRAL (2013, Issue 6) and clinical trials databases. Reference lists of retrieved articles were checked.</P>
</ABS_SEARCH_STRATEGY>
    <ABS_SELECTION_CRITERIA>
<P>Only randomised controlled trials were considered. The primary intervention was a totally percutaneous endovascular repair. All device types were considered. This was compared against standard femoral artery endovascular repair. Only studies investigating elective repairs were considered. Studies reporting emergency surgery for a ruptured abdominal aortic aneurysm (rAAA) and those reporting aorto-uni-iliac repairs were excluded.</P>
</ABS_SELECTION_CRITERIA>
    <ABS_DATA_COLLECTION>
<P>All data were collected independently by two review authors. Owing to the small number of trials identified, no formal assessment of heterogeneity or sensitivity analysis was conducted.</P>
</ABS_DATA_COLLECTION>
    <ABS_RESULTS>
<P>Only one trial met the inclusion criteria, involving a total of 30 participants, 15 undergoing the percutaneous technique and 15 treated by the standard femoral cut-down approach. There were no significant differences between the two groups at baseline.</P>
<P>No mortality or failure of aneurysm exclusion was observed in either group. Three wound infections occurred in the standard femoral cut-down group, whereas none were observed in the percutaneous group. This was not statistically significant. Only one major complication was observed in the study, a conversion to the cut-down technique in the percutaneous access group. No long-term outcomes were reported. One episode of a bleeding complication was reported in the percutaneous group. Significant differences were detected in surgery time (percutaneous 86.7 ± 27 minutes versus conventional 107.8 ± 38.5 minutes; P &lt; 0.05).</P>
<P>The included study had a small sample size and failed to report adequately the method of randomisation, allocation concealment and the pre-selected outcomes.</P>
</ABS_RESULTS>
    <ABS_CONCLUSIONS>
<P>Only one small study was identified, which did not provide adequate evidence to determine the efficacy and safety of the percutaneous approach compared with endovascular aneurysm repairs. This review has identified a clear need for further research into this potentially beneficial technique. One ongoing study was identified in the search, which may provide an improved evidence base in the future.</P>
</ABS_CONCLUSIONS>
  </ABSTRACT>
</DOC>
