<?xml version="1.0"?>
<DOC>
  <TITLE TRANSLATED="NO">Pharmacological treatment of vascular risk factors for reducing mortality and cardiovascular events in patients with abdominal aortic aneurysm</TITLE>
  <SUMMARY TRANSLATED="NO">
    <SUMMARY_TITLE>Medical treatment of vascular risk factors for reducing mortality and cardiovascular events in people with abdominal aortic aneurysm</SUMMARY_TITLE>
    <SUMMARY_BODY>
<P>Abdominal aortic aneurysm (AAA) is a potentially life-threatening condition where the aorta enlarges and can ultimately burst leading to massive internal bleeding. Current guidelines recommend that AAAs ≥ 55 mm should be surgically repaired as at this size the risk of rupture outweighs the risk of surgical repair. AAAs between 30 and 54 mm in size are not as high risk and are generally monitored by regular scans to check for further enlargement. Recent research has shown that even after the aneurysm is repaired, the survival rate in people with AAA is poorer than in people without AAA. In the majority of cases, the cause of death is a cardiovascular event such as a heart attack or a stroke. Conditions such as high blood pressure or high cholesterol increase the risk of cardiovascular death. However, both conditions can be reversed through medical treatment. Given the increased risk of mortality with AAA, it is important to determine which medical treatment is most effective in preventing cardiovascular death in people with AAA.</P>
<P>In this review, the effectiveness of medical treatment to treat vascular risk factors and reduce cardiovascular deaths and events in people with an AAA was studied. After searching for all relevant studies, one study was found in which a subgroup of 227 people with AAA were randomised to receive the beta-blocker metoprolol or a placebo. The results from the included study were imprecise for all causes of death and death from cardiovascular disease or nonfatal cardiovascular events at 30 days or six months after AAA repair. Adverse drug effects were reported for the whole study population and were not available for the subgroup of participants with AAA. The study was deemed to be at a generally low risk of bias.</P>
<P>Research with larger and longer duration trials is needed to determine which treatment is most effective. At present people with AAA are offered a wide range of pharmacological treatment including antiplatelet drugs, antihypertensives and lipid-lowering drugs. Future trials should test available drugs to find the most effective strategy, whether that be one single drug or a combination of treatments. In addition, the acceptability of such interventions needs to be assessed and future studies should measure adverse side effects associated with these drugs and their impact on quality of life.</P>
</SUMMARY_BODY>
  </SUMMARY>
  <ABSTRACT TRANSLATED="NO">
    <ABS_BACKGROUND>
<P>Pharmacological prophylaxis has been proven to reduce the risk of cardiovascular events in patients with atherosclerotic occlusive arterial disease. However, the role of prophylaxis in patients with abdominal aortic aneurysm (AAA) remains unclear. Several studies have shown that despite successful repair, those with AAA have a poorer rate of survival than healthy controls. People with AAA have an increased prevalence of coronary heart disease and risk of cardiovascular events. Despite this association, little is known about the effectiveness of pharmacological prophylaxis in reducing cardiovascular risk in people with AAA.</P>
</ABS_BACKGROUND>
    <ABS_OBJECTIVES>
<P>To determine the long-term effectiveness of antiplatelet, antihypertensive or lipid-lowering medication in reducing mortality and cardiovascular events in people with abdominal aortic aneurysm (AAA).</P>
</ABS_OBJECTIVES>
    <ABS_SEARCH_STRATEGY>
<P>The Cochrane Peripheral Vascular Diseases Group Trials Search Co-ordinator searched the Specialised Register (last searched April 2013) and CENTRAL (2013, Issue 3). Reference lists of relevant articles were also checked.</P>
</ABS_SEARCH_STRATEGY>
    <ABS_SELECTION_CRITERIA>
<P>Randomised controlled trials in which people with AAA were randomly allocated to one prophylactic treatment versus another, a different regimen of the same treatment, a placebo, or no treatment were eligible for inclusion in this review. Primary outcomes included all-cause mortality and cardiovascular mortality.</P>
</ABS_SELECTION_CRITERIA>
    <ABS_DATA_COLLECTION>
<P>Selection of the studies, quality assessment and data extraction were completed independently by two review authors. Any disagreements were resolved by discussion. Only one study was included in the review, therefore meta-analysis could not be performed.</P>
</ABS_DATA_COLLECTION>
    <ABS_RESULTS>
<P>One randomised controlled study was included in the review. A subgroup of 227 patients with AAA received either metoprolol (N = 111) or placebo (N = 116). There was no clear evidence that metoprolol reduced all-cause mortality (odds ratio (OR) 0.17, 95% confidence interval (CI) 0.02 to 1.41), cardiovascular death (OR 0.20, 95% CI 0.02 to 1.76), AAA-related death (OR 1.05, 95% CI 0.06 to 16.92) or increased nonfatal cardiovascular events (OR 1.44, 95% CI 0.58 to 3.57) 30 days postoperatively. Furthermore, at six months postoperatively, estimated effects were compatible with benefit and harm for all-cause mortality (OR 0.71, 95% CI 0.26 to 1.95), cardiovascular death (OR 0.73, 95% CI 0.23 to 2.39) and nonfatal cardiovascular events (OR 1.41, 95% CI 0.59 to 3.35). Adverse drug effects were reported for the whole study population and were not available for the subgroup of participants with AAA. The study was deemed to be at a generally low risk of bias.</P>
</ABS_RESULTS>
    <ABS_CONCLUSIONS>
<P>Due to the limited number of trials, there is insufficient evidence to draw any conclusions about the effectiveness of cardiovascular prophylaxis in reducing mortality and cardiovascular events in people with AAA. Further good-quality randomised controlled trials examining many types of prophylaxis with long-term follow-up are required before firm conclusions can be made.</P>
</ABS_CONCLUSIONS>
  </ABSTRACT>
</DOC>
