<?xml version="1.0"?>
<DOC>
  <TITLE TRANSLATED="NO">Anticoagulant treatment for subsegmental pulmonary embolism</TITLE>
  <SUMMARY TRANSLATED="NO">
    <SUMMARY_TITLE>Anticoagulant treatment for subsegmental pulmonary embolism</SUMMARY_TITLE>
    <SUMMARY_BODY>
<P>Acute pulmonary embolism (PE) is a common cause of death, accounting for 50,000 to 200,000 deaths annually. It is the third most common cause of mortality among the cardiovascular diseases, after coronary artery disease and stroke.</P>
<P>The advent of multi-detector computed tomographic pulmonary angiography (CTPA) has allowed better assessment of PE regarding visualisation of the peripheral pulmonary arteries, increasing its rate of diagnosis. More cases of peripheral PEs, such as isolated subsegmental PE (SSPE) and incidental PE, have thereby been identified. These two conditions are usually found in patients with few or no classic symptoms such as coughing (including coughing up blood), chest or upper back pain, acute shortness of breath, or general or specific failure of the circulation that is either cardiac or peripheral in nature. However, in patients with an impaired cardiac and pulmonary condition the classic PE symptoms can be found with isolated SSPEs. Incidental SSPE is found casually in asymptomatic patients, usually by diagnostic imaging performed for other reasons (for example routine computed tomography (CT) for cancer staging in oncologic patients).</P>
<P>Patients with isolated SSPE or incidental PE may have a more benign clinical presentation compared with those with proximal PEs. However, the clinical significance and prognosis in these patients has to be studied to evaluate whether anticoagulation therapy is required.</P>
<P>No studies met the inclusion criteria of the review. There is no randomised controlled trial evidence for the effectiveness and safety of anticoagulation therapy versus no intervention in patients with isolated subsegmental pulmonary embolism (SSPE) or incidental SSPE and, therefore, we can not draw any conclusions. Well-conducted research is required before informed practice decisions can be made.</P>
</SUMMARY_BODY>
  </SUMMARY>
  <ABSTRACT TRANSLATED="NO">
    <ABS_BACKGROUND>
<P>Acute pulmonary embolism (PE) is a common cause of death, accounting for 50,000 to 200,000 deaths annually. It is the third most common cause of mortality among the cardiovascular diseases, after coronary artery disease and stroke.</P>
<P>The advent of multi-detector computed tomographic pulmonary angiography (CTPA) has allowed better assessment of PE regarding visualisation of the peripheral pulmonary arteries, increasing its rate of diagnosis. More cases of peripheral PEs, such as isolated subsegmental PE (SSPE) and incidental PE, have thereby been identified. These two conditions are usually found in patients with few or none of the classic PE symptoms such as haemoptysis or pleuritic pain, acute dyspnoea or circulatory collapse. However, in patients with reduced cardio-pulmonary (C/P) reserve the classic PE symptoms can be found with isolated SSPEs. Incidental SSPE is found casually in asymptomatic patients, usually by diagnostic imaging performed for other reasons (for example routine CT for cancer staging in oncologic patients).</P>
<P>Traditionally, all PEs are anticoagulated in a similar manner independent of the location, number and size of the thrombi. It has been suggested that many patients with SSPE may be treated without benefit, increasing adverse events by possible unnecessary use of anticoagulants.</P>
<P>Patients with isolated SSPE or incidental PE may have a more benign clinical presentation compared with those with proximal PEs. However, the clinical significance in patients and their prognosis have to be studied to evaluate whether anticoagulation therapy is required.</P>
</ABS_BACKGROUND>
    <ABS_OBJECTIVES>
<P>To assess the effectiveness and safety of anticoagulation therapy versus no intervention in patients with isolated subsegmental pulmonary embolism (SSPE) or incidental SSPE.</P>
</ABS_OBJECTIVES>
    <ABS_SEARCH_STRATEGY>
<P>The Cochrane Peripheral Vascular Diseases Group Trials Search Co-ordinator searched the Specialised Register (last searched October 2013) and CENTRAL (2013, Issue 9). MEDLINE, EMBASE, LILACS and clinical trials databases were also searched (October 2013).</P>
</ABS_SEARCH_STRATEGY>
    <ABS_SELECTION_CRITERIA>
<P>Randomised controlled trials of anticoagulation therapy versus no intervention in patients with SSPE or incidental SSPE.</P>
</ABS_SELECTION_CRITERIA>
    <ABS_DATA_COLLECTION>
<P>Two review authors inspected all citations to ensure reliable selection. We planned for two review authors to independently extract data and to assess the methodological quality of identified trials using the criteria recommended in the <I>Cochrane Handbook for Systematic Reviews of Interventions</I>.</P>
</ABS_DATA_COLLECTION>
    <ABS_RESULTS>
<P>No studies were identified that met the inclusion criteria.</P>
</ABS_RESULTS>
    <ABS_CONCLUSIONS>
<P>There is no randomised controlled trial evidence for the effectiveness and safety of anticoagulation therapy versus no intervention in patients with isolated subsegmental pulmonary embolism (SSPE) or incidental SSPE, and therefore we can not draw any conclusions. Well-conducted research is required before informed practice decisions can be made.</P>
</ABS_CONCLUSIONS>
  </ABSTRACT>
</DOC>
