<?xml version="1.0"?>
<DOC>
  <TITLE TRANSLATED="NO">Methods to decrease blood loss during liver resection: a network meta-analysis</TITLE>
  <SUMMARY TRANSLATED="NO">
    <SUMMARY_TITLE>Surgical methods to decrease blood loss during liver surgery</SUMMARY_TITLE>
    <SUMMARY_BODY>
<P>
<B>Background</B>
</P>
<P>Many cancerous and non-cancerous growths that develop in the liver are treated by removing part of the liver (elective liver resection), which is major surgery with high risk of complications. Severe blood loss is a contributing factor to the complications since blood vessels are cut and blood entering the liver from the general circulation escapes during liver resection. Several methods have been proposed to decrease blood loss during liver resection. This includes blocking the blood supply to the liver during the operation, a process known as vascular occlusion, which could be performed continuously or intermittently. Special equipment using ultrasound waves and high-frequency alternating current called radiofrequency waves have been proposed as alternatives to using simple surgical instruments in the division of the liver. Once the liver is divided, care is taken to ensure that there is no bleeding from the cut surface of the liver remaining in the body. This can be done by simply using the heat generated by standard alternating current (diathermy machine or electrocautery) or additional glue can be applied to the cut surface to prevent and control bleeding. However, the benefits that these special methods offer in liver resection are unknown. A surgeon typically uses one method from each of these three categories, that is, vascular occlusion (including no vascular occlusion), the use of special equipment to divide the liver, and the way that the cut surface is managed. Together, one can consider this combination of methods as a treatment strategy. The optimal treatment strategy for liver resection is unknown. We sought to clarify this information by performing a literature search to seek the differences in death, complications, quality of life, blood loss and blood transfusion requirements, length of hospital stay, intensive therapy unit stay, and time taken to return to work between the different treatment strategies. We used special statistical methods to compare the different treatments simultaneously as compared to the traditional Cochrane method of comparing two treatments at a time since there are multiple treatment strategies.</P>
<P>
<B>Study characteristics</B>
</P>
<P>We identified nine trials with 617 participants that met our inclusion criteria. However, we were only able to include 496 participants randomised to seven different treatment strategies from seven trials in our network meta-analysis because of the complex statistical methodology that we used.</P>
<P>
<B>Key results</B>
</P>
<P>There was an increase in the proportion of people with major complications when the liver was divided using radiofrequency as compared with using standard surgical instruments. Major complications developed in approximately 25% of people undergoing liver resection using radiofrequency. In comparison, one in 15 people (7%) undergoing liver resection by standard method developed major complications. There was modest reduction in blood loss and number of units of blood transfused when continuous vascular occlusion was used compared with no vascular occlusion or intermittent vascular occlusion. Liver resection by intermittent vascular occlusion took about 50 minutes longer than liver resection performed with no vascular occlusion when the liver was divided using ultrasound. Quality of life and time needed to return to work were not reported in any of the trials. The differences in the other outcomes and other comparisons that were not mentioned above were imprecise.</P>
<P>
<B>Quality of evidence</B>
</P>
<P>All the trials were at high risk of bias, that is, there is possibility of arriving at wrong conclusions overestimating benefits or underestimating harms of one method or the other because of the way that the studies were conducted. The overall quality of evidence was very low.</P>
<P>
<B>Conclusions</B>
</P>
<P>We are unable to determine the comparative benefits and harms of different methods of liver resection. Liver resection using radiofrequency energy should be further assessed in randomised clinical trials in order to understand its safety profile better. The risk of serious adverse events following liver resection using no special equipment compared with more complex methods requiring special equipment is uncertain due to the very low quality of the evidence. However, there is considerable uncertainty about this and large benefits or harms with a specific method of liver resection cannot be ruled out.</P>
</SUMMARY_BODY>
  </SUMMARY>
  <ABSTRACT TRANSLATED="NO">
    <ABS_BACKGROUND>
<P>Liver resection is a major surgery with significant mortality and morbidity. Various methods have been attempted to decrease blood loss and morbidity during elective liver resection. These methods include different methods of vascular occlusion, parenchymal transection, and management of the cut surface of the liver. A surgeon typically uses only one of the methods from each of these three categories. Together, one can consider this combination as a treatment strategy. The optimal treatment strategy for liver resection is unknown.</P>
</ABS_BACKGROUND>
    <ABS_OBJECTIVES>
<P>To assess the comparative benefits and harms of different treatment strategies that aim to decrease blood loss during elective liver resection.</P>
</ABS_OBJECTIVES>
    <ABS_SEARCH_STRATEGY>
<P>We searched the Cochrane Central Register of Controlled Trials (CENTRAL), MEDLINE, EMBASE, and Science Citation Index Expanded to July 2012 to identify randomised clinical trials. We also handsearched the references lists of identified trials.</P>
</ABS_SEARCH_STRATEGY>
    <ABS_SELECTION_CRITERIA>
<P>We included only randomised clinical trials (irrespective of language, blinding, or publication status) where the method of vascular occlusion, parenchymal transection, and management of the cut surface were clearly reported, and where people were randomly assigned to different treatment strategies based on different combinations of the three categories (vascular occlusion, parenchymal transection, cut surface).</P>
</ABS_SELECTION_CRITERIA>
    <ABS_DATA_COLLECTION>
<P>Two review authors identified trials and collected data independently. We assessed the risk of bias using The Cochrane Collaboration's methodology. We conducted a Bayesian network meta-analysis using the Markov chain Monte Carlo method in WinBUGS 1.4 following the guidelines of the National Institute for Health and Care Excellence Decision Support Unit guidance documents. We calculated the odds ratios (OR) with 95% credible intervals (CrI) (which are similar to confidence intervals in the frequentist approach for meta-analysis) for the binary outcomes and mean differences (MD) with 95% CrI for continuous outcomes using a fixed-effect model or random-effects model according to model-fit.</P>
</ABS_DATA_COLLECTION>
    <ABS_RESULTS>
<P>We identified nine trials with 617 participants that met our inclusion criteria. Interventions in the trials included three different options for vascular occlusion, four for parenchymal transection, and two for management of the cut liver surface. These interventions were combined in different ways in the trials giving 11 different treatment strategies. However, we were only able to include 496 participants randomised to seven different treatment strategies from seven trials in our network meta-analysis, because the treatment strategies from the trials that used fibrin sealant for management of the raw liver surface could not be connected to the network for any outcomes. Thus, the trials included in the network meta-analysis varied only in their approaches to vascular exclusion and parenchymal transection and none used fibrin sealant. All the trials were of high risk of bias and the quality of evidence was very low for all the outcomes. The differences in mortality between the different strategies was imprecise (seven trials; seven treatment strategies; 496 participants). Five trials (six strategies; 406 participants) reported serious adverse events. There was an increase in the proportion of people with serious adverse events when surgery was performed using radiofrequency dissecting sealer compared with the standard clamp-crush method in the absence of vascular occlusion and fibrin sealant. The OR for the difference in proportion was 7.13 (95% CrI 1.77 to 28.65; 15/49 (adjusted proportion 24.9%) in radiofrequency dissecting sealer group compared with 6/89 (6.7%) in the clamp-crush method). The differences in serious adverse events between the other groups were imprecise. There was a high probability that 'no vascular occlusion with clamp-crush method and no fibrin' and 'intermittent vascular occlusion with Cavitron ultrasonic surgical aspirator and no fibrin' are better than other treatments with regards to serious adverse events. Quality of life was not reported in any of the trials.</P>
<P>The differences in the proportion of people requiring blood transfusion was imprecise (six trials; seven treatments; 446 participants). Two trials (three treatments; 155 participants) provided data for quantity of blood transfused. People undergoing liver resection by intermittent vascular occlusion had higher amounts of blood transfused than people with continuous vascular occlusion when the parenchymal transection was carried out with the clamp-crush method and no fibrin sealant was used for the cut surface (MD 1.2 units; 95% CrI 0.08 to 2.32). The differences in the other comparisons were imprecise (very low quality evidence). Three trials (four treatments; 281 participants) provided data for operative blood loss. People undergoing liver resection using continuous vascular occlusion had lower blood loss than people with no vascular occlusion when the parenchymal transection was carried out with clamp-crush method and no fibrin sealant was used for the cut surface (MD -130.9 mL; 95% CrI -255.9 to -5.9). None of the trials reported the proportion of people with major blood loss.</P>
<P>The differences in the length of hospital stay (six trials; seven treatments; 446 participants) and intensive therapy unit stay (four trials; six treatments; 261 participants) were imprecise. Four trials (four treatments; 245 participants) provided data for operating time. Liver resection by intermittent vascular occlusion took longer than liver resection performed with no vascular occlusion when the parenchymal transection was carried out with Cavitron ultrasonic surgical aspirator and no fibrin sealant was used for the cut surface (MD 49.6 minutes; 95% CrI 29.8 to 69.4). The differences in the operating time between the other comparisons were imprecise. None of the trials reported the time needed to return to work.</P>
</ABS_RESULTS>
    <ABS_CONCLUSIONS>
<P>Very low quality evidence suggested that liver resection using a radiofrequency dissecting sealer without vascular occlusion or fibrin sealant may increase serious adverse events and this should be evaluated in further randomised clinical trials. The risk of serious adverse events with liver resection using no special equipment compared with more complex methods requiring special equipment was uncertain due to the very low quality of the evidence. The credible intervals were wide and considerable benefit or harm with a specific method of liver resection cannot be ruled out.</P>
</ABS_CONCLUSIONS>
  </ABSTRACT>
</DOC>
