<?xml version="1.0"?>
<DOC>
  <TITLE TRANSLATED="NO"> Different infusion durations for preventing platinum-induced hearing loss in children with cancer</TITLE>
  <SUMMARY TRANSLATED="NO">
    <SUMMARY_TITLE>Different infusion durations for preventing platinum-induced hearing loss in children with cancer</SUMMARY_TITLE>
    <SUMMARY_BODY>
<P>Platinum-based chemotherapy, including cisplatin, carboplatin or oxaliplatin, or a combination of these, is used to treat different types of childhood cancer. Unfortunately, one of the most important adverse effects of platinum chemotherapy is hearing loss. This can occur not only during treatment but also years after the end of treatment. Although it is not life-threatening, the loss of hearing, especially during the first three years of life, may lead to difficulties with school performance and psychosocial functioning. Therefore, prevention of platinum-induced hearing loss is very important and might improve the quality of life of children undergoing cancer treatment and those who have survived treatment with platinum-based chemotherapy.</P>
<P>The review authors identified one randomised study comparing a continuous cisplatin infusion with a one hour cisplatin bolus infusion in children with neuroblastoma. For the continuous infusion, cisplatin was administered on days 1 to 5 of the treatment cycle but it is not clear if the infusion duration was a total of 5 days. The study had methodological problems and only results from shortly after induction therapy were available. At the moment there is no evidence showing that the use of a different cisplatin infusion duration prevents hearing loss or adversely affects tumour response and adverse effects. No data were available for the other outcomes of interest (i.e. tinnitus, overall survival, event-free survival and quality of life) or for other (combinations of) infusion durations or other platinum analogues. We need more high quality research before definite conclusions can be made about the usefulness of different platinum infusion durations to prevent hearing loss in children with cancer.</P>
</SUMMARY_BODY>
  </SUMMARY>
  <ABSTRACT TRANSLATED="NO">
    <ABS_BACKGROUND>
<P>Platinum-based therapy, including cisplatin, carboplatin or oxaliplatin, or a combination of these, is used to treat a variety of paediatric malignancies. Unfortunately, one of the most important adverse effects is the occurrence of hearing loss or ototoxicity. In an effort to prevent this ototoxicity, different platinum infusion durations have been studied.</P>
</ABS_BACKGROUND>
    <ABS_OBJECTIVES>
<P>To assess the effects of different durations of platinum infusion to prevent hearing loss or tinnitus, or both, in children with cancer. Secondary objectives were to assess possible effects of these infusion durations on: a) anti-tumour efficacy of platinum-based therapy, b) adverse effects other than hearing loss or tinnitus, and c) quality of life.</P>
</ABS_OBJECTIVES>
    <ABS_SEARCH_STRATEGY>
<P>We searched the electronic databases Cochrane Central Register of Controlled Trials (CENTRAL 2013, Issue 12), MEDLINE (PubMed) (1945 to 4 December 2013) and EMBASE (Ovid) (1980 to 4 December 2013). In addition, we handsearched reference lists of relevant articles and the conference proceedings of the International Society for Paediatric Oncology (2009 to 2013). We scanned ClinicalTrials.gov (www.clinicaltrials.gov) and the World Health Organization International Clinical Trials Registry Platform (WHO ICTRP) (http://www.who.int/ictrp/en/) for ongoing trials (both searched on 13 December 2013).</P>
</ABS_SEARCH_STRATEGY>
    <ABS_SELECTION_CRITERIA>
<P>Randomised controlled trials (RCTs) or controlled clinical trials (CCTs) comparing different platinum infusion durations in children with cancer. Only the platinum infusion duration could differ between the treatment groups.</P>
</ABS_SELECTION_CRITERIA>
    <ABS_DATA_COLLECTION>
<P>Two review authors independently performed the study selection, risk of bias assessment and GRADE assessment of included studies, and data extraction including adverse effects. Analyses were performed according to the guidelines of the <I>Cochrane Handbook for Systematic Reviews of Interventions</I>.</P>
</ABS_DATA_COLLECTION>
    <ABS_RESULTS>
<P>We identified one RCT and no CCTs. The RCT (total number of children = 91) evaluated the use of a continuous cisplatin infusion (N = 43) versus a one hour bolus cisplatin infusion (N = 48) in children with neuroblastoma. For the continuous infusion, cisplatin was administered on days 1 to 5 of the cycle but it is unclear if the infusion duration was a total of 5 days. Methodological limitations were present. Only results from shortly after induction therapy were provided. No clear evidence of a difference in hearing loss (defined as asymptomatic and symptomatic disease combined) between the different infusion durations was identified as results were imprecise (RR 1.39; 95% CI 0.47 to 4.13, low quality evidence). Although the numbers of children were not provided, it was stated that tumour response was equivalent in both treatment arms. With regard to adverse effects other than ototoxicity we were only able to assess toxic deaths. Again, the confidence interval of the estimated effect was too wide to exclude differences between the treatment groups (RR 1.12; 95% CI 0.07 to 17.31, low quality evidence). No data were available for the other outcomes of interest (i.e. tinnitus, overall survival, event-free survival and quality of life) or for other (combinations of) infusion durations or other platinum analogues.</P>
</ABS_RESULTS>
    <ABS_CONCLUSIONS>
<P>Since only one eligible RCT evaluating the use of a continuous cisplatin infusion versus a one hour bolus cisplatin infusion was found, and that had methodological limitations, no definitive conclusions can be made. It should be noted that 'no evidence of effect', as identified in this review, is not the same as 'evidence of no effect'. For other (combinations of) infusion durations and other platinum analogues no eligible studies were identified. More high quality research is needed.</P>
</ABS_CONCLUSIONS>
  </ABSTRACT>
</DOC>
